{
"type": "FeatureCollection",
"name": "Drainage_Jaipur2011_W77",
"crs": { "type": "name", "properties": { "name": "urn:ogc:def:crs:OGC:1.3:CRS84" } },
"features": [
{ "type": "Feature", "properties": { "OBJECTID": 1.0, "LAYER": "Stream", "STREAM_ID": 2381, "IN_FLOW": 226.0, "OUT_FLOW": 1022.0, "DRAIN_AREA": "0.82 sq km", "STRAHLER": 1, "Shape_Leng": 0.0011636849561100001 }, "geometry": { "type": "MultiLineString", "coordinates": [ [ [ 75.758296591914245, 27.019931358045767 ], [ 75.758296591914245, 27.020200852487392 ], [ 75.758296591914245, 27.021095043001878 ] ] ] } },
{ "type": "Feature", "properties": { "OBJECTID": 2.0, "LAYER": "Stream", "STREAM_ID": 2486, "IN_FLOW": 2734.0, "OUT_FLOW": 3462.0, "DRAIN_AREA": "2.778 sq km", "STRAHLER": 3, "Shape_Leng": 0.0074726585530099999 }, "geometry": { "type": "MultiLineString", "coordinates": [ [ [ 75.741048938657627, 27.015619444281981 ], [ 75.742665906206639, 27.017236411830993 ], [ 75.742126917323446, 27.017775400714243 ], [ 75.742126917323446, 27.018314390496755 ], [ 75.742396411765071, 27.01858388493838 ], [ 75.742665906206639, 27.01858388493838 ], [ 75.743204895089889, 27.01912287382163 ], [ 75.743204895089889, 27.021009335812266 ], [ 75.742935400648264, 27.021278830253891 ], [ 75.742935400648264, 27.021483068988516 ] ] ] } },
{ "type": "Feature", "properties": { "OBJECTID": 3.0, "LAYER": "Stream", "STREAM_ID": 2491, "IN_FLOW": 862.0, "OUT_FLOW": 1310.0, "DRAIN_AREA": "1.051 sq km", "STRAHLER": 2, "Shape_Leng": 0.0033972293897400001 }, "geometry": { "type": "MultiLineString", "coordinates": [ [ [ 75.750750743951755, 27.018853379380005 ], [ 75.750750743951755, 27.01912287382163 ], [ 75.750750743951755, 27.019392368263254 ], [ 75.749672765285936, 27.020470346929017 ], [ 75.749672765285936, 27.021278830253891 ], [ 75.749942259727561, 27.021548324695459 ], [ 75.749942259727561, 27.021692467133676 ] ] ] } },
{ "type": "Feature", "properties": { "OBJECTID": 4.0, "LAYER": "Stream", "STREAM_ID": 2563, "IN_FLOW": 205.0, "OUT_FLOW": 374.0, "DRAIN_AREA": "0.3001 sq km", "STRAHLER": 1, "Shape_Leng": 0.0027121381049 }, "geometry": { "type": "MultiLineString", "coordinates": [ [ [ 75.768614933732238, 27.017583453913346 ], [ 75.768537386091566, 27.017505906272618 ], [ 75.768537386091566, 27.016966917389368 ], [ 75.768537386091566, 27.016697422947743 ], [ 75.767728902766692, 27.015888938723606 ], [ 75.767728902766692, 27.015619444281981 ], [ 75.767459408325067, 27.015349949840356 ] ] ] } },
{ "type": "Feature", "properties": { "OBJECTID": 5.0, "LAYER": "Stream", "STREAM_ID": 2570, "IN_FLOW": 203.0, "OUT_FLOW": 317.0, "DRAIN_AREA": "0.2544 sq km", "STRAHLER": 1, "Shape_Leng": 0.0061250514720900002 }, "geometry": { "type": "MultiLineString", "coordinates": [ [ [ 75.746977819970482, 27.015619444281981 ], [ 75.747247314412107, 27.015888938723606 ], [ 75.747247314412107, 27.016158433165231 ], [ 75.747516808853675, 27.016427927606799 ], [ 75.7477863032953, 27.016427927606799 ], [ 75.748325292178549, 27.016427927606799 ], [ 75.748594786620174, 27.016697422947743 ], [ 75.748864281961119, 27.016966917389368 ], [ 75.749403270844311, 27.016966917389368 ], [ 75.749672765285936, 27.016697422947743 ], [ 75.750211754169186, 27.017236411830993 ], [ 75.750211754169186, 27.017505906272618 ], [ 75.750211754169186, 27.018314390496755 ], [ 75.750750743951755, 27.018853379380005 ] ] ] } },
{ "type": "Feature", "properties": { "OBJECTID": 6.0, "LAYER": "Stream", "STREAM_ID": 2571, "IN_FLOW": 427.0, "OUT_FLOW": 542.0, "DRAIN_AREA": "0.4349 sq km", "STRAHLER": 1, "Shape_Leng": 0.0044426951418200002 }, "geometry": { "type": "MultiLineString", "coordinates": [ [ [ 75.752098217059142, 27.015349949840356 ], [ 75.751828721718198, 27.015619444281981 ], [ 75.751828721718198, 27.016427927606799 ], [ 75.752098217059142, 27.016697422947743 ], [ 75.752098217059142, 27.016966917389368 ], [ 75.751828721718198, 27.017236411830993 ], [ 75.751289732834948, 27.017775400714243 ], [ 75.751020238393323, 27.017775400714243 ], [ 75.750750743951755, 27.018044895155811 ], [ 75.750750743951755, 27.01858388493838 ], [ 75.750750743951755, 27.018853379380005 ] ] ] } },
{ "type": "Feature", "properties": { "OBJECTID": 7.0, "LAYER": "Stream", "STREAM_ID": 2577, "IN_FLOW": 227.0, "OUT_FLOW": 333.0, "DRAIN_AREA": "0.2672 sq km", "STRAHLER": 1, "Shape_Leng": 0.0018868768125499999 }, "geometry": { "type": "MultiLineString", "coordinates": [ [ [ 75.73562605819609, 27.017538894304607 ], [ 75.735659047127399, 27.017505906272618 ], [ 75.735659047127399, 27.017236411830993 ], [ 75.735928541568967, 27.016966917389368 ], [ 75.735928541568967, 27.016427927606799 ], [ 75.736198036010592, 27.016158433165231 ], [ 75.736467530452217, 27.016158433165231 ] ] ] } },
{ "type": "Feature", "properties": { "OBJECTID": 8.0, "LAYER": "Stream", "STREAM_ID": 2630, "IN_FLOW": 215.0, "OUT_FLOW": 254.0, "DRAIN_AREA": "0.2038 sq km", "STRAHLER": 1, "Shape_Leng": 0.0023329750014700001 }, "geometry": { "type": "MultiLineString", "coordinates": [ [ [ 75.73458106846158, 27.016158433165231 ], [ 75.73512005734483, 27.016158433165231 ], [ 75.735389552685774, 27.016158433165231 ], [ 75.735659047127399, 27.015888938723606 ], [ 75.735928541568967, 27.015619444281981 ], [ 75.736198036010592, 27.015888938723606 ], [ 75.736467530452217, 27.016158433165231 ] ] ] } },
{ "type": "Feature", "properties": { "OBJECTID": 9.0, "LAYER": "Stream", "STREAM_ID": 2631, "IN_FLOW": 590.0, "OUT_FLOW": 687.0, "DRAIN_AREA": "0.551 sq km", "STRAHLER": 2, "Shape_Leng": 0.0033647161035299999 }, "geometry": { "type": "MultiLineString", "coordinates": [ [ [ 75.736467530452217, 27.016158433165231 ], [ 75.737276014676411, 27.016158433165231 ], [ 75.737545509118036, 27.015888938723606 ], [ 75.737815003559604, 27.015888938723606 ], [ 75.739162476667047, 27.014541465616219 ] ] ] } },
{ "type": "Feature", "properties": { "OBJECTID": 10.0, "LAYER": "Stream", "STREAM_ID": 2650, "IN_FLOW": 1381.0, "OUT_FLOW": 1434.0, "DRAIN_AREA": "1.151 sq km", "STRAHLER": 2, "Shape_Leng": 0.0023329753738899998 }, "geometry": { "type": "MultiLineString", "coordinates": [ [ [ 75.739162476667047, 27.014541465616219 ], [ 75.739431971108615, 27.014541465616219 ], [ 75.73970146555024, 27.014541465616219 ], [ 75.740509949774435, 27.015349949840356 ], [ 75.740779444216059, 27.015349949840356 ], [ 75.741048938657627, 27.015619444281981 ] ] ] } },
{ "type": "Feature", "properties": { "OBJECTID": 11.0, "LAYER": "Stream", "STREAM_ID": 2651, "IN_FLOW": 893.0, "OUT_FLOW": 1187.0, "DRAIN_AREA": "0.953 sq km", "STRAHLER": 2, "Shape_Leng": 0.00580931973014 }, "geometry": { "type": "MultiLineString", "coordinates": [ [ [ 75.741048938657627, 27.011307530518195 ], [ 75.740779444216059, 27.011577025859083 ], [ 75.740509949774435, 27.011577025859083 ], [ 75.74024045533281, 27.011846520300708 ], [ 75.73970146555024, 27.012385509183957 ], [ 75.73970146555024, 27.012655003625582 ], [ 75.73970146555024, 27.012924498067207 ], [ 75.74024045533281, 27.01346348784972 ], [ 75.741318433099252, 27.014541465616219 ], [ 75.741318433099252, 27.015080455398731 ], [ 75.741318433099252, 27.015349949840356 ], [ 75.741048938657627, 27.015619444281981 ] ] ] } },
{ "type": "Feature", "properties": { "OBJECTID": 12.0, "LAYER": "Stream", "STREAM_ID": 2652, "IN_FLOW": 206.0, "OUT_FLOW": 417.0, "DRAIN_AREA": "0.3346 sq km", "STRAHLER": 1, "Shape_Leng": 0.00388455313324 }, "geometry": { "type": "MultiLineString", "coordinates": [ [ [ 75.76368648344453, 27.015080455398731 ], [ 75.763955978785475, 27.015080455398731 ], [ 75.764225473227043, 27.015080455398731 ], [ 75.76611193521768, 27.015080455398731 ], [ 75.766381429659305, 27.015349949840356 ], [ 75.767459408325067, 27.015349949840356 ] ] ] } },
{ "type": "Feature", "properties": { "OBJECTID": 13.0, "LAYER": "Stream", "STREAM_ID": 2653, "IN_FLOW": 798.0, "OUT_FLOW": 1661.0, "DRAIN_AREA": "1.333 sq km", "STRAHLER": 2, "Shape_Leng": 0.0125658376474 }, "geometry": { "type": "MultiLineString", "coordinates": [ [ [ 75.767459408325067, 27.015349949840356 ], [ 75.767728902766692, 27.015080455398731 ], [ 75.767998397208316, 27.014810960057787 ], [ 75.768537386091566, 27.014271971174594 ], [ 75.769615364757328, 27.014271971174594 ], [ 75.769884859198953, 27.014002476732969 ], [ 75.770962837864715, 27.014002476732969 ], [ 75.77177132118959, 27.013193993408095 ], [ 75.77177132118959, 27.012924498067207 ], [ 75.772040815631215, 27.012655003625582 ], [ 75.772310310972102, 27.012655003625582 ], [ 75.773118794296977, 27.012655003625582 ], [ 75.773388288738602, 27.012924498067207 ], [ 75.773657783180226, 27.012924498067207 ], [ 75.774196772962739, 27.01346348784972 ], [ 75.774735761845989, 27.01346348784972 ], [ 75.775005256287614, 27.01346348784972 ], [ 75.775813740511751, 27.01346348784972 ], [ 75.776622223836625, 27.012655003625582 ], [ 75.777700202502388, 27.012655003625582 ], [ 75.777969696944012, 27.012385509183957 ] ] ] } },
{ "type": "Feature", "properties": { "OBJECTID": 14.0, "LAYER": "Stream", "STREAM_ID": 2679, "IN_FLOW": 316.0, "OUT_FLOW": 691.0, "DRAIN_AREA": "0.555 sq km", "STRAHLER": 1, "Shape_Leng": 0.00764954378462 }, "geometry": { "type": "MultiLineString", "coordinates": [ [ [ 75.738084498001228, 27.009151574085934 ], [ 75.738353992442853, 27.009421068527558 ], [ 75.738623487783798, 27.009690562969183 ], [ 75.738084498001228, 27.010229552751696 ], [ 75.738084498001228, 27.010499047193321 ], [ 75.738084498001228, 27.01103803607657 ], [ 75.738084498001228, 27.011307530518195 ], [ 75.737006520234786, 27.012385509183957 ], [ 75.737545509118036, 27.012924498067207 ], [ 75.737545509118036, 27.013732982291344 ], [ 75.738084498001228, 27.014271971174594 ], [ 75.738892982225423, 27.014271971174594 ], [ 75.739162476667047, 27.014541465616219 ] ] ] } },
{ "type": "Feature", "properties": { "OBJECTID": 15.0, "LAYER": "Stream", "STREAM_ID": 2691, "IN_FLOW": 3401.0, "OUT_FLOW": 3530.0, "DRAIN_AREA": "2.833 sq km", "STRAHLER": 3, "Shape_Leng": 0.00334237728955 }, "geometry": { "type": "MultiLineString", "coordinates": [ [ [ 75.779856158934649, 27.011307530518195 ], [ 75.780395147817899, 27.011846520300708 ], [ 75.780395147817899, 27.012116014742332 ], [ 75.781203632042036, 27.012924498067207 ], [ 75.781742620925286, 27.012924498067207 ], [ 75.782281609808479, 27.012924498067207 ], [ 75.782344747612058, 27.012987635870729 ] ] ] } },
{ "type": "Feature", "properties": { "OBJECTID": 16.0, "LAYER": "Stream", "STREAM_ID": 2696, "IN_FLOW": 215.0, "OUT_FLOW": 232.0, "DRAIN_AREA": "0.1862 sq km", "STRAHLER": 1, "Shape_Leng": 0.0015244920490699999 }, "geometry": { "type": "MultiLineString", "coordinates": [ [ [ 75.779047675609775, 27.01346348784972 ], [ 75.777969696944012, 27.012385509183957 ] ] ] } },
{ "type": "Feature", "properties": { "OBJECTID": 17.0, "LAYER": "Stream", "STREAM_ID": 2718, "IN_FLOW": 1899.0, "OUT_FLOW": 1953.0, "DRAIN_AREA": "1.567 sq km", "STRAHLER": 2, "Shape_Leng": 0.0025562318793499999 }, "geometry": { "type": "MultiLineString", "coordinates": [ [ [ 75.777969696944012, 27.012385509183957 ], [ 75.778508685827262, 27.011846520300708 ], [ 75.779317170051399, 27.01103803607657 ], [ 75.779586664493024, 27.01103803607657 ], [ 75.779856158934649, 27.011307530518195 ] ] ] } },
{ "type": "Feature", "properties": { "OBJECTID": 18.0, "LAYER": "Stream", "STREAM_ID": 2733, "IN_FLOW": 245.0, "OUT_FLOW": 847.0, "DRAIN_AREA": "0.68 sq km", "STRAHLER": 1, "Shape_Leng": 0.0033377657488300001 }, "geometry": { "type": "MultiLineString", "coordinates": [ [ [ 75.790366447553595, 27.002683703889886 ], [ 75.79009695311197, 27.002953198331511 ], [ 75.789827458670345, 27.002953198331511 ], [ 75.789288469787095, 27.003492188114024 ], [ 75.789288469787095, 27.004839661221467 ], [ 75.789288469787095, 27.005109155663035 ], [ 75.789506212741571, 27.005326898617511 ] ] ] } },
{ "type": "Feature", "properties": { "OBJECTID": 19.0, "LAYER": "Stream", "STREAM_ID": 2734, "IN_FLOW": 202.0, "OUT_FLOW": 690.0, "DRAIN_AREA": "0.554 sq km", "STRAHLER": 1, "Shape_Leng": 0.0038397791971000001 }, "geometry": { "type": "MultiLineString", "coordinates": [ [ [ 75.793869877093186, 27.003222693672399 ], [ 75.793869877093186, 27.003492188114024 ], [ 75.793600382651618, 27.003761682555648 ], [ 75.793600382651618, 27.004031176997273 ], [ 75.793600382651618, 27.005109155663035 ], [ 75.793330888209994, 27.00537865010466 ], [ 75.793061393768369, 27.00537865010466 ], [ 75.792791899326744, 27.005648144546285 ], [ 75.792522404885119, 27.00591763898791 ], [ 75.792522404885119, 27.006187133429535 ], [ 75.792522404885119, 27.006346465417096 ] ] ] } },
{ "type": "Feature", "properties": { "OBJECTID": 20.0, "LAYER": "Stream", "STREAM_ID": 2735, "IN_FLOW": 226.0, "OUT_FLOW": 1194.0, "DRAIN_AREA": "0.958 sq km", "STRAHLER": 1, "Shape_Leng": 0.0024139610266 }, "geometry": { "type": "MultiLineString", "coordinates": [ [ [ 75.850463740409339, 27.001605726123387 ], [ 75.851002729292588, 27.002144715006636 ], [ 75.851272223734213, 27.002414209448261 ], [ 75.851272223734213, 27.002683703889886 ], [ 75.851541718175838, 27.002953198331511 ], [ 75.851811213516726, 27.003222693672399 ], [ 75.851811213516726, 27.003461545513971 ] ] ] } },
{ "type": "Feature", "properties": { "OBJECTID": 21.0, "LAYER": "Stream", "STREAM_ID": 2745, "IN_FLOW": 204.0, "OUT_FLOW": 325.0, "DRAIN_AREA": "0.2608 sq km", "STRAHLER": 1, "Shape_Leng": 0.0048238180995200004 }, "geometry": { "type": "MultiLineString", "coordinates": [ [ [ 75.744013379314083, 27.009421068527558 ], [ 75.743474389531514, 27.009421068527558 ], [ 75.743204895089889, 27.009690562969183 ], [ 75.743204895089889, 27.009960058310071 ], [ 75.742935400648264, 27.010229552751696 ], [ 75.742665906206639, 27.010229552751696 ], [ 75.742396411765071, 27.009960058310071 ], [ 75.742126917323446, 27.009690562969183 ], [ 75.741857421982502, 27.009960058310071 ], [ 75.741587927540877, 27.010229552751696 ], [ 75.741587927540877, 27.01103803607657 ], [ 75.741318433099252, 27.011307530518195 ], [ 75.741048938657627, 27.011307530518195 ] ] ] } },
{ "type": "Feature", "properties": { "OBJECTID": 22.0, "LAYER": "Stream", "STREAM_ID": 2759, "IN_FLOW": 509.0, "OUT_FLOW": 563.0, "DRAIN_AREA": "0.4518 sq km", "STRAHLER": 2, "Shape_Leng": 0.0022675846849299999 }, "geometry": { "type": "MultiLineString", "coordinates": [ [ [ 75.740779444216059, 27.009151574085934 ], [ 75.740779444216059, 27.010229552751696 ], [ 75.740779444216059, 27.01103803607657 ], [ 75.741048938657627, 27.011307530518195 ] ] ] } },
{ "type": "Feature", "properties": { "OBJECTID": 23.0, "LAYER": "Stream", "STREAM_ID": 2760, "IN_FLOW": 1255.0, "OUT_FLOW": 1443.0, "DRAIN_AREA": "1.158 sq km", "STRAHLER": 2, "Shape_Leng": 0.00590179433082 }, "geometry": { "type": "MultiLineString", "coordinates": [ [ [ 75.779047675609775, 27.006187133429535 ], [ 75.779047675609775, 27.006726123212047 ], [ 75.779317170051399, 27.006995617653672 ], [ 75.779317170051399, 27.007534606536922 ], [ 75.780125653376274, 27.008343090761059 ], [ 75.780125653376274, 27.009690562969183 ], [ 75.780395147817899, 27.009960058310071 ], [ 75.780395147817899, 27.010499047193321 ], [ 75.780125653376274, 27.010768541634945 ], [ 75.780125653376274, 27.01103803607657 ], [ 75.779856158934649, 27.011307530518195 ] ] ] } },
{ "type": "Feature", "properties": { "OBJECTID": 24.0, "LAYER": "Stream", "STREAM_ID": 2769, "IN_FLOW": 245.0, "OUT_FLOW": 254.0, "DRAIN_AREA": "0.2038 sq km", "STRAHLER": 1, "Shape_Leng": 0.0010779786657599999 }, "geometry": { "type": "MultiLineString", "coordinates": [ [ [ 75.75802709747262, 27.010768541634945 ], [ 75.75802709747262, 27.010499047193321 ], [ 75.75802709747262, 27.010229552751696 ], [ 75.75802709747262, 27.009960058310071 ], [ 75.75802709747262, 27.009690562969183 ] ] ] } },
{ "type": "Feature", "properties": { "OBJECTID": 25.0, "LAYER": "Stream", "STREAM_ID": 2770, "IN_FLOW": 205.0, "OUT_FLOW": 784.0, "DRAIN_AREA": "0.629 sq km", "STRAHLER": 1, "Shape_Leng": 0.0018351955852 }, "geometry": { "type": "MultiLineString", "coordinates": [ [ [ 75.854506158832237, 27.003222693672399 ], [ 75.854775653273862, 27.003222693672399 ], [ 75.855045148614749, 27.003492188114024 ], [ 75.855314643056374, 27.003492188114024 ], [ 75.855584137497999, 27.003761682555648 ], [ 75.855853631939624, 27.004031176997273 ], [ 75.855853631939624, 27.004184014980353 ] ] ] } },
{ "type": "Feature", "properties": { "OBJECTID": 26.0, "LAYER": "Stream", "STREAM_ID": 2788, "IN_FLOW": 201.0, "OUT_FLOW": 261.0, "DRAIN_AREA": "0.2094 sq km", "STRAHLER": 1, "Shape_Leng": 0.0029182039919499999 }, "geometry": { "type": "MultiLineString", "coordinates": [ [ [ 75.755332151257846, 27.009690562969183 ], [ 75.755601646598791, 27.009690562969183 ], [ 75.755871141040359, 27.009960058310071 ], [ 75.756140635481984, 27.009960058310071 ], [ 75.756410129923609, 27.009960058310071 ], [ 75.756679624365233, 27.009690562969183 ], [ 75.756949118806858, 27.009690562969183 ], [ 75.757218614147803, 27.009690562969183 ], [ 75.757488108589371, 27.009690562969183 ], [ 75.75802709747262, 27.009690562969183 ] ] ] } },
{ "type": "Feature", "properties": { "OBJECTID": 27.0, "LAYER": "Stream", "STREAM_ID": 2794, "IN_FLOW": 521.0, "OUT_FLOW": 629.0, "DRAIN_AREA": "0.505 sq km", "STRAHLER": 2, "Shape_Leng": 0.00401533323945 }, "geometry": { "type": "MultiLineString", "coordinates": [ [ [ 75.75802709747262, 27.009690562969183 ], [ 75.758835581696815, 27.008882079644309 ], [ 75.759913559463257, 27.008882079644309 ], [ 75.760722043687451, 27.008073596319491 ], [ 75.760722043687451, 27.007804100978547 ], [ 75.760991538129019, 27.007534606536922 ] ] ] } },
{ "type": "Feature", "properties": { "OBJECTID": 28.0, "LAYER": "Stream", "STREAM_ID": 2807, "IN_FLOW": 284.0, "OUT_FLOW": 297.0, "DRAIN_AREA": "0.2383 sq km", "STRAHLER": 1, "Shape_Leng": 0.0018402240544200001 }, "geometry": { "type": "MultiLineString", "coordinates": [ [ [ 75.760991538129019, 27.009151574085934 ], [ 75.761261032570644, 27.008882079644309 ], [ 75.761261032570644, 27.008612585202684 ], [ 75.761261032570644, 27.008343090761059 ], [ 75.761261032570644, 27.007804100978547 ], [ 75.760991538129019, 27.007534606536922 ] ] ] } },
{ "type": "Feature", "properties": { "OBJECTID": 29.0, "LAYER": "Stream", "STREAM_ID": 2809, "IN_FLOW": 205.0, "OUT_FLOW": 212.0, "DRAIN_AREA": "0.1701 sq km", "STRAHLER": 1, "Shape_Leng": 0.00092011157758000004 }, "geometry": { "type": "MultiLineString", "coordinates": [ [ [ 75.740509949774435, 27.008343090761059 ], [ 75.740509949774435, 27.008882079644309 ], [ 75.740779444216059, 27.009151574085934 ] ] ] } },
{ "type": "Feature", "properties": { "OBJECTID": 30.0, "LAYER": "Stream", "STREAM_ID": 2810, "IN_FLOW": 216.0, "OUT_FLOW": 294.0, "DRAIN_AREA": "0.2359 sq km", "STRAHLER": 1, "Shape_Leng": 0.0024446036266300001 }, "geometry": { "type": "MultiLineString", "coordinates": [ [ [ 75.742126917323446, 27.007265112095297 ], [ 75.741857421982502, 27.007534606536922 ], [ 75.741318433099252, 27.008073596319491 ], [ 75.741318433099252, 27.008343090761059 ], [ 75.741048938657627, 27.008612585202684 ], [ 75.741048938657627, 27.008882079644309 ], [ 75.740779444216059, 27.009151574085934 ] ] ] } },
{ "type": "Feature", "properties": { "OBJECTID": 31.0, "LAYER": "Stream", "STREAM_ID": 2820, "IN_FLOW": 202.0, "OUT_FLOW": 340.0, "DRAIN_AREA": "0.2728 sq km", "STRAHLER": 1, "Shape_Leng": 0.0034109540397099999 }, "geometry": { "type": "MultiLineString", "coordinates": [ [ [ 75.767728902766692, 27.008612585202684 ], [ 75.767728902766692, 27.007804100978547 ], [ 75.767728902766692, 27.006995617653672 ], [ 75.766920418542554, 27.006187133429535 ], [ 75.766920418542554, 27.00591763898791 ], [ 75.766650924100929, 27.005648144546285 ] ] ] } },
{ "type": "Feature", "properties": { "OBJECTID": 32.0, "LAYER": "Stream", "STREAM_ID": 2842, "IN_FLOW": 210.0, "OUT_FLOW": 249.0, "DRAIN_AREA": "0.1998 sq km", "STRAHLER": 1, "Shape_Leng": 0.00215595643226 }, "geometry": { "type": "MultiLineString", "coordinates": [ [ [ 75.76611193521768, 27.007804100978547 ], [ 75.76611193521768, 27.007265112095297 ], [ 75.76611193521768, 27.005648144546285 ] ] ] } },
{ "type": "Feature", "properties": { "OBJECTID": 33.0, "LAYER": "Stream", "STREAM_ID": 2849, "IN_FLOW": 929.0, "OUT_FLOW": 1276.0, "DRAIN_AREA": "1.024 sq km", "STRAHLER": 2, "Shape_Leng": 0.0060134232194000003 }, "geometry": { "type": "MultiLineString", "coordinates": [ [ [ 75.760991538129019, 27.007534606536922 ], [ 75.760991538129019, 27.006726123212047 ], [ 75.761261032570644, 27.006456628770479 ], [ 75.761530527012269, 27.006456628770479 ], [ 75.762608505678031, 27.006456628770479 ], [ 75.762878000119656, 27.006456628770479 ], [ 75.763955978785475, 27.00537865010466 ], [ 75.763955978785475, 27.005109155663035 ], [ 75.764225473227043, 27.004839661221467 ], [ 75.764494967668668, 27.004570165880523 ], [ 75.764764462110293, 27.004570165880523 ], [ 75.765033956551918, 27.004300671438898 ] ] ] } },
{ "type": "Feature", "properties": { "OBJECTID": 34.0, "LAYER": "Stream", "STREAM_ID": 2861, "IN_FLOW": 201.0, "OUT_FLOW": 895.0, "DRAIN_AREA": "0.718 sq km", "STRAHLER": 1, "Shape_Leng": 0.0043806016308399996 }, "geometry": { "type": "MultiLineString", "coordinates": [ [ [ 75.807774883404193, 27.001336231681819 ], [ 75.807075111926906, 27.001336231681819 ], [ 75.806536123043713, 27.001336231681819 ], [ 75.806266628602089, 27.001605726123387 ], [ 75.805727638819519, 27.001605726123387 ], [ 75.805458144377894, 27.001875220565012 ], [ 75.805458144377894, 27.002683703889886 ], [ 75.805458144377894, 27.002953198331511 ], [ 75.805188649936326, 27.003222693672399 ], [ 75.805188649936326, 27.003492188114024 ], [ 75.805188649936326, 27.003604198674907 ] ] ] } },
{ "type": "Feature", "properties": { "OBJECTID": 35.0, "LAYER": "Stream", "STREAM_ID": 2883, "IN_FLOW": 201.0, "OUT_FLOW": 940.0, "DRAIN_AREA": "0.754 sq km", "STRAHLER": 1, "Shape_Leng": 0.014694707097600001 }, "geometry": { "type": "MultiLineString", "coordinates": [ [ [ 75.748864281961119, 27.006456628770479 ], [ 75.749133776402743, 27.006187133429535 ], [ 75.749403270844311, 27.00591763898791 ], [ 75.749403270844311, 27.005648144546285 ], [ 75.749403270844311, 27.00537865010466 ], [ 75.749672765285936, 27.005109155663035 ], [ 75.749672765285936, 27.004839661221467 ], [ 75.749942259727561, 27.004570165880523 ], [ 75.750211754169186, 27.004300671438898 ], [ 75.750211754169186, 27.004031176997273 ], [ 75.750481249510131, 27.003761682555648 ], [ 75.750750743951755, 27.003492188114024 ], [ 75.750750743951755, 27.003222693672399 ], [ 75.750750743951755, 27.002953198331511 ], [ 75.750750743951755, 27.002414209448261 ], [ 75.751020238393323, 27.002144715006636 ], [ 75.751020238393323, 27.001066736340874 ], [ 75.749942259727561, 26.999988758574375 ], [ 75.749942259727561, 26.999449768791862 ], [ 75.749403270844311, 26.998910779908613 ], [ 75.749403270844311, 26.998371791025363 ], [ 75.748325292178549, 26.997293812359601 ], [ 75.747516808853675, 26.997293812359601 ], [ 75.746977819970482, 26.997832801242851 ], [ 75.746438830187913, 26.997832801242851 ], [ 75.745630346863095, 26.997024317917976 ], [ 75.745630346863095, 26.996754823476351 ] ] ] } },
{ "type": "Feature", "properties": { "OBJECTID": 36.0, "LAYER": "Stream", "STREAM_ID": 2890, "IN_FLOW": 202.0, "OUT_FLOW": 254.0, "DRAIN_AREA": "0.2038 sq km", "STRAHLER": 1, "Shape_Leng": 0.0023329747380699999 }, "geometry": { "type": "MultiLineString", "coordinates": [ [ [ 75.768537386091566, 27.006187133429535 ], [ 75.767998397208316, 27.005648144546285 ], [ 75.767459408325067, 27.005648144546285 ], [ 75.767189912984179, 27.00537865010466 ], [ 75.766920418542554, 27.005648144546285 ], [ 75.766650924100929, 27.005648144546285 ] ] ] } },
{ "type": "Feature", "properties": { "OBJECTID": 37.0, "LAYER": "Stream", "STREAM_ID": 2891, "IN_FLOW": 200.0, "OUT_FLOW": 483.0, "DRAIN_AREA": "0.3876 sq km", "STRAHLER": 1, "Shape_Leng": 0.0094932920125100004 }, "geometry": { "type": "MultiLineString", "coordinates": [ [ [ 75.798720779740222, 27.000797241899249 ], [ 75.798720779740222, 27.001066736340874 ], [ 75.797373306632835, 27.002414209448261 ], [ 75.79710381219121, 27.002683703889886 ], [ 75.79710381219121, 27.002953198331511 ], [ 75.79710381219121, 27.003761682555648 ], [ 75.79710381219121, 27.004031176997273 ], [ 75.79710381219121, 27.004570165880523 ], [ 75.79710381219121, 27.004839661221467 ], [ 75.797373306632835, 27.005109155663035 ], [ 75.79764280197378, 27.005109155663035 ], [ 75.798451285298654, 27.005109155663035 ], [ 75.798720779740222, 27.00537865010466 ], [ 75.800337747289291, 27.00537865010466 ], [ 75.801273893875134, 27.00631479669056 ] ] ] } },
{ "type": "Feature", "properties": { "OBJECTID": 38.0, "LAYER": "Stream", "STREAM_ID": 2892, "IN_FLOW": 246.0, "OUT_FLOW": 351.0, "DRAIN_AREA": "0.2817 sq km", "STRAHLER": 1, "Shape_Leng": 0.0030174476394499998 }, "geometry": { "type": "MultiLineString", "coordinates": [ [ [ 75.801146231513428, 27.003761682555648 ], [ 75.800876736172484, 27.004031176997273 ], [ 75.801415725955053, 27.004570165880523 ], [ 75.801415725955053, 27.004839661221467 ], [ 75.801685220396678, 27.005109155663035 ], [ 75.801685220396678, 27.006187133429535 ], [ 75.801582348746479, 27.006290005079734 ] ] ] } },
{ "type": "Feature", "properties": { "OBJECTID": 39.0, "LAYER": "Stream", "STREAM_ID": 2898, "IN_FLOW": 936.0, "OUT_FLOW": 936.0, "DRAIN_AREA": "0.751 sq km", "STRAHLER": 2, "Shape_Leng": 0.00026949444162499998 }, "geometry": { "type": "MultiLineString", "coordinates": [ [ [ 75.779047675609775, 27.00591763898791 ], [ 75.779047675609775, 27.006187133429535 ] ] ] } },
{ "type": "Feature", "properties": { "OBJECTID": 40.0, "LAYER": "Stream", "STREAM_ID": 2899, "IN_FLOW": 204.0, "OUT_FLOW": 316.0, "DRAIN_AREA": "0.2536 sq km", "STRAHLER": 1, "Shape_Leng": 0.0038574661512600001 }, "geometry": { "type": "MultiLineString", "coordinates": [ [ [ 75.782012115366911, 27.004031176997273 ], [ 75.781473126483661, 27.004570165880523 ], [ 75.780395147817899, 27.005648144546285 ], [ 75.779586664493024, 27.005648144546285 ], [ 75.779047675609775, 27.006187133429535 ] ] ] } },
{ "type": "Feature", "properties": { "OBJECTID": 41.0, "LAYER": "Stream", "STREAM_ID": 2901, "IN_FLOW": 859.0, "OUT_FLOW": 880.0, "DRAIN_AREA": "0.706 sq km", "STRAHLER": 2, "Shape_Leng": 0.0017939864906899999 }, "geometry": { "type": "MultiLineString", "coordinates": [ [ [ 75.76611193521768, 27.005648144546285 ], [ 75.765842440776055, 27.00537865010466 ], [ 75.765033956551918, 27.004570165880523 ], [ 75.765033956551918, 27.004300671438898 ] ] ] } },
{ "type": "Feature", "properties": { "OBJECTID": 42.0, "LAYER": "Stream", "STREAM_ID": 2902, "IN_FLOW": 599.0, "OUT_FLOW": 605.0, "DRAIN_AREA": "0.4855 sq km", "STRAHLER": 2, "Shape_Leng": 0.00053898888324999995 }, "geometry": { "type": "MultiLineString", "coordinates": [ [ [ 75.766650924100929, 27.005648144546285 ], [ 75.76611193521768, 27.005648144546285 ] ] ] } },
{ "type": "Feature", "properties": { "OBJECTID": 43.0, "LAYER": "Stream", "STREAM_ID": 2903, "IN_FLOW": 240.0, "OUT_FLOW": 450.0, "DRAIN_AREA": "0.3611 sq km", "STRAHLER": 1, "Shape_Leng": 0.0023329753739400002 }, "geometry": { "type": "MultiLineString", "coordinates": [ [ [ 75.777161212719875, 27.00537865010466 ], [ 75.777430708060763, 27.005109155663035 ], [ 75.777700202502388, 27.005109155663035 ], [ 75.778239191385637, 27.005109155663035 ], [ 75.779047675609775, 27.00591763898791 ] ] ] } },
{ "type": "Feature", "properties": { "OBJECTID": 44.0, "LAYER": "Stream", "STREAM_ID": 2904, "IN_FLOW": 243.0, "OUT_FLOW": 483.0, "DRAIN_AREA": "0.3876 sq km", "STRAHLER": 1, "Shape_Leng": 0.0087929103323599999 }, "geometry": { "type": "MultiLineString", "coordinates": [ [ [ 75.782012115366911, 26.999719264132807 ], [ 75.781742620925286, 26.999988758574375 ], [ 75.780664642259467, 27.001066736340874 ], [ 75.780395147817899, 27.001066736340874 ], [ 75.779856158934649, 27.001605726123387 ], [ 75.779856158934649, 27.001875220565012 ], [ 75.779317170051399, 27.002414209448261 ], [ 75.779586664493024, 27.002683703889886 ], [ 75.779856158934649, 27.002953198331511 ], [ 75.780395147817899, 27.003492188114024 ], [ 75.780395147817899, 27.003761682555648 ], [ 75.780125653376274, 27.004031176997273 ], [ 75.779586664493024, 27.004031176997273 ], [ 75.779047675609775, 27.004570165880523 ], [ 75.779047675609775, 27.00591763898791 ] ] ] } },
{ "type": "Feature", "properties": { "OBJECTID": 45.0, "LAYER": "Stream", "STREAM_ID": 2931, "IN_FLOW": 2160.0, "OUT_FLOW": 2571.0, "DRAIN_AREA": "2.063 sq km", "STRAHLER": 3, "Shape_Leng": 0.0070451633130900002 }, "geometry": { "type": "MultiLineString", "coordinates": [ [ [ 75.765033956551918, 27.004300671438898 ], [ 75.765033956551918, 27.004031176997273 ], [ 75.765303450993542, 27.003761682555648 ], [ 75.765303450993542, 27.002683703889886 ], [ 75.765303450993542, 27.002414209448261 ], [ 75.765303450993542, 27.001875220565012 ], [ 75.764225473227043, 27.000797241899249 ], [ 75.764225473227043, 27.000258253016 ], [ 75.76368648344453, 26.999719264132807 ], [ 75.76368648344453, 26.999449768791862 ], [ 75.763147494561281, 26.998910779908613 ], [ 75.763147494561281, 26.998641285466988 ], [ 75.762878000119656, 26.998371791025363 ] ] ] } },
{ "type": "Feature", "properties": { "OBJECTID": 46.0, "LAYER": "Stream", "STREAM_ID": 2947, "IN_FLOW": 200.0, "OUT_FLOW": 230.0, "DRAIN_AREA": "0.1846 sq km", "STRAHLER": 1, "Shape_Leng": 0.00195185267962 }, "geometry": { "type": "MultiLineString", "coordinates": [ [ [ 75.757757603030996, 27.003222693672399 ], [ 75.757488108589371, 27.002953198331511 ], [ 75.757488108589371, 27.002144715006636 ], [ 75.756949118806858, 27.001605726123387 ] ] ] } },
{ "type": "Feature", "properties": { "OBJECTID": 47.0, "LAYER": "Stream", "STREAM_ID": 2948, "IN_FLOW": 200.0, "OUT_FLOW": 226.0, "DRAIN_AREA": "0.1814 sq km", "STRAHLER": 1, "Shape_Leng": 0.0019056147434 }, "geometry": { "type": "MultiLineString", "coordinates": [ [ [ 75.77177132118959, 27.003222693672399 ], [ 75.770423848082203, 27.001875220565012 ] ] ] } },
{ "type": "Feature", "properties": { "OBJECTID": 48.0, "LAYER": "Stream", "STREAM_ID": 2955, "IN_FLOW": 220.0, "OUT_FLOW": 245.0, "DRAIN_AREA": "0.1966 sq km", "STRAHLER": 1, "Shape_Leng": 0.0015244907773199999 }, "geometry": { "type": "MultiLineString", "coordinates": [ [ [ 75.755871141040359, 27.002683703889886 ], [ 75.756949118806858, 27.001605726123387 ] ] ] } },
{ "type": "Feature", "properties": { "OBJECTID": 49.0, "LAYER": "Stream", "STREAM_ID": 2968, "IN_FLOW": 205.0, "OUT_FLOW": 1037.0, "DRAIN_AREA": "0.832 sq km", "STRAHLER": 1, "Shape_Leng": 0.0141828040337 }, "geometry": { "type": "MultiLineString", "coordinates": [ [ [ 75.778239191385637, 26.994059877261577 ], [ 75.777969696944012, 26.993790382819952 ], [ 75.777700202502388, 26.993790382819952 ], [ 75.777430708060763, 26.994059877261577 ], [ 75.777430708060763, 26.994598867044147 ], [ 75.777430708060763, 26.996215833693839 ], [ 75.777700202502388, 26.996485329034783 ], [ 75.777700202502388, 26.997024317917976 ], [ 75.777161212719875, 26.997563306801226 ], [ 75.777161212719875, 26.998102296583795 ], [ 75.777430708060763, 26.998371791025363 ], [ 75.777430708060763, 26.998910779908613 ], [ 75.777430708060763, 26.999180274350238 ], [ 75.776352729395001, 27.000258253016 ], [ 75.776352729395001, 27.000527747457625 ], [ 75.776352729395001, 27.000797241899249 ], [ 75.776622223836625, 27.001066736340874 ], [ 75.776622223836625, 27.001336231681819 ], [ 75.776622223836625, 27.001605726123387 ], [ 75.776083234953376, 27.002144715006636 ], [ 75.775813740511751, 27.002144715006636 ], [ 75.775005256287614, 27.002144715006636 ], [ 75.774735761845989, 27.001875220565012 ], [ 75.773927277621794, 27.001875220565012 ], [ 75.773657783180226, 27.001605726123387 ], [ 75.773388288738602, 27.001605726123387 ], [ 75.773118794296977, 27.001336231681819 ], [ 75.772579805413727, 27.001336231681819 ] ] ] } },
{ "type": "Feature", "properties": { "OBJECTID": 50.0, "LAYER": "Stream", "STREAM_ID": 2973, "IN_FLOW": 1585.0, "OUT_FLOW": 2033.0, "DRAIN_AREA": "1.631 sq km", "STRAHLER": 2, "Shape_Leng": 0.0056976905781699998 }, "geometry": { "type": "MultiLineString", "coordinates": [ [ [ 75.770423848082203, 27.001875220565012 ], [ 75.769615364757328, 27.001875220565012 ], [ 75.769076375874079, 27.001875220565012 ], [ 75.768537386091566, 27.001336231681819 ], [ 75.767998397208316, 27.001336231681819 ], [ 75.765842440776055, 26.999180274350238 ] ] ] } },
{ "type": "Feature", "properties": { "OBJECTID": 51.0, "LAYER": "Stream", "STREAM_ID": 2974, "IN_FLOW": 1323.0, "OUT_FLOW": 1356.0, "DRAIN_AREA": "1.088 sq km", "STRAHLER": 2, "Shape_Leng": 0.0023792135735100002 }, "geometry": { "type": "MultiLineString", "coordinates": [ [ [ 75.772579805413727, 27.001336231681819 ], [ 75.772040815631215, 27.001875220565012 ], [ 75.770423848082203, 27.001875220565012 ] ] ] } },
{ "type": "Feature", "properties": { "OBJECTID": 52.0, "LAYER": "Stream", "STREAM_ID": 2979, "IN_FLOW": 478.0, "OUT_FLOW": 673.0, "DRAIN_AREA": "0.54 sq km", "STRAHLER": 2, "Shape_Leng": 0.00325308848666 }, "geometry": { "type": "MultiLineString", "coordinates": [ [ [ 75.756949118806858, 27.001605726123387 ], [ 75.756949118806858, 27.001336231681819 ], [ 75.757488108589371, 27.000797241899249 ], [ 75.757488108589371, 27.000258253016 ], [ 75.757488108589371, 26.999988758574375 ], [ 75.757757603030996, 26.999719264132807 ], [ 75.757218614147803, 26.999180274350238 ], [ 75.756949118806858, 26.999180274350238 ] ] ] } },
{ "type": "Feature", "properties": { "OBJECTID": 53.0, "LAYER": "Stream", "STREAM_ID": 2987, "IN_FLOW": 230.0, "OUT_FLOW": 252.0, "DRAIN_AREA": "0.2022 sq km", "STRAHLER": 1, "Shape_Leng": 0.00161696754901 }, "geometry": { "type": "MultiLineString", "coordinates": [ [ [ 75.772579805413727, 26.999719264132807 ], [ 75.772579805413727, 27.001336231681819 ] ] ] } },
{ "type": "Feature", "properties": { "OBJECTID": 54.0, "LAYER": "Stream", "STREAM_ID": 2993, "IN_FLOW": 210.0, "OUT_FLOW": 447.0, "DRAIN_AREA": "0.3587 sq km", "STRAHLER": 1, "Shape_Leng": 0.0048988997598200003 }, "geometry": { "type": "MultiLineString", "coordinates": [ [ [ 75.74536085242147, 27.000797241899249 ], [ 75.745091357080526, 27.000527747457625 ], [ 75.745091357080526, 27.000258253016 ], [ 75.745091357080526, 26.999988758574375 ], [ 75.744896828326034, 26.999794229819884 ] ], [ [ 75.74485167156746, 26.999689455204248 ], [ 75.745091357080526, 26.999449768791862 ], [ 75.745091357080526, 26.999180274350238 ], [ 75.744821862638901, 26.998910779908613 ], [ 75.744821862638901, 26.998641285466988 ], [ 75.744552368197276, 26.998371791025363 ], [ 75.744552368197276, 26.998102296583795 ], [ 75.745091357080526, 26.997563306801226 ], [ 75.745091357080526, 26.997293812359601 ], [ 75.745630346863095, 26.996754823476351 ] ] ] } },
{ "type": "Feature", "properties": { "OBJECTID": 55.0, "LAYER": "Stream", "STREAM_ID": 3006, "IN_FLOW": 2030.0, "OUT_FLOW": 2469.0, "DRAIN_AREA": "1.981 sq km", "STRAHLER": 2, "Shape_Leng": 0.0035627286462799998 }, "geometry": { "type": "MultiLineString", "coordinates": [ [ [ 75.869481920454348, 26.99744737159898 ], [ 75.869328361214968, 26.997293812359601 ], [ 75.869328361214968, 26.996485329034783 ], [ 75.869058866773344, 26.996215833693839 ], [ 75.869058866773344, 26.994059877261577 ] ] ] } },
{ "type": "Feature", "properties": { "OBJECTID": 56.0, "LAYER": "Stream", "STREAM_ID": 3013, "IN_FLOW": 275.0, "OUT_FLOW": 311.0, "DRAIN_AREA": "0.2496 sq km", "STRAHLER": 1, "Shape_Leng": 0.0022213471212400001 }, "geometry": { "type": "MultiLineString", "coordinates": [ [ [ 75.754254173491347, 26.999988758574375 ], [ 75.754523667932972, 26.999719264132807 ], [ 75.755332151257846, 26.999719264132807 ], [ 75.755601646598791, 26.999449768791862 ], [ 75.755601646598791, 26.999180274350238 ], [ 75.755871141040359, 26.998910779908613 ] ] ] } },
{ "type": "Feature", "properties": { "OBJECTID": 57.0, "LAYER": "Stream", "STREAM_ID": 3022, "IN_FLOW": 6595.0, "OUT_FLOW": 6618.0, "DRAIN_AREA": "5.311 sq km", "STRAHLER": 3, "Shape_Leng": 0.0014128625246099999 }, "geometry": { "type": "MultiLineString", "coordinates": [ [ [ 75.756949118806858, 26.999180274350238 ], [ 75.756679624365233, 26.999449768791862 ], [ 75.756410129923609, 26.999449768791862 ], [ 75.755871141040359, 26.998910779908613 ] ] ] } },
{ "type": "Feature", "properties": { "OBJECTID": 58.0, "LAYER": "Stream", "STREAM_ID": 3027, "IN_FLOW": 2279.0, "OUT_FLOW": 2330.0, "DRAIN_AREA": "1.87 sq km", "STRAHLER": 2, "Shape_Leng": 0.0032993248877200001 }, "geometry": { "type": "MultiLineString", "coordinates": [ [ [ 75.765842440776055, 26.999180274350238 ], [ 75.765303450993542, 26.998641285466988 ], [ 75.765033956551918, 26.998641285466988 ], [ 75.763955978785475, 26.998641285466988 ], [ 75.76368648344453, 26.998371791025363 ], [ 75.762878000119656, 26.998371791025363 ] ] ] } },
{ "type": "Feature", "properties": { "OBJECTID": 59.0, "LAYER": "Stream", "STREAM_ID": 3034, "IN_FLOW": 6934.0, "OUT_FLOW": 7721.0, "DRAIN_AREA": "6.196 sq km", "STRAHLER": 3, "Shape_Leng": 0.0171393110967 }, "geometry": { "type": "MultiLineString", "coordinates": [ [ [ 75.755871141040359, 26.998910779908613 ], [ 75.755601646598791, 26.998641285466988 ], [ 75.755601646598791, 26.997832801242851 ], [ 75.755601646598791, 26.997563306801226 ], [ 75.755332151257846, 26.997293812359601 ], [ 75.755062656816222, 26.997024317917976 ], [ 75.755062656816222, 26.996754823476351 ], [ 75.75344568926721, 26.995137855927339 ], [ 75.751828721718198, 26.995137855927339 ], [ 75.751289732834948, 26.994598867044147 ], [ 75.751020238393323, 26.994598867044147 ], [ 75.750750743951755, 26.994598867044147 ], [ 75.750481249510131, 26.994598867044147 ], [ 75.748325292178549, 26.992442909712565 ], [ 75.7477863032953, 26.992442909712565 ], [ 75.747516808853675, 26.99217341527094 ], [ 75.747247314412107, 26.99217341527094 ], [ 75.746438830187913, 26.991364931946123 ], [ 75.746438830187913, 26.990556447721929 ], [ 75.745899841304663, 26.990017458838679 ], [ 75.745899841304663, 26.989747964397111 ], [ 75.74536085242147, 26.989208974614542 ], [ 75.74536085242147, 26.988400491289667 ], [ 75.745091357080526, 26.988130996848099 ] ] ] } },
{ "type": "Feature", "properties": { "OBJECTID": 60.0, "LAYER": "Stream", "STREAM_ID": 3035, "IN_FLOW": 5868.0, "OUT_FLOW": 5915.0, "DRAIN_AREA": "4.747 sq km", "STRAHLER": 3, "Shape_Leng": 0.0025562318793499999 }, "geometry": { "type": "MultiLineString", "coordinates": [ [ [ 75.75856608635587, 26.997293812359601 ], [ 75.758296591914245, 26.997563306801226 ], [ 75.758296591914245, 26.997832801242851 ], [ 75.756949118806858, 26.999180274350238 ] ] ] } },
{ "type": "Feature", "properties": { "OBJECTID": 61.0, "LAYER": "Stream", "STREAM_ID": 3036, "IN_FLOW": 201.0, "OUT_FLOW": 241.0, "DRAIN_AREA": "0.1934 sq km", "STRAHLER": 1, "Shape_Leng": 0.0035879717096400001 }, "geometry": { "type": "MultiLineString", "coordinates": [ [ [ 75.768537386091566, 26.997024317917976 ], [ 75.768267891649941, 26.997024317917976 ], [ 75.767189912984179, 26.998102296583795 ], [ 75.766381429659305, 26.998910779908613 ], [ 75.76611193521768, 26.998910779908613 ], [ 75.765842440776055, 26.999180274350238 ] ] ] } },
{ "type": "Feature", "properties": { "OBJECTID": 62.0, "LAYER": "Stream", "STREAM_ID": 3037, "IN_FLOW": 226.0, "OUT_FLOW": 359.0, "DRAIN_AREA": "0.2881 sq km", "STRAHLER": 1, "Shape_Leng": 0.0050532554520500003 }, "geometry": { "type": "MultiLineString", "coordinates": [ [ [ 75.866629044294996, 26.998106667288937 ], [ 75.866633415000138, 26.998102296583795 ], [ 75.866633415000138, 26.997832801242851 ], [ 75.866633415000138, 26.997563306801226 ], [ 75.866633415000138, 26.997293812359601 ], [ 75.866633415000138, 26.997024317917976 ], [ 75.866633415000138, 26.996754823476351 ], [ 75.866633415000138, 26.996485329034783 ], [ 75.869058866773344, 26.994059877261577 ] ] ] } },
{ "type": "Feature", "properties": { "OBJECTID": 63.0, "LAYER": "Stream", "STREAM_ID": 3046, "IN_FLOW": 210.0, "OUT_FLOW": 329.0, "DRAIN_AREA": "0.264 sq km", "STRAHLER": 1, "Shape_Leng": 0.0037458385344 }, "geometry": { "type": "MultiLineString", "coordinates": [ [ [ 75.858279082813453, 26.998641285466988 ], [ 75.858009588371885, 26.998371791025363 ], [ 75.857470599488636, 26.997832801242851 ], [ 75.857470599488636, 26.997563306801226 ], [ 75.857201105047011, 26.997293812359601 ], [ 75.857201105047011, 26.997024317917976 ], [ 75.857201105047011, 26.996754823476351 ], [ 75.856931610605386, 26.996485329034783 ], [ 75.856662116163761, 26.996215833693839 ], [ 75.856662116163761, 26.995946339252214 ], [ 75.856392620822874, 26.995676844810589 ] ] ] } },
{ "type": "Feature", "properties": { "OBJECTID": 64.0, "LAYER": "Stream", "STREAM_ID": 3050, "IN_FLOW": 5525.0, "OUT_FLOW": 5604.0, "DRAIN_AREA": "4.497 sq km", "STRAHLER": 3, "Shape_Leng": 0.0044889327054700003 }, "geometry": { "type": "MultiLineString", "coordinates": [ [ [ 75.762608505678031, 26.998371791025363 ], [ 75.761800021453894, 26.997563306801226 ], [ 75.760722043687451, 26.997563306801226 ], [ 75.760452549245827, 26.997293812359601 ], [ 75.75856608635587, 26.997293812359601 ] ] ] } },
{ "type": "Feature", "properties": { "OBJECTID": 65.0, "LAYER": "Stream", "STREAM_ID": 3051, "IN_FLOW": 4904.0, "OUT_FLOW": 4904.0, "DRAIN_AREA": "3.935 sq km", "STRAHLER": 3, "Shape_Leng": 0.00026949444162499998 }, "geometry": { "type": "MultiLineString", "coordinates": [ [ [ 75.762878000119656, 26.998371791025363 ], [ 75.762608505678031, 26.998371791025363 ] ] ] } },
{ "type": "Feature", "properties": { "OBJECTID": 66.0, "LAYER": "Stream", "STREAM_ID": 3054, "IN_FLOW": 202.0, "OUT_FLOW": 614.0, "DRAIN_AREA": "0.4927 sq km", "STRAHLER": 1, "Shape_Leng": 0.0065524130019099999 }, "geometry": { "type": "MultiLineString", "coordinates": [ [ [ 75.765842440776055, 26.993790382819952 ], [ 75.765033956551918, 26.993790382819952 ], [ 75.764225473227043, 26.994598867044147 ], [ 75.764225473227043, 26.995407350368964 ], [ 75.763955978785475, 26.995676844810589 ], [ 75.763955978785475, 26.996485329034783 ], [ 75.76368648344453, 26.996754823476351 ], [ 75.76368648344453, 26.997563306801226 ], [ 75.763416989002906, 26.997832801242851 ], [ 75.763147494561281, 26.997832801242851 ], [ 75.762608505678031, 26.998371791025363 ] ] ] } },
{ "type": "Feature", "properties": { "OBJECTID": 67.0, "LAYER": "Stream", "STREAM_ID": 3076, "IN_FLOW": 214.0, "OUT_FLOW": 870.0, "DRAIN_AREA": "0.698 sq km", "STRAHLER": 1, "Shape_Leng": 0.00048530613388299997 }, "geometry": { "type": "MultiLineString", "coordinates": [ [ [ 75.74021321217009, 26.99031419644308 ], [ 75.74024045533281, 26.990286953280304 ], [ 75.74024045533281, 26.990017458838679 ], [ 75.740115096134843, 26.989892100540033 ] ] ] } },
{ "type": "Feature", "properties": { "OBJECTID": 68.0, "LAYER": "Stream", "STREAM_ID": 3077, "IN_FLOW": 203.0, "OUT_FLOW": 254.0, "DRAIN_AREA": "0.2038 sq km", "STRAHLER": 1, "Shape_Leng": 0.0026024704514699998 }, "geometry": { "type": "MultiLineString", "coordinates": [ [ [ 75.760452549245827, 26.995946339252214 ], [ 75.760183053904882, 26.996215833693839 ], [ 75.759644065021632, 26.996754823476351 ], [ 75.758835581696815, 26.996754823476351 ], [ 75.75856608635587, 26.997024317917976 ], [ 75.75856608635587, 26.997293812359601 ] ] ] } },
{ "type": "Feature", "properties": { "OBJECTID": 69.0, "LAYER": "Stream", "STREAM_ID": 3078, "IN_FLOW": 5522.0, "OUT_FLOW": 6627.0, "DRAIN_AREA": "5.318 sq km", "STRAHLER": 3, "Shape_Leng": 0.010543473025 }, "geometry": { "type": "MultiLineString", "coordinates": [ [ [ 75.812348255267807, 26.994598867044147 ], [ 75.812195509015567, 26.994598867044147 ], [ 75.811387025690749, 26.993790382819952 ], [ 75.811117531249124, 26.993790382819952 ], [ 75.81084803590818, 26.993520888378328 ], [ 75.809770058141737, 26.993520888378328 ], [ 75.809500563700112, 26.993520888378328 ], [ 75.808692079475918, 26.993520888378328 ], [ 75.80842258503435, 26.99325139393676 ], [ 75.808153090592725, 26.99325139393676 ], [ 75.8078835961511, 26.993520888378328 ], [ 75.806266628602089, 26.993520888378328 ], [ 75.805188649936326, 26.992442909712565 ], [ 75.804380166611452, 26.992442909712565 ], [ 75.804110671270507, 26.99271240415419 ], [ 75.803032693504065, 26.99271240415419 ] ] ] } },
{ "type": "Feature", "properties": { "OBJECTID": 70.0, "LAYER": "Stream", "STREAM_ID": 3084, "IN_FLOW": 1392.0, "OUT_FLOW": 1922.0, "DRAIN_AREA": "1.542 sq km", "STRAHLER": 2, "Shape_Leng": 0.011618638188399999 }, "geometry": { "type": "MultiLineString", "coordinates": [ [ [ 75.745630346863095, 26.996754823476351 ], [ 75.745899841304663, 26.996485329034783 ], [ 75.745899841304663, 26.995407350368964 ], [ 75.745091357080526, 26.994598867044147 ], [ 75.744821862638901, 26.994598867044147 ], [ 75.744552368197276, 26.994329371703202 ], [ 75.744013379314083, 26.993790382819952 ], [ 75.743743884872458, 26.993790382819952 ], [ 75.743474389531514, 26.993520888378328 ], [ 75.742935400648264, 26.992981899495135 ], [ 75.742935400648264, 26.99217341527094 ], [ 75.744552368197276, 26.990556447721929 ], [ 75.744552368197276, 26.990286953280304 ], [ 75.744013379314083, 26.989747964397111 ], [ 75.744552368197276, 26.989208974614542 ], [ 75.744552368197276, 26.988939480172917 ], [ 75.745091357080526, 26.988400491289667 ], [ 75.745091357080526, 26.988130996848099 ] ] ] } },
{ "type": "Feature", "properties": { "OBJECTID": 71.0, "LAYER": "Stream", "STREAM_ID": 3085, "IN_FLOW": 237.0, "OUT_FLOW": 254.0, "DRAIN_AREA": "0.2038 sq km", "STRAHLER": 1, "Shape_Leng": 0.0011896069184700001 }, "geometry": { "type": "MultiLineString", "coordinates": [ [ [ 75.856123126381249, 26.996754823476351 ], [ 75.856123126381249, 26.996485329034783 ], [ 75.856123126381249, 26.995946339252214 ], [ 75.856392620822874, 26.995676844810589 ] ] ] } },
{ "type": "Feature", "properties": { "OBJECTID": 72.0, "LAYER": "Stream", "STREAM_ID": 3093, "IN_FLOW": 282.0, "OUT_FLOW": 901.0, "DRAIN_AREA": "0.723 sq km", "STRAHLER": 1, "Shape_Leng": 0.0093319019134699994 }, "geometry": { "type": "MultiLineString", "coordinates": [ [ [ 75.842648397105904, 26.994868361485771 ], [ 75.842917891547529, 26.994868361485771 ], [ 75.843187386888474, 26.994868361485771 ], [ 75.843456881330042, 26.995137855927339 ], [ 75.843726375771666, 26.995407350368964 ], [ 75.843995870213291, 26.995676844810589 ], [ 75.844265364654916, 26.995946339252214 ], [ 75.844534859096541, 26.995946339252214 ], [ 75.844804353538166, 26.996215833693839 ], [ 75.845073848879053, 26.996215833693839 ], [ 75.845343343320678, 26.996485329034783 ], [ 75.845882332203928, 26.996485329034783 ], [ 75.846151826645553, 26.996215833693839 ], [ 75.846421321087178, 26.995946339252214 ], [ 75.846690816428065, 26.995946339252214 ], [ 75.847229805311315, 26.995946339252214 ], [ 75.84749929975294, 26.995676844810589 ], [ 75.847768794194565, 26.995407350368964 ], [ 75.848038288636189, 26.995137855927339 ], [ 75.848038288636189, 26.994868361485771 ], [ 75.848307783977077, 26.994598867044147 ], [ 75.848307783977077, 26.994329371703202 ], [ 75.848307783977077, 26.994059877261577 ], [ 75.848846772860327, 26.993520888378328 ], [ 75.849116267301952, 26.99325139393676 ], [ 75.849385761743576, 26.992981899495135 ] ] ] } },
{ "type": "Feature", "properties": { "OBJECTID": 73.0, "LAYER": "Stream", "STREAM_ID": 3113, "IN_FLOW": 594.0, "OUT_FLOW": 1035.0, "DRAIN_AREA": "0.831 sq km", "STRAHLER": 2, "Shape_Leng": 0.0068219065441900003 }, "geometry": { "type": "MultiLineString", "coordinates": [ [ [ 75.856392620822874, 26.995676844810589 ], [ 75.856123126381249, 26.995407350368964 ], [ 75.856123126381249, 26.995137855927339 ], [ 75.856123126381249, 26.994868361485771 ], [ 75.855853631939624, 26.994598867044147 ], [ 75.855853631939624, 26.994329371703202 ], [ 75.855853631939624, 26.994059877261577 ], [ 75.855853631939624, 26.992981899495135 ], [ 75.855584137497999, 26.99271240415419 ], [ 75.855853631939624, 26.992442909712565 ], [ 75.855584137497999, 26.99217341527094 ], [ 75.855584137497999, 26.991903920829316 ], [ 75.855584137497999, 26.991634426387691 ], [ 75.855584137497999, 26.991364931946123 ], [ 75.855045148614749, 26.990825942163553 ], [ 75.855045148614749, 26.990556447721929 ], [ 75.855045148614749, 26.990286953280304 ], [ 75.854775653273862, 26.990017458838679 ], [ 75.854775653273862, 26.989747964397111 ] ] ] } },
{ "type": "Feature", "properties": { "OBJECTID": 74.0, "LAYER": "Stream", "STREAM_ID": 3117, "IN_FLOW": 200.0, "OUT_FLOW": 559.0, "DRAIN_AREA": "0.4486 sq km", "STRAHLER": 1, "Shape_Leng": 0.0048892068807699996 }, "geometry": { "type": "MultiLineString", "coordinates": [ [ [ 75.789288469787095, 26.994598867044147 ], [ 75.79009695311197, 26.995407350368964 ], [ 75.791174931777732, 26.995407350368964 ], [ 75.793061393768369, 26.993520888378328 ] ] ] } },
{ "type": "Feature", "properties": { "OBJECTID": 75.0, "LAYER": "Stream", "STREAM_ID": 3121, "IN_FLOW": 267.0, "OUT_FLOW": 454.0, "DRAIN_AREA": "0.3643 sq km", "STRAHLER": 1, "Shape_Leng": 0.0074454397685500004 }, "geometry": { "type": "MultiLineString", "coordinates": [ [ [ 75.86636392055857, 26.995137855927339 ], [ 75.866633415000138, 26.994868361485771 ], [ 75.869328361214968, 26.99217341527094 ], [ 75.869597855656593, 26.99217341527094 ], [ 75.869867350098161, 26.991903920829316 ], [ 75.870136844539786, 26.991903920829316 ], [ 75.87094532876398, 26.99271240415419 ], [ 75.871753812088798, 26.99271240415419 ], [ 75.872023307429743, 26.992981899495135 ] ] ] } },
{ "type": "Feature", "properties": { "OBJECTID": 76.0, "LAYER": "Stream", "STREAM_ID": 3126, "IN_FLOW": 4632.0, "OUT_FLOW": 5238.0, "DRAIN_AREA": "4.203 sq km", "STRAHLER": 3, "Shape_Leng": 0.0019596160189799998 }, "geometry": { "type": "MultiLineString", "coordinates": [ [ [ 75.875526736969391, 26.991634426387691 ], [ 75.875526736969391, 26.991903920829316 ], [ 75.875796231411016, 26.99217341527094 ], [ 75.876335220294266, 26.99271240415419 ], [ 75.876604714735834, 26.99271240415419 ], [ 75.87680076604255, 26.992908456360226 ] ] ] } },
{ "type": "Feature", "properties": { "OBJECTID": 77.0, "LAYER": "Stream", "STREAM_ID": 3130, "IN_FLOW": 239.0, "OUT_FLOW": 405.0, "DRAIN_AREA": "0.325 sq km", "STRAHLER": 1, "Shape_Leng": 0.0053165681472299997 }, "geometry": { "type": "MultiLineString", "coordinates": [ [ [ 75.754523667932972, 26.994598867044147 ], [ 75.754254173491347, 26.994329371703202 ], [ 75.754254173491347, 26.992442909712565 ], [ 75.752098217059142, 26.990286953280304 ] ] ] } },
{ "type": "Feature", "properties": { "OBJECTID": 78.0, "LAYER": "Stream", "STREAM_ID": 3137, "IN_FLOW": 202.0, "OUT_FLOW": 204.0, "DRAIN_AREA": "0.1637 sq km", "STRAHLER": 1, "Shape_Leng": 0.00076224538865999995 }, "geometry": { "type": "MultiLineString", "coordinates": [ [ [ 75.793600382651618, 26.994059877261577 ], [ 75.793061393768369, 26.993520888378328 ] ] ] } },
{ "type": "Feature", "properties": { "OBJECTID": 79.0, "LAYER": "Stream", "STREAM_ID": 3138, "IN_FLOW": 232.0, "OUT_FLOW": 400.0, "DRAIN_AREA": "0.321 sq km", "STRAHLER": 1, "Shape_Leng": 0.0047121879390300001 }, "geometry": { "type": "MultiLineString", "coordinates": [ [ [ 75.79710381219121, 26.994059877261577 ], [ 75.796025834424768, 26.992981899495135 ], [ 75.794947855759006, 26.992981899495135 ], [ 75.794678361317381, 26.992981899495135 ], [ 75.794408866875756, 26.992981899495135 ], [ 75.793869877093186, 26.992981899495135 ], [ 75.793330888209994, 26.993520888378328 ], [ 75.793061393768369, 26.993520888378328 ] ] ] } },
{ "type": "Feature", "properties": { "OBJECTID": 80.0, "LAYER": "Stream", "STREAM_ID": 3140, "IN_FLOW": 200.0, "OUT_FLOW": 213.0, "DRAIN_AREA": "0.1709 sq km", "STRAHLER": 1, "Shape_Leng": 0.0015707293493900001 }, "geometry": { "type": "MultiLineString", "coordinates": [ [ [ 75.850194245967714, 26.994059877261577 ], [ 75.850194245967714, 26.993790382819952 ], [ 75.850463740409339, 26.993520888378328 ], [ 75.850463740409339, 26.99325139393676 ], [ 75.850463740409339, 26.992981899495135 ], [ 75.850194245967714, 26.99271240415419 ] ] ] } },
{ "type": "Feature", "properties": { "OBJECTID": 81.0, "LAYER": "Stream", "STREAM_ID": 3141, "IN_FLOW": 2834.0, "OUT_FLOW": 2910.0, "DRAIN_AREA": "2.335 sq km", "STRAHLER": 2, "Shape_Leng": 0.0034109534037900001 }, "geometry": { "type": "MultiLineString", "coordinates": [ [ [ 75.869058866773344, 26.994059877261577 ], [ 75.869328361214968, 26.993790382819952 ], [ 75.869597855656593, 26.993790382819952 ], [ 75.869867350098161, 26.993520888378328 ], [ 75.870675834322356, 26.993520888378328 ], [ 75.87094532876398, 26.993520888378328 ], [ 75.871484317647173, 26.993520888378328 ], [ 75.872023307429743, 26.992981899495135 ] ] ] } },
{ "type": "Feature", "properties": { "OBJECTID": 82.0, "LAYER": "Stream", "STREAM_ID": 3149, "IN_FLOW": 1168.0, "OUT_FLOW": 1385.0, "DRAIN_AREA": "1.111 sq km", "STRAHLER": 2, "Shape_Leng": 0.0068219086062200002 }, "geometry": { "type": "MultiLineString", "coordinates": [ [ [ 75.793061393768369, 26.993520888378328 ], [ 75.792791899326744, 26.99325139393676 ], [ 75.792791899326744, 26.992442909712565 ], [ 75.792522404885119, 26.99217341527094 ], [ 75.791713920660982, 26.991364931946123 ], [ 75.791713920660982, 26.991095436605178 ], [ 75.791713920660982, 26.990556447721929 ], [ 75.792252909544175, 26.990017458838679 ], [ 75.792252909544175, 26.989747964397111 ], [ 75.792252909544175, 26.989478469056166 ], [ 75.792252909544175, 26.988669985731292 ], [ 75.792522404885119, 26.988400491289667 ], [ 75.792522404885119, 26.987861502406474 ], [ 75.792522404885119, 26.98759200706553 ] ] ] } },
{ "type": "Feature", "properties": { "OBJECTID": 83.0, "LAYER": "Stream", "STREAM_ID": 3150, "IN_FLOW": 200.0, "OUT_FLOW": 205.0, "DRAIN_AREA": "0.1645 sq km", "STRAHLER": 1, "Shape_Leng": 0.0011433687188199999 }, "geometry": { "type": "MultiLineString", "coordinates": [ [ [ 75.803841176828882, 26.993520888378328 ], [ 75.803032693504065, 26.99271240415419 ] ] ] } },
{ "type": "Feature", "properties": { "OBJECTID": 84.0, "LAYER": "Stream", "STREAM_ID": 3162, "IN_FLOW": 2898.0, "OUT_FLOW": 3285.0, "DRAIN_AREA": "2.636 sq km", "STRAHLER": 2, "Shape_Leng": 0.0065715660181200003 }, "geometry": { "type": "MultiLineString", "coordinates": [ [ [ 75.844804353538166, 26.988939480172917 ], [ 75.845343343320678, 26.989478469056166 ], [ 75.845612837762303, 26.989478469056166 ], [ 75.845882332203928, 26.989747964397111 ], [ 75.846151826645553, 26.990017458838679 ], [ 75.846421321087178, 26.990017458838679 ], [ 75.846690816428065, 26.990017458838679 ], [ 75.847768794194565, 26.991095436605178 ], [ 75.847768794194565, 26.991364931946123 ], [ 75.848038288636189, 26.991634426387691 ], [ 75.848038288636189, 26.991903920829316 ], [ 75.849116267301952, 26.992981899495135 ], [ 75.849385761743576, 26.992981899495135 ] ] ] } },
{ "type": "Feature", "properties": { "OBJECTID": 85.0, "LAYER": "Stream", "STREAM_ID": 3163, "IN_FLOW": 4194.0, "OUT_FLOW": 4204.0, "DRAIN_AREA": "3.374 sq km", "STRAHLER": 2, "Shape_Leng": 0.00092011311277500002 }, "geometry": { "type": "MultiLineString", "coordinates": [ [ [ 75.849385761743576, 26.992981899495135 ], [ 75.849924751526146, 26.992981899495135 ], [ 75.850194245967714, 26.99271240415419 ] ] ] } },
{ "type": "Feature", "properties": { "OBJECTID": 86.0, "LAYER": "Stream", "STREAM_ID": 3164, "IN_FLOW": 3379.0, "OUT_FLOW": 3428.0, "DRAIN_AREA": "2.751 sq km", "STRAHLER": 2, "Shape_Leng": 0.0023329756373899999 }, "geometry": { "type": "MultiLineString", "coordinates": [ [ [ 75.872023307429743, 26.992981899495135 ], [ 75.873101285196185, 26.991903920829316 ], [ 75.873909769420379, 26.991903920829316 ] ] ] } },
{ "type": "Feature", "properties": { "OBJECTID": 87.0, "LAYER": "Stream", "STREAM_ID": 3165, "IN_FLOW": 6835.0, "OUT_FLOW": 7209.0, "DRAIN_AREA": "5.785 sq km", "STRAHLER": 3, "Shape_Leng": 0.0050933119052700001 }, "geometry": { "type": "MultiLineString", "coordinates": [ [ [ 75.803032693504065, 26.99271240415419 ], [ 75.801954714838303, 26.99271240415419 ], [ 75.801685220396678, 26.992442909712565 ], [ 75.800876736172484, 26.992442909712565 ], [ 75.800068252847666, 26.991634426387691 ], [ 75.799529263964416, 26.991634426387691 ], [ 75.798720779740222, 26.990825942163553 ] ] ] } },
{ "type": "Feature", "properties": { "OBJECTID": 88.0, "LAYER": "Stream", "STREAM_ID": 3166, "IN_FLOW": 4422.0, "OUT_FLOW": 4656.0, "DRAIN_AREA": "3.736 sq km", "STRAHLER": 2, "Shape_Leng": 0.0045543214867999997 }, "geometry": { "type": "MultiLineString", "coordinates": [ [ [ 75.850194245967714, 26.99271240415419 ], [ 75.850463740409339, 26.992442909712565 ], [ 75.850463740409339, 26.99217341527094 ], [ 75.850463740409339, 26.991903920829316 ], [ 75.851002729292588, 26.991364931946123 ], [ 75.851002729292588, 26.991095436605178 ], [ 75.851002729292588, 26.990825942163553 ], [ 75.851272223734213, 26.990556447721929 ], [ 75.851541718175838, 26.990556447721929 ], [ 75.851811213516726, 26.990286953280304 ], [ 75.852080707958351, 26.990286953280304 ], [ 75.852350202399975, 26.990017458838679 ], [ 75.8526196968416, 26.990017458838679 ], [ 75.852889191283225, 26.989747964397111 ] ] ] } },
{ "type": "Feature", "properties": { "OBJECTID": 89.0, "LAYER": "Stream", "STREAM_ID": 3175, "IN_FLOW": 202.0, "OUT_FLOW": 431.0, "DRAIN_AREA": "0.3459 sq km", "STRAHLER": 1, "Shape_Leng": 0.0065524121025799997 }, "geometry": { "type": "MultiLineString", "coordinates": [ [ [ 75.779856158934649, 26.991903920829316 ], [ 75.780125653376274, 26.991634426387691 ], [ 75.780664642259467, 26.991095436605178 ], [ 75.780664642259467, 26.989208974614542 ], [ 75.780664642259467, 26.987861502406474 ], [ 75.781742620925286, 26.986783523740655 ], [ 75.781742620925286, 26.986514029299087 ], [ 75.782012115366911, 26.986244534857462 ] ] ] } },
{ "type": "Feature", "properties": { "OBJECTID": 90.0, "LAYER": "Stream", "STREAM_ID": 3176, "IN_FLOW": 4359.0, "OUT_FLOW": 4396.0, "DRAIN_AREA": "3.528 sq km", "STRAHLER": 3, "Shape_Leng": 0.0019518523070600001 }, "geometry": { "type": "MultiLineString", "coordinates": [ [ [ 75.873909769420379, 26.991903920829316 ], [ 75.874448758303629, 26.991903920829316 ], [ 75.874987747186822, 26.991364931946123 ], [ 75.875257242527766, 26.991364931946123 ], [ 75.875526736969391, 26.991634426387691 ] ] ] } },
{ "type": "Feature", "properties": { "OBJECTID": 91.0, "LAYER": "Stream", "STREAM_ID": 3180, "IN_FLOW": 749.0, "OUT_FLOW": 928.0, "DRAIN_AREA": "0.745 sq km", "STRAHLER": 2, "Shape_Leng": 0.0079190385987000008 }, "geometry": { "type": "MultiLineString", "coordinates": [ [ [ 75.867711393665957, 26.989747964397111 ], [ 75.868250382549149, 26.989208974614542 ], [ 75.868789372331719, 26.989208974614542 ], [ 75.869058866773344, 26.988939480172917 ], [ 75.870136844539786, 26.988939480172917 ], [ 75.870406339880731, 26.989208974614542 ], [ 75.870406339880731, 26.989478469056166 ], [ 75.871214823205605, 26.990286953280304 ], [ 75.872292801871367, 26.991364931946123 ], [ 75.87337077963781, 26.991364931946123 ], [ 75.873909769420379, 26.991903920829316 ] ] ] } },
{ "type": "Feature", "properties": { "OBJECTID": 92.0, "LAYER": "Stream", "STREAM_ID": 3185, "IN_FLOW": 243.0, "OUT_FLOW": 517.0, "DRAIN_AREA": "0.4149 sq km", "STRAHLER": 1, "Shape_Leng": 0.0071838780210200003 }, "geometry": { "type": "MultiLineString", "coordinates": [ [ [ 75.758835581696815, 26.991364931946123 ], [ 75.757488108589371, 26.991364931946123 ], [ 75.756949118806858, 26.990825942163553 ], [ 75.756410129923609, 26.990825942163553 ], [ 75.755871141040359, 26.990286953280304 ], [ 75.75344568926721, 26.990286953280304 ], [ 75.752098217059142, 26.990286953280304 ] ] ] } },
{ "type": "Feature", "properties": { "OBJECTID": 93.0, "LAYER": "Stream", "STREAM_ID": 3188, "IN_FLOW": 211.0, "OUT_FLOW": 482.0, "DRAIN_AREA": "0.3868 sq km", "STRAHLER": 1, "Shape_Leng": 0.0055206716364099998 }, "geometry": { "type": "MultiLineString", "coordinates": [ [ [ 75.863399480801434, 26.991364931946123 ], [ 75.863668975243058, 26.991364931946123 ], [ 75.863938469684683, 26.991364931946123 ], [ 75.864207964126308, 26.991364931946123 ], [ 75.864477458567933, 26.991364931946123 ], [ 75.865016447451126, 26.990825942163553 ], [ 75.865016447451126, 26.990286953280304 ], [ 75.865555437233695, 26.989747964397111 ], [ 75.86582493167532, 26.989747964397111 ], [ 75.866094426116945, 26.990017458838679 ], [ 75.867441899224332, 26.990017458838679 ], [ 75.867711393665957, 26.989747964397111 ] ] ] } },
{ "type": "Feature", "properties": { "OBJECTID": 94.0, "LAYER": "Stream", "STREAM_ID": 3189, "IN_FLOW": 213.0, "OUT_FLOW": 233.0, "DRAIN_AREA": "0.187 sq km", "STRAHLER": 1, "Shape_Leng": 0.00179398675414 }, "geometry": { "type": "MultiLineString", "coordinates": [ [ [ 75.874987747186822, 26.990286953280304 ], [ 75.875257242527766, 26.990556447721929 ], [ 75.875796231411016, 26.991095436605178 ], [ 75.875796231411016, 26.991364931946123 ], [ 75.875526736969391, 26.991634426387691 ] ] ] } },
{ "type": "Feature", "properties": { "OBJECTID": 95.0, "LAYER": "Stream", "STREAM_ID": 3202, "IN_FLOW": 8413.0, "OUT_FLOW": 8413.0, "DRAIN_AREA": "6.751 sq km", "STRAHLER": 3, "Shape_Leng": 0.00038112269429000002 }, "geometry": { "type": "MultiLineString", "coordinates": [ [ [ 75.798720779740222, 26.990825942163553 ], [ 75.798451285298654, 26.990556447721929 ] ] ] } },
{ "type": "Feature", "properties": { "OBJECTID": 96.0, "LAYER": "Stream", "STREAM_ID": 3206, "IN_FLOW": 8730.0, "OUT_FLOW": 8803.0, "DRAIN_AREA": "7.064 sq km", "STRAHLER": 3, "Shape_Leng": 0.0033647161035299999 }, "geometry": { "type": "MultiLineString", "coordinates": [ [ [ 75.798451285298654, 26.990556447721929 ], [ 75.798181790857029, 26.990286953280304 ], [ 75.797912296415404, 26.990017458838679 ], [ 75.797373306632835, 26.990017458838679 ], [ 75.79710381219121, 26.989747964397111 ], [ 75.796834317749642, 26.989747964397111 ], [ 75.796295328866393, 26.989208974614542 ], [ 75.796025834424768, 26.989208974614542 ], [ 75.795756339083823, 26.988939480172917 ] ] ] } },
{ "type": "Feature", "properties": { "OBJECTID": 97.0, "LAYER": "Stream", "STREAM_ID": 3207, "IN_FLOW": 206.0, "OUT_FLOW": 1156.0, "DRAIN_AREA": "0.928 sq km", "STRAHLER": 1, "Shape_Leng": 0.0048428700874799998 }, "geometry": { "type": "MultiLineString", "coordinates": [ [ [ 75.80317133658798, 26.989878814855444 ], [ 75.80276319906244, 26.990286953280304 ], [ 75.801415725955053, 26.990286953280304 ], [ 75.801146231513428, 26.990556447721929 ], [ 75.798990274181847, 26.990556447721929 ], [ 75.798720779740222, 26.990825942163553 ] ] ] } },
{ "type": "Feature", "properties": { "OBJECTID": 98.0, "LAYER": "Stream", "STREAM_ID": 3212, "IN_FLOW": 925.0, "OUT_FLOW": 1222.0, "DRAIN_AREA": "0.981 sq km", "STRAHLER": 2, "Shape_Leng": 0.011507011471 }, "geometry": { "type": "MultiLineString", "coordinates": [ [ [ 75.752098217059142, 26.990286953280304 ], [ 75.751828721718198, 26.990286953280304 ], [ 75.751289732834948, 26.989747964397111 ], [ 75.750481249510131, 26.989747964397111 ], [ 75.750211754169186, 26.989747964397111 ], [ 75.749672765285936, 26.989208974614542 ], [ 75.749672765285936, 26.988939480172917 ], [ 75.749133776402743, 26.988400491289667 ], [ 75.749133776402743, 26.988130996848099 ], [ 75.748594786620174, 26.98759200706553 ], [ 75.748594786620174, 26.987322512623905 ], [ 75.746438830187913, 26.985166556191643 ], [ 75.746169335746288, 26.984897061750075 ], [ 75.745899841304663, 26.984897061750075 ], [ 75.74536085242147, 26.984358071967506 ], [ 75.74536085242147, 26.983819083084256 ], [ 75.744821862638901, 26.983280094201064 ], [ 75.744821862638901, 26.982741104418494 ] ] ] } },
{ "type": "Feature", "properties": { "OBJECTID": 99.0, "LAYER": "Stream", "STREAM_ID": 3213, "IN_FLOW": 237.0, "OUT_FLOW": 311.0, "DRAIN_AREA": "0.2496 sq km", "STRAHLER": 1, "Shape_Leng": 0.0029268600312 }, "geometry": { "type": "MultiLineString", "coordinates": [ [ [ 75.800376564726719, 26.988900663634752 ], [ 75.800337747289291, 26.988939480172917 ], [ 75.799529263964416, 26.988939480172917 ], [ 75.799259768623472, 26.989208974614542 ], [ 75.799259768623472, 26.989747964397111 ], [ 75.798451285298654, 26.990556447721929 ] ] ] } },
{ "type": "Feature", "properties": { "OBJECTID": 100.0, "LAYER": "Stream", "STREAM_ID": 3215, "IN_FLOW": 201.0, "OUT_FLOW": 366.0, "DRAIN_AREA": "0.2937 sq km", "STRAHLER": 1, "Shape_Leng": 0.0036342105450799999 }, "geometry": { "type": "MultiLineString", "coordinates": [ [ [ 75.767998397208316, 26.990017458838679 ], [ 75.767459408325067, 26.990017458838679 ], [ 75.767189912984179, 26.990017458838679 ], [ 75.766920418542554, 26.990017458838679 ], [ 75.765842440776055, 26.988939480172917 ], [ 75.765842440776055, 26.988669985731292 ], [ 75.765303450993542, 26.988130996848099 ] ] ] } },
{ "type": "Feature", "properties": { "OBJECTID": 101.0, "LAYER": "Stream", "STREAM_ID": 3222, "IN_FLOW": 5012.0, "OUT_FLOW": 5033.0, "DRAIN_AREA": "4.039 sq km", "STRAHLER": 2, "Shape_Leng": 0.00210971976788 }, "geometry": { "type": "MultiLineString", "coordinates": [ [ [ 75.852889191283225, 26.989747964397111 ], [ 75.85315868572485, 26.989478469056166 ], [ 75.853428181065738, 26.989478469056166 ], [ 75.853697675507362, 26.989747964397111 ], [ 75.854236664390612, 26.989747964397111 ], [ 75.854506158832237, 26.989747964397111 ], [ 75.854775653273862, 26.989747964397111 ] ] ] } },
{ "type": "Feature", "properties": { "OBJECTID": 102.0, "LAYER": "Stream", "STREAM_ID": 3223, "IN_FLOW": 6073.0, "OUT_FLOW": 6131.0, "DRAIN_AREA": "4.92 sq km", "STRAHLER": 3, "Shape_Leng": 0.0020634809323599999 }, "geometry": { "type": "MultiLineString", "coordinates": [ [ [ 75.854775653273862, 26.989747964397111 ], [ 75.855045148614749, 26.989478469056166 ], [ 75.855584137497999, 26.989478469056166 ], [ 75.855853631939624, 26.989208974614542 ], [ 75.856392620822874, 26.988669985731292 ] ] ] } },
{ "type": "Feature", "properties": { "OBJECTID": 103.0, "LAYER": "Stream", "STREAM_ID": 3230, "IN_FLOW": 238.0, "OUT_FLOW": 351.0, "DRAIN_AREA": "0.2817 sq km", "STRAHLER": 1, "Shape_Leng": 0.0042848283169900003 }, "geometry": { "type": "MultiLineString", "coordinates": [ [ [ 75.849655256185201, 26.98759200706553 ], [ 75.849924751526146, 26.987861502406474 ], [ 75.849924751526146, 26.988130996848099 ], [ 75.850194245967714, 26.988400491289667 ], [ 75.851002729292588, 26.989208974614542 ], [ 75.851272223734213, 26.989478469056166 ], [ 75.851541718175838, 26.989478469056166 ], [ 75.851811213516726, 26.989478469056166 ], [ 75.8526196968416, 26.989478469056166 ], [ 75.852889191283225, 26.989747964397111 ] ] ] } },
{ "type": "Feature", "properties": { "OBJECTID": 104.0, "LAYER": "Stream", "STREAM_ID": 3231, "IN_FLOW": 204.0, "OUT_FLOW": 262.0, "DRAIN_AREA": "0.2102 sq km", "STRAHLER": 1, "Shape_Leng": 0.0036342108085599999 }, "geometry": { "type": "MultiLineString", "coordinates": [ [ [ 75.864746953009558, 26.988669985731292 ], [ 75.865016447451126, 26.988400491289667 ], [ 75.86528594279207, 26.988400491289667 ], [ 75.865555437233695, 26.988669985731292 ], [ 75.86636392055857, 26.989478469056166 ], [ 75.867441899224332, 26.989478469056166 ], [ 75.867711393665957, 26.989747964397111 ] ] ] } },
{ "type": "Feature", "properties": { "OBJECTID": 105.0, "LAYER": "Stream", "STREAM_ID": 3238, "IN_FLOW": 302.0, "OUT_FLOW": 497.0, "DRAIN_AREA": "0.3988 sq km", "STRAHLER": 1, "Shape_Leng": 0.0033879914573899999 }, "geometry": { "type": "MultiLineString", "coordinates": [ [ [ 75.838313207988222, 26.988669985731292 ], [ 75.838336484241438, 26.988669985731292 ], [ 75.838605978683006, 26.988400491289667 ], [ 75.838875473124631, 26.988400491289667 ], [ 75.839144967566256, 26.988400491289667 ], [ 75.839414462007881, 26.988130996848099 ], [ 75.839683956449505, 26.988130996848099 ], [ 75.83995345179045, 26.987861502406474 ], [ 75.840222946232018, 26.987861502406474 ], [ 75.840492440673643, 26.98759200706553 ], [ 75.840761935115268, 26.987322512623905 ], [ 75.841031429556892, 26.98705301818228 ] ] ] } },
{ "type": "Feature", "properties": { "OBJECTID": 106.0, "LAYER": "Stream", "STREAM_ID": 3244, "IN_FLOW": 9222.0, "OUT_FLOW": 9421.0, "DRAIN_AREA": "7.56 sq km", "STRAHLER": 3, "Shape_Leng": 0.0037920760981 }, "geometry": { "type": "MultiLineString", "coordinates": [ [ [ 75.795756339083823, 26.988939480172917 ], [ 75.795486844642198, 26.988669985731292 ], [ 75.79521735020063, 26.988669985731292 ], [ 75.794947855759006, 26.988669985731292 ], [ 75.794678361317381, 26.988669985731292 ], [ 75.794408866875756, 26.988400491289667 ], [ 75.794139371534811, 26.988400491289667 ], [ 75.793869877093186, 26.988130996848099 ], [ 75.793600382651618, 26.988130996848099 ], [ 75.793061393768369, 26.98759200706553 ], [ 75.792522404885119, 26.98759200706553 ] ] ] } },
{ "type": "Feature", "properties": { "OBJECTID": 107.0, "LAYER": "Stream", "STREAM_ID": 3245, "IN_FLOW": 2293.0, "OUT_FLOW": 2505.0, "DRAIN_AREA": "2.01 sq km", "STRAHLER": 2, "Shape_Leng": 0.0048700547639400002 }, "geometry": { "type": "MultiLineString", "coordinates": [ [ [ 75.841031429556892, 26.98705301818228 ], [ 75.841300923998517, 26.98705301818228 ], [ 75.841570419339462, 26.98705301818228 ], [ 75.84183991378103, 26.987322512623905 ], [ 75.842109408222655, 26.98759200706553 ], [ 75.842378902664279, 26.987861502406474 ], [ 75.842378902664279, 26.988400491289667 ], [ 75.842648397105904, 26.988669985731292 ], [ 75.843187386888474, 26.988669985731292 ], [ 75.843456881330042, 26.988939480172917 ], [ 75.843726375771666, 26.988939480172917 ], [ 75.843995870213291, 26.988939480172917 ], [ 75.844804353538166, 26.988939480172917 ] ] ] } },
{ "type": "Feature", "properties": { "OBJECTID": 108.0, "LAYER": "Stream", "STREAM_ID": 3251, "IN_FLOW": 202.0, "OUT_FLOW": 413.0, "DRAIN_AREA": "0.3314 sq km", "STRAHLER": 1, "Shape_Leng": 0.0035229396829700001 }, "geometry": { "type": "MultiLineString", "coordinates": [ [ [ 75.797373306632835, 26.986402043019893 ], [ 75.797373306632835, 26.987861502406474 ], [ 75.79710381219121, 26.988130996848099 ], [ 75.796834317749642, 26.988130996848099 ], [ 75.796564823308017, 26.988400491289667 ], [ 75.796295328866393, 26.988400491289667 ], [ 75.795756339083823, 26.988939480172917 ] ] ] } },
{ "type": "Feature", "properties": { "OBJECTID": 109.0, "LAYER": "Stream", "STREAM_ID": 3252, "IN_FLOW": 207.0, "OUT_FLOW": 369.0, "DRAIN_AREA": "0.2961 sq km", "STRAHLER": 1, "Shape_Leng": 0.0043773031809600004 }, "geometry": { "type": "MultiLineString", "coordinates": [ [ [ 75.843995870213291, 26.984897061750075 ], [ 75.843995870213291, 26.985705545074893 ], [ 75.843995870213291, 26.985975039516518 ], [ 75.843995870213291, 26.986514029299087 ], [ 75.843995870213291, 26.986783523740655 ], [ 75.843995870213291, 26.98705301818228 ], [ 75.844265364654916, 26.987322512623905 ], [ 75.844534859096541, 26.98759200706553 ], [ 75.844534859096541, 26.988400491289667 ], [ 75.844804353538166, 26.988669985731292 ], [ 75.844804353538166, 26.988939480172917 ] ] ] } },
{ "type": "Feature", "properties": { "OBJECTID": 110.0, "LAYER": "Stream", "STREAM_ID": 3253, "IN_FLOW": 8964.0, "OUT_FLOW": 9325.0, "DRAIN_AREA": "7.483 sq km", "STRAHLER": 3, "Shape_Leng": 0.0069335356962200003 }, "geometry": { "type": "MultiLineString", "coordinates": [ [ [ 75.856392620822874, 26.988669985731292 ], [ 75.856662116163761, 26.988400491289667 ], [ 75.856931610605386, 26.988400491289667 ], [ 75.857201105047011, 26.988400491289667 ], [ 75.857740093930261, 26.988400491289667 ], [ 75.858009588371885, 26.988400491289667 ], [ 75.858279082813453, 26.988130996848099 ], [ 75.858818072596023, 26.988130996848099 ], [ 75.859087567037648, 26.987861502406474 ], [ 75.859626555920897, 26.987861502406474 ], [ 75.86070453458666, 26.986783523740655 ], [ 75.86070453458666, 26.985975039516518 ], [ 75.860974029028284, 26.985705545074893 ], [ 75.861243523469909, 26.985705545074893 ], [ 75.861513017911477, 26.985436050633268 ] ] ] } },
{ "type": "Feature", "properties": { "OBJECTID": 111.0, "LAYER": "Stream", "STREAM_ID": 3262, "IN_FLOW": 2489.0, "OUT_FLOW": 2828.0, "DRAIN_AREA": "2.269 sq km", "STRAHLER": 2, "Shape_Leng": 0.0073800484436399999 }, "geometry": { "type": "MultiLineString", "coordinates": [ [ [ 75.852080707958351, 26.983549588642632 ], [ 75.852350202399975, 26.983819083084256 ], [ 75.852350202399975, 26.984088577525881 ], [ 75.852350202399975, 26.984358071967506 ], [ 75.852889191283225, 26.984897061750075 ], [ 75.852889191283225, 26.985705545074893 ], [ 75.853697675507362, 26.986514029299087 ], [ 75.853697675507362, 26.986783523740655 ], [ 75.853967169948987, 26.98705301818228 ], [ 75.854236664390612, 26.987322512623905 ], [ 75.854506158832237, 26.987322512623905 ], [ 75.854775653273862, 26.98759200706553 ], [ 75.855045148614749, 26.98759200706553 ], [ 75.855314643056374, 26.987861502406474 ], [ 75.855584137497999, 26.987861502406474 ], [ 75.856392620822874, 26.988669985731292 ] ] ] } },
{ "type": "Feature", "properties": { "OBJECTID": 112.0, "LAYER": "Stream", "STREAM_ID": 3269, "IN_FLOW": 9648.0, "OUT_FLOW": 10072.0, "DRAIN_AREA": "8.083 sq km", "STRAHLER": 3, "Shape_Leng": 0.0064071381771400003 }, "geometry": { "type": "MultiLineString", "coordinates": [ [ [ 75.745091357080526, 26.988130996848099 ], [ 75.744552368197276, 26.98759200706553 ], [ 75.743743884872458, 26.986783523740655 ], [ 75.743474389531514, 26.986514029299087 ], [ 75.741857421982502, 26.984897061750075 ], [ 75.741857421982502, 26.983819083084256 ], [ 75.741323072701675, 26.983284732904167 ] ] ] } },
{ "type": "Feature", "properties": { "OBJECTID": 113.0, "LAYER": "Stream", "STREAM_ID": 3270, "IN_FLOW": 637.0, "OUT_FLOW": 1142.0, "DRAIN_AREA": "0.916 sq km", "STRAHLER": 2, "Shape_Leng": 0.0118035898242 }, "geometry": { "type": "MultiLineString", "coordinates": [ [ [ 75.765303450993542, 26.988130996848099 ], [ 75.764764462110293, 26.98759200706553 ], [ 75.764764462110293, 26.987322512623905 ], [ 75.764764462110293, 26.98705301818228 ], [ 75.764764462110293, 26.986514029299087 ], [ 75.763955978785475, 26.985705545074893 ], [ 75.762878000119656, 26.985705545074893 ], [ 75.762608505678031, 26.985436050633268 ], [ 75.759913559463257, 26.985436050633268 ], [ 75.759374570580007, 26.985975039516518 ], [ 75.758835581696815, 26.985975039516518 ], [ 75.758296591914245, 26.985436050633268 ], [ 75.758296591914245, 26.984897061750075 ], [ 75.758296591914245, 26.984358071967506 ], [ 75.757218614147803, 26.983280094201064 ] ] ] } },
{ "type": "Feature", "properties": { "OBJECTID": 114.0, "LAYER": "Stream", "STREAM_ID": 3276, "IN_FLOW": 205.0, "OUT_FLOW": 266.0, "DRAIN_AREA": "0.2135 sq km", "STRAHLER": 1, "Shape_Leng": 0.0031414608699399998 }, "geometry": { "type": "MultiLineString", "coordinates": [ [ [ 75.767998397208316, 26.98759200706553 ], [ 75.767189912984179, 26.98759200706553 ], [ 75.766920418542554, 26.987861502406474 ], [ 75.766650924100929, 26.98759200706553 ], [ 75.766381429659305, 26.98759200706553 ], [ 75.76611193521768, 26.987861502406474 ], [ 75.765572946334487, 26.987861502406474 ], [ 75.765303450993542, 26.988130996848099 ] ] ] } },
{ "type": "Feature", "properties": { "OBJECTID": 115.0, "LAYER": "Stream", "STREAM_ID": 3277, "IN_FLOW": 231.0, "OUT_FLOW": 392.0, "DRAIN_AREA": "0.3146 sq km", "STRAHLER": 1, "Shape_Leng": 0.0023329753739700001 }, "geometry": { "type": "MultiLineString", "coordinates": [ [ [ 75.790366447553595, 26.987861502406474 ], [ 75.789827458670345, 26.987322512623905 ], [ 75.789827458670345, 26.986514029299087 ], [ 75.79009695311197, 26.986244534857462 ], [ 75.790366447553595, 26.985975039516518 ] ] ] } },
{ "type": "Feature", "properties": { "OBJECTID": 116.0, "LAYER": "Stream", "STREAM_ID": 3280, "IN_FLOW": 10812.0, "OUT_FLOW": 10845.0, "DRAIN_AREA": "8.703 sq km", "STRAHLER": 3, "Shape_Leng": 0.0011433687188700001 }, "geometry": { "type": "MultiLineString", "coordinates": [ [ [ 75.792522404885119, 26.98759200706553 ], [ 75.792252909544175, 26.987322512623905 ], [ 75.791713920660982, 26.986783523740655 ] ] ] } },
{ "type": "Feature", "properties": { "OBJECTID": 117.0, "LAYER": "Stream", "STREAM_ID": 3300, "IN_FLOW": 11427.0, "OUT_FLOW": 11449.0, "DRAIN_AREA": "9.188 sq km", "STRAHLER": 3, "Shape_Leng": 0.00184022495372 }, "geometry": { "type": "MultiLineString", "coordinates": [ [ [ 75.791713920660982, 26.986783523740655 ], [ 75.791444426219357, 26.986514029299087 ], [ 75.790635941995163, 26.986514029299087 ], [ 75.790366447553595, 26.986244534857462 ], [ 75.790366447553595, 26.985975039516518 ] ] ] } },
{ "type": "Feature", "properties": { "OBJECTID": 118.0, "LAYER": "Stream", "STREAM_ID": 3301, "IN_FLOW": 1432.0, "OUT_FLOW": 1793.0, "DRAIN_AREA": "1.439 sq km", "STRAHLER": 2, "Shape_Leng": 0.0042848276810199997 }, "geometry": { "type": "MultiLineString", "coordinates": [ [ [ 75.838066988900493, 26.984627567308451 ], [ 75.838336484241438, 26.984897061750075 ], [ 75.838336484241438, 26.985166556191643 ], [ 75.838336484241438, 26.985436050633268 ], [ 75.839683956449505, 26.986783523740655 ], [ 75.840222946232018, 26.986783523740655 ], [ 75.840761935115268, 26.986783523740655 ], [ 75.841031429556892, 26.98705301818228 ] ] ] } },
{ "type": "Feature", "properties": { "OBJECTID": 119.0, "LAYER": "Stream", "STREAM_ID": 3303, "IN_FLOW": 200.0, "OUT_FLOW": 200.0, "DRAIN_AREA": "0.1605 sq km", "STRAHLER": 1, "Shape_Leng": 0.00026949444162499998 }, "geometry": { "type": "MultiLineString", "coordinates": [ [ [ 75.782012115366911, 26.986514029299087 ], [ 75.782012115366911, 26.986244534857462 ] ] ] } },
{ "type": "Feature", "properties": { "OBJECTID": 120.0, "LAYER": "Stream", "STREAM_ID": 3304, "IN_FLOW": 204.0, "OUT_FLOW": 574.0, "DRAIN_AREA": "0.4606 sq km", "STRAHLER": 1, "Shape_Leng": 0.0026770077259199998 }, "geometry": { "type": "MultiLineString", "coordinates": [ [ [ 75.793685784071727, 26.985081154771535 ], [ 75.793600382651618, 26.985166556191643 ], [ 75.793330888209994, 26.985166556191643 ], [ 75.793061393768369, 26.985436050633268 ], [ 75.792791899326744, 26.985705545074893 ], [ 75.792522404885119, 26.985975039516518 ], [ 75.791983415102607, 26.986514029299087 ], [ 75.791713920660982, 26.986783523740655 ] ] ] } },
{ "type": "Feature", "properties": { "OBJECTID": 121.0, "LAYER": "Stream", "STREAM_ID": 3312, "IN_FLOW": 205.0, "OUT_FLOW": 624.0, "DRAIN_AREA": "0.501 sq km", "STRAHLER": 1, "Shape_Leng": 0.0117111155962 }, "geometry": { "type": "MultiLineString", "coordinates": [ [ [ 75.777969696944012, 26.986244534857462 ], [ 75.777969696944012, 26.985975039516518 ], [ 75.778239191385637, 26.985705545074893 ], [ 75.778239191385637, 26.985436050633268 ], [ 75.778778180268887, 26.984897061750075 ], [ 75.778778180268887, 26.984627567308451 ], [ 75.778239191385637, 26.984088577525881 ], [ 75.777969696944012, 26.984088577525881 ], [ 75.777700202502388, 26.984088577525881 ], [ 75.777161212719875, 26.983549588642632 ], [ 75.777161212719875, 26.983280094201064 ], [ 75.777700202502388, 26.982741104418494 ], [ 75.77689171827825, 26.98193262109362 ], [ 75.776622223836625, 26.98193262109362 ], [ 75.776352729395001, 26.981663126652052 ], [ 75.776352729395001, 26.981124137768802 ], [ 75.776352729395001, 26.980854642427857 ], [ 75.776352729395001, 26.980315653544608 ], [ 75.775274750729238, 26.979237674878846 ], [ 75.774466267404364, 26.979237674878846 ], [ 75.773657783180226, 26.979237674878846 ], [ 75.773388288738602, 26.978968180437221 ] ] ] } },
{ "type": "Feature", "properties": { "OBJECTID": 122.0, "LAYER": "Stream", "STREAM_ID": 3313, "IN_FLOW": 634.0, "OUT_FLOW": 729.0, "DRAIN_AREA": "0.585 sq km", "STRAHLER": 2, "Shape_Leng": 0.0031876977976799999 }, "geometry": { "type": "MultiLineString", "coordinates": [ [ [ 75.782012115366911, 26.986244534857462 ], [ 75.782012115366911, 26.985166556191643 ], [ 75.782012115366911, 26.984627567308451 ], [ 75.782012115366911, 26.984358071967506 ], [ 75.782281609808479, 26.984088577525881 ], [ 75.782281609808479, 26.983819083084256 ], [ 75.782551105149423, 26.983549588642632 ], [ 75.782551105149423, 26.983280094201064 ] ] ] } },
{ "type": "Feature", "properties": { "OBJECTID": 123.0, "LAYER": "Stream", "STREAM_ID": 3319, "IN_FLOW": 11844.0, "OUT_FLOW": 12860.0, "DRAIN_AREA": "10.32 sq km", "STRAHLER": 3, "Shape_Leng": 0.017574605057300002 }, "geometry": { "type": "MultiLineString", "coordinates": [ [ [ 75.790366447553595, 26.985975039516518 ], [ 75.790366447553595, 26.985436050633268 ], [ 75.789288469787095, 26.984358071967506 ], [ 75.789018974446151, 26.984358071967506 ], [ 75.788749480004583, 26.984358071967506 ], [ 75.788210491121333, 26.983819083084256 ], [ 75.788210491121333, 26.983010599759439 ], [ 75.787940996679708, 26.982741104418494 ], [ 75.787402006897139, 26.982202115535245 ], [ 75.787402006897139, 26.978968180437221 ], [ 75.787402006897139, 26.977081718446584 ], [ 75.787402006897139, 26.976542729563391 ], [ 75.787940996679708, 26.976003740680142 ], [ 75.787940996679708, 26.974656267572755 ], [ 75.788479985562958, 26.974117277790185 ], [ 75.788479985562958, 26.971691826916356 ], [ 75.788479985562958, 26.971152838033106 ], [ 75.788749480004583, 26.970883342692161 ], [ 75.789018974446151, 26.970613848250537 ] ] ] } },
{ "type": "Feature", "properties": { "OBJECTID": 124.0, "LAYER": "Stream", "STREAM_ID": 3327, "IN_FLOW": 1466.0, "OUT_FLOW": 2874.0, "DRAIN_AREA": "2.306 sq km", "STRAHLER": 2, "Shape_Leng": 0.021482321124399999 }, "geometry": { "type": "MultiLineString", "coordinates": [ [ [ 75.757218614147803, 26.983280094201064 ], [ 75.756410129923609, 26.984088577525881 ], [ 75.755601646598791, 26.984088577525881 ], [ 75.755332151257846, 26.984088577525881 ], [ 75.754523667932972, 26.984897061750075 ], [ 75.754254173491347, 26.985166556191643 ], [ 75.753715184608154, 26.985705545074893 ], [ 75.75344568926721, 26.985705545074893 ], [ 75.753176194825585, 26.985436050633268 ], [ 75.752637205942335, 26.985436050633268 ], [ 75.750481249510131, 26.983280094201064 ], [ 75.750481249510131, 26.982741104418494 ], [ 75.748325292178549, 26.980585147986233 ], [ 75.748055797736924, 26.980585147986233 ], [ 75.746438830187913, 26.978968180437221 ], [ 75.745630346863095, 26.978968180437221 ], [ 75.74536085242147, 26.978968180437221 ], [ 75.744821862638901, 26.978429191553971 ], [ 75.744821862638901, 26.978159697112403 ], [ 75.745091357080526, 26.977890202670778 ], [ 75.744821862638901, 26.977620707329834 ], [ 75.742396411765071, 26.977620707329834 ], [ 75.742126917323446, 26.977890202670778 ], [ 75.741587927540877, 26.977890202670778 ], [ 75.741214013715819, 26.977890202670778 ] ] ] } },
{ "type": "Feature", "properties": { "OBJECTID": 125.0, "LAYER": "Stream", "STREAM_ID": 3334, "IN_FLOW": 9996.0, "OUT_FLOW": 10539.0, "DRAIN_AREA": "8.457 sq km", "STRAHLER": 3, "Shape_Leng": 0.0086158935617500002 }, "geometry": { "type": "MultiLineString", "coordinates": [ [ [ 75.861513017911477, 26.985436050633268 ], [ 75.861782513252422, 26.985436050633268 ], [ 75.862052007694047, 26.985436050633268 ], [ 75.862321502135671, 26.985436050633268 ], [ 75.862860491018921, 26.984897061750075 ], [ 75.863668975243058, 26.984897061750075 ], [ 75.863938469684683, 26.984627567308451 ], [ 75.864207964126308, 26.984627567308451 ], [ 75.864477458567933, 26.984897061750075 ], [ 75.864746953009558, 26.984627567308451 ], [ 75.86528594279207, 26.984627567308451 ], [ 75.865555437233695, 26.984358071967506 ], [ 75.865555437233695, 26.983819083084256 ], [ 75.866094426116945, 26.983280094201064 ], [ 75.867172404782707, 26.982202115535245 ], [ 75.867172404782707, 26.981124137768802 ] ] ] } },
{ "type": "Feature", "properties": { "OBJECTID": 126.0, "LAYER": "Stream", "STREAM_ID": 3345, "IN_FLOW": 227.0, "OUT_FLOW": 668.0, "DRAIN_AREA": "0.536 sq km", "STRAHLER": 1, "Shape_Leng": 0.0077420199203600002 }, "geometry": { "type": "MultiLineString", "coordinates": [ [ [ 75.86016554570341, 26.978698685995596 ], [ 75.86016554570341, 26.978968180437221 ], [ 75.86016554570341, 26.97950717021979 ], [ 75.859896050362465, 26.979776664661415 ], [ 75.859896050362465, 26.980315653544608 ], [ 75.859896050362465, 26.981393632210427 ], [ 75.859626555920897, 26.981663126652052 ], [ 75.86016554570341, 26.982202115535245 ], [ 75.86016554570341, 26.982471609976869 ], [ 75.86016554570341, 26.983010599759439 ], [ 75.86016554570341, 26.983280094201064 ], [ 75.86016554570341, 26.984088577525881 ], [ 75.861513017911477, 26.985436050633268 ] ] ] } },
{ "type": "Feature", "properties": { "OBJECTID": 127.0, "LAYER": "Stream", "STREAM_ID": 3346, "IN_FLOW": 205.0, "OUT_FLOW": 339.0, "DRAIN_AREA": "0.272 sq km", "STRAHLER": 1, "Shape_Leng": 0.0046005600588499996 }, "geometry": { "type": "MultiLineString", "coordinates": [ [ [ 75.868519877890094, 26.985166556191643 ], [ 75.868250382549149, 26.984897061750075 ], [ 75.867711393665957, 26.984358071967506 ], [ 75.867711393665957, 26.981663126652052 ], [ 75.867172404782707, 26.981124137768802 ] ] ] } },
{ "type": "Feature", "properties": { "OBJECTID": 128.0, "LAYER": "Stream", "STREAM_ID": 3353, "IN_FLOW": 203.0, "OUT_FLOW": 281.0, "DRAIN_AREA": "0.2255 sq km", "STRAHLER": 1, "Shape_Leng": 0.0020634802964 }, "geometry": { "type": "MultiLineString", "coordinates": [ [ [ 75.78389857735749, 26.984627567308451 ], [ 75.783629082915922, 26.984358071967506 ], [ 75.783629082915922, 26.984088577525881 ], [ 75.783359588474298, 26.983819083084256 ], [ 75.783090094032673, 26.983819083084256 ], [ 75.782820599591048, 26.983549588642632 ], [ 75.782551105149423, 26.983280094201064 ] ] ] } },
{ "type": "Feature", "properties": { "OBJECTID": 129.0, "LAYER": "Stream", "STREAM_ID": 3359, "IN_FLOW": 200.0, "OUT_FLOW": 1073.0, "DRAIN_AREA": "0.861 sq km", "STRAHLER": 1, "Shape_Leng": 0.00064183049616699998 }, "geometry": { "type": "MultiLineString", "coordinates": [ [ [ 75.837536787292947, 26.984358071967506 ], [ 75.837797494458869, 26.984358071967506 ], [ 75.838066988900493, 26.984627567308451 ] ] ] } },
{ "type": "Feature", "properties": { "OBJECTID": 130.0, "LAYER": "Stream", "STREAM_ID": 3360, "IN_FLOW": 212.0, "OUT_FLOW": 354.0, "DRAIN_AREA": "0.2841 sq km", "STRAHLER": 1, "Shape_Leng": 0.0042194382638999998 }, "geometry": { "type": "MultiLineString", "coordinates": [ [ [ 75.839144967566256, 26.980854642427857 ], [ 75.839144967566256, 26.981393632210427 ], [ 75.839144967566256, 26.981663126652052 ], [ 75.839144967566256, 26.98193262109362 ], [ 75.839144967566256, 26.982202115535245 ], [ 75.839144967566256, 26.982471609976869 ], [ 75.839144967566256, 26.982741104418494 ], [ 75.839144967566256, 26.983010599759439 ], [ 75.838875473124631, 26.983280094201064 ], [ 75.838605978683006, 26.983549588642632 ], [ 75.838605978683006, 26.983819083084256 ], [ 75.838605978683006, 26.984088577525881 ], [ 75.838336484241438, 26.984358071967506 ], [ 75.838066988900493, 26.984627567308451 ] ] ] } },
{ "type": "Feature", "properties": { "OBJECTID": 131.0, "LAYER": "Stream", "STREAM_ID": 3377, "IN_FLOW": 1016.0, "OUT_FLOW": 1503.0, "DRAIN_AREA": "1.206 sq km", "STRAHLER": 2, "Shape_Leng": 0.0104752708505 }, "geometry": { "type": "MultiLineString", "coordinates": [ [ [ 75.782551105149423, 26.983280094201064 ], [ 75.782012115366911, 26.982741104418494 ], [ 75.782012115366911, 26.982471609976869 ], [ 75.782012115366911, 26.98193262109362 ], [ 75.782551105149423, 26.981393632210427 ], [ 75.782551105149423, 26.981124137768802 ], [ 75.782012115366911, 26.980585147986233 ], [ 75.782012115366911, 26.980315653544608 ], [ 75.781742620925286, 26.980046159102983 ], [ 75.781742620925286, 26.97950717021979 ], [ 75.782281609808479, 26.978968180437221 ], [ 75.782551105149423, 26.978698685995596 ], [ 75.783359588474298, 26.977890202670778 ], [ 75.782820599591048, 26.977351212888209 ], [ 75.782551105149423, 26.977351212888209 ], [ 75.782012115366911, 26.976812224004959 ], [ 75.782012115366911, 26.976273235121766 ], [ 75.781473126483661, 26.975734245339197 ], [ 75.781473126483661, 26.975195256455947 ] ] ] } },
{ "type": "Feature", "properties": { "OBJECTID": 132.0, "LAYER": "Stream", "STREAM_ID": 3378, "IN_FLOW": 1821.0, "OUT_FLOW": 2195.0, "DRAIN_AREA": "1.761 sq km", "STRAHLER": 2, "Shape_Leng": 0.0059017952300799998 }, "geometry": { "type": "MultiLineString", "coordinates": [ [ [ 75.850733234850964, 26.978429191553971 ], [ 75.851002729292588, 26.978698685995596 ], [ 75.850733234850964, 26.978968180437221 ], [ 75.850733234850964, 26.979237674878846 ], [ 75.850733234850964, 26.97950717021979 ], [ 75.851002729292588, 26.979776664661415 ], [ 75.851002729292588, 26.982202115535245 ], [ 75.851272223734213, 26.982471609976869 ], [ 75.851272223734213, 26.982741104418494 ], [ 75.852080707958351, 26.983549588642632 ] ] ] } },
{ "type": "Feature", "properties": { "OBJECTID": 133.0, "LAYER": "Stream", "STREAM_ID": 3379, "IN_FLOW": 286.0, "OUT_FLOW": 288.0, "DRAIN_AREA": "0.2311 sq km", "STRAHLER": 1, "Shape_Leng": 0.00065061713591499999 }, "geometry": { "type": "MultiLineString", "coordinates": [ [ [ 75.852350202399975, 26.983010599759439 ], [ 75.852350202399975, 26.983280094201064 ], [ 75.852080707958351, 26.983549588642632 ] ] ] } },
{ "type": "Feature", "properties": { "OBJECTID": 134.0, "LAYER": "Stream", "STREAM_ID": 3385, "IN_FLOW": 1448.0, "OUT_FLOW": 1591.0, "DRAIN_AREA": "1.277 sq km", "STRAHLER": 2, "Shape_Leng": 0.00359869204393 }, "geometry": { "type": "MultiLineString", "coordinates": [ [ [ 75.744821862638901, 26.982741104418494 ], [ 75.744282873755651, 26.982202115535245 ], [ 75.742665906206639, 26.982202115535245 ], [ 75.741857421982502, 26.982202115535245 ], [ 75.741566805163984, 26.982492733253082 ] ] ] } },
{ "type": "Feature", "properties": { "OBJECTID": 135.0, "LAYER": "Stream", "STREAM_ID": 3386, "IN_FLOW": 208.0, "OUT_FLOW": 307.0, "DRAIN_AREA": "0.2464 sq km", "STRAHLER": 1, "Shape_Leng": 0.0039690950398800001 }, "geometry": { "type": "MultiLineString", "coordinates": [ [ [ 75.760183053904882, 26.983010599759439 ], [ 75.759374570580007, 26.982202115535245 ], [ 75.759105076138383, 26.982202115535245 ], [ 75.758835581696815, 26.98193262109362 ], [ 75.757757603030996, 26.983010599759439 ], [ 75.757488108589371, 26.983010599759439 ], [ 75.757218614147803, 26.983280094201064 ] ] ] } },
{ "type": "Feature", "properties": { "OBJECTID": 136.0, "LAYER": "Stream", "STREAM_ID": 3393, "IN_FLOW": 201.0, "OUT_FLOW": 267.0, "DRAIN_AREA": "0.2143 sq km", "STRAHLER": 1, "Shape_Leng": 0.0029835927733000002 }, "geometry": { "type": "MultiLineString", "coordinates": [ [ [ 75.767728902766692, 26.982741104418494 ], [ 75.767728902766692, 26.982471609976869 ], [ 75.767998397208316, 26.982202115535245 ], [ 75.768806880533191, 26.981393632210427 ], [ 75.768806880533191, 26.981124137768802 ], [ 75.768806880533191, 26.980585147986233 ], [ 75.769076375874079, 26.980315653544608 ] ] ] } },
{ "type": "Feature", "properties": { "OBJECTID": 137.0, "LAYER": "Stream", "STREAM_ID": 3394, "IN_FLOW": 291.0, "OUT_FLOW": 372.0, "DRAIN_AREA": "0.2985 sq km", "STRAHLER": 1, "Shape_Leng": 0.0039690944039700001 }, "geometry": { "type": "MultiLineString", "coordinates": [ [ [ 75.772040815631215, 26.982741104418494 ], [ 75.77177132118959, 26.982471609976869 ], [ 75.771501826747965, 26.982202115535245 ], [ 75.770154353640578, 26.980854642427857 ], [ 75.769615364757328, 26.980854642427857 ], [ 75.769345870315703, 26.980585147986233 ], [ 75.769076375874079, 26.980315653544608 ] ] ] } },
{ "type": "Feature", "properties": { "OBJECTID": 138.0, "LAYER": "Stream", "STREAM_ID": 3398, "IN_FLOW": 200.0, "OUT_FLOW": 220.0, "DRAIN_AREA": "0.1765 sq km", "STRAHLER": 1, "Shape_Leng": 0.0011896069184700001 }, "geometry": { "type": "MultiLineString", "coordinates": [ [ [ 75.745899841304663, 26.982471609976869 ], [ 75.745091357080526, 26.982471609976869 ], [ 75.744821862638901, 26.982741104418494 ] ] ] } },
{ "type": "Feature", "properties": { "OBJECTID": 139.0, "LAYER": "Stream", "STREAM_ID": 3407, "IN_FLOW": 215.0, "OUT_FLOW": 238.0, "DRAIN_AREA": "0.191 sq km", "STRAHLER": 1, "Shape_Leng": 0.00026476646886400003 }, "geometry": { "type": "MultiLineString", "coordinates": [ [ [ 75.876335220294266, 26.982202115535245 ], [ 75.876522438459801, 26.982014897369652 ] ] ] } },
{ "type": "Feature", "properties": { "OBJECTID": 140.0, "LAYER": "Stream", "STREAM_ID": 3417, "IN_FLOW": 10881.0, "OUT_FLOW": 11934.0, "DRAIN_AREA": "9.577 sq km", "STRAHLER": 3, "Shape_Leng": 0.016871380833000001 }, "geometry": { "type": "MultiLineString", "coordinates": [ [ [ 75.867172404782707, 26.981124137768802 ], [ 75.867172404782707, 26.980854642427857 ], [ 75.867441899224332, 26.980585147986233 ], [ 75.867441899224332, 26.980315653544608 ], [ 75.867441899224332, 26.980046159102983 ], [ 75.867441899224332, 26.979776664661415 ], [ 75.867441899224332, 26.97950717021979 ], [ 75.868250382549149, 26.978698685995596 ], [ 75.869058866773344, 26.978698685995596 ], [ 75.869867350098161, 26.977890202670778 ], [ 75.870675834322356, 26.977890202670778 ], [ 75.871214823205605, 26.978429191553971 ], [ 75.871753812088798, 26.978429191553971 ], [ 75.872292801871367, 26.977890202670778 ], [ 75.872292801871367, 26.977620707329834 ], [ 75.872831790754617, 26.977081718446584 ], [ 75.872831790754617, 26.976812224004959 ], [ 75.873640274978754, 26.976003740680142 ], [ 75.874179263862004, 26.976003740680142 ], [ 75.874718252745197, 26.976542729563391 ], [ 75.874718252745197, 26.976812224004959 ], [ 75.875257242527766, 26.977351212888209 ], [ 75.875526736969391, 26.977351212888209 ], [ 75.875796231411016, 26.977081718446584 ], [ 75.875796231411016, 26.976812224004959 ], [ 75.876065725852641, 26.976542729563391 ], [ 75.876335220294266, 26.976273235121766 ], [ 75.876335220294266, 26.975734245339197 ], [ 75.876335220294266, 26.975464750897572 ], [ 75.876604714735834, 26.975195256455947 ], [ 75.876604714735834, 26.974925762014379 ], [ 75.877143704518403, 26.97438677313113 ], [ 75.877493238622094, 26.974037238128062 ] ] ] } },
{ "type": "Feature", "properties": { "OBJECTID": 141.0, "LAYER": "Stream", "STREAM_ID": 3429, "IN_FLOW": 642.0, "OUT_FLOW": 658.0, "DRAIN_AREA": "0.528 sq km", "STRAHLER": 2, "Shape_Leng": 0.00145910199597 }, "geometry": { "type": "MultiLineString", "coordinates": [ [ [ 75.769076375874079, 26.980315653544608 ], [ 75.769076375874079, 26.979237674878846 ], [ 75.768806880533191, 26.978968180437221 ] ] ] } },
{ "type": "Feature", "properties": { "OBJECTID": 142.0, "LAYER": "Stream", "STREAM_ID": 3433, "IN_FLOW": 201.0, "OUT_FLOW": 214.0, "DRAIN_AREA": "0.1717 sq km", "STRAHLER": 1, "Shape_Leng": 0.0013012349077700001 }, "geometry": { "type": "MultiLineString", "coordinates": [ [ [ 75.773388288738602, 26.980046159102983 ], [ 75.773388288738602, 26.979776664661415 ], [ 75.773118794296977, 26.97950717021979 ], [ 75.773388288738602, 26.979237674878846 ], [ 75.773388288738602, 26.978968180437221 ] ] ] } },
{ "type": "Feature", "properties": { "OBJECTID": 143.0, "LAYER": "Stream", "STREAM_ID": 3441, "IN_FLOW": 221.0, "OUT_FLOW": 223.0, "DRAIN_AREA": "0.179 sq km", "STRAHLER": 1, "Shape_Leng": 0.0010317404662 }, "geometry": { "type": "MultiLineString", "coordinates": [ [ [ 75.768267891649941, 26.979776664661415 ], [ 75.768806880533191, 26.979237674878846 ], [ 75.768806880533191, 26.978968180437221 ] ] ] } },
{ "type": "Feature", "properties": { "OBJECTID": 144.0, "LAYER": "Stream", "STREAM_ID": 3456, "IN_FLOW": 889.0, "OUT_FLOW": 980.0, "DRAIN_AREA": "0.786 sq km", "STRAHLER": 2, "Shape_Leng": 0.0032068499145699999 }, "geometry": { "type": "MultiLineString", "coordinates": [ [ [ 75.768806880533191, 26.978968180437221 ], [ 75.769076375874079, 26.978698685995596 ], [ 75.769345870315703, 26.978429191553971 ], [ 75.770154353640578, 26.977620707329834 ], [ 75.77069334342309, 26.977620707329834 ], [ 75.77123233230634, 26.977081718446584 ] ] ] } },
{ "type": "Feature", "properties": { "OBJECTID": 145.0, "LAYER": "Stream", "STREAM_ID": 3457, "IN_FLOW": 843.0, "OUT_FLOW": 993.0, "DRAIN_AREA": "0.797 sq km", "STRAHLER": 2, "Shape_Leng": 0.00309522076261 }, "geometry": { "type": "MultiLineString", "coordinates": [ [ [ 75.773388288738602, 26.978968180437221 ], [ 75.772849299855352, 26.978429191553971 ], [ 75.772310310972102, 26.978429191553971 ], [ 75.77177132118959, 26.977890202670778 ], [ 75.771501826747965, 26.977620707329834 ], [ 75.77123233230634, 26.977351212888209 ], [ 75.77123233230634, 26.977081718446584 ] ] ] } },
{ "type": "Feature", "properties": { "OBJECTID": 146.0, "LAYER": "Stream", "STREAM_ID": 3466, "IN_FLOW": 833.0, "OUT_FLOW": 1780.0, "DRAIN_AREA": "1.428 sq km", "STRAHLER": 2, "Shape_Leng": 0.016200045867099999 }, "geometry": { "type": "MultiLineString", "coordinates": [ [ [ 75.86528594279207, 26.977890202670778 ], [ 75.86582493167532, 26.978429191553971 ], [ 75.866633415000138, 26.978429191553971 ], [ 75.867441899224332, 26.977620707329834 ], [ 75.867441899224332, 26.977351212888209 ], [ 75.867441899224332, 26.976812224004959 ], [ 75.867711393665957, 26.976542729563391 ], [ 75.867711393665957, 26.976003740680142 ], [ 75.867711393665957, 26.975464750897572 ], [ 75.867980888107581, 26.975195256455947 ], [ 75.867980888107581, 26.974925762014379 ], [ 75.869058866773344, 26.97384778334856 ], [ 75.870136844539786, 26.97384778334856 ], [ 75.870675834322356, 26.973308794465368 ], [ 75.870675834322356, 26.972769805582118 ], [ 75.870675834322356, 26.972230815799549 ], [ 75.872023307429743, 26.970883342692161 ], [ 75.872831790754617, 26.970883342692161 ], [ 75.874179263862004, 26.970883342692161 ], [ 75.874987747186822, 26.970074859367344 ], [ 75.874987747186822, 26.969805364925719 ], [ 75.875257242527766, 26.969535870484094 ], [ 75.875257242527766, 26.969266376042469 ] ] ] } },
{ "type": "Feature", "properties": { "OBJECTID": 147.0, "LAYER": "Stream", "STREAM_ID": 3472, "IN_FLOW": 1472.0, "OUT_FLOW": 1516.0, "DRAIN_AREA": "1.217 sq km", "STRAHLER": 2, "Shape_Leng": 0.0028719645205399998 }, "geometry": { "type": "MultiLineString", "coordinates": [ [ [ 75.849655256185201, 26.976003740680142 ], [ 75.849924751526146, 26.976273235121766 ], [ 75.850194245967714, 26.976542729563391 ], [ 75.850194245967714, 26.977351212888209 ], [ 75.850463740409339, 26.977620707329834 ], [ 75.850463740409339, 26.978159697112403 ], [ 75.850733234850964, 26.978429191553971 ] ] ] } },
{ "type": "Feature", "properties": { "OBJECTID": 148.0, "LAYER": "Stream", "STREAM_ID": 3473, "IN_FLOW": 297.0, "OUT_FLOW": 298.0, "DRAIN_AREA": "0.2391 sq km", "STRAHLER": 1, "Shape_Leng": 0.00065061713589800003 }, "geometry": { "type": "MultiLineString", "coordinates": [ [ [ 75.851002729292588, 26.977890202670778 ], [ 75.850733234850964, 26.978159697112403 ], [ 75.850733234850964, 26.978429191553971 ] ] ] } },
{ "type": "Feature", "properties": { "OBJECTID": 149.0, "LAYER": "Stream", "STREAM_ID": 3474, "IN_FLOW": 202.0, "OUT_FLOW": 204.0, "DRAIN_AREA": "0.1637 sq km", "STRAHLER": 1, "Shape_Leng": 0.00065061777181400001 }, "geometry": { "type": "MultiLineString", "coordinates": [ [ [ 75.864746953009558, 26.978159697112403 ], [ 75.865016447451126, 26.978159697112403 ], [ 75.86528594279207, 26.977890202670778 ] ] ] } },
{ "type": "Feature", "properties": { "OBJECTID": 150.0, "LAYER": "Stream", "STREAM_ID": 3484, "IN_FLOW": 330.0, "OUT_FLOW": 594.0, "DRAIN_AREA": "0.4767 sq km", "STRAHLER": 1, "Shape_Leng": 0.0050470756133900001 }, "geometry": { "type": "MultiLineString", "coordinates": [ [ [ 75.760452549245827, 26.977890202670778 ], [ 75.760452549245827, 26.977620707329834 ], [ 75.75856608635587, 26.975734245339197 ], [ 75.757218614147803, 26.975734245339197 ], [ 75.756949118806858, 26.976003740680142 ], [ 75.756679624365233, 26.975734245339197 ] ] ] } },
{ "type": "Feature", "properties": { "OBJECTID": 151.0, "LAYER": "Stream", "STREAM_ID": 3485, "IN_FLOW": 200.0, "OUT_FLOW": 756.0, "DRAIN_AREA": "0.607 sq km", "STRAHLER": 1, "Shape_Leng": 0.0096938717006799999 }, "geometry": { "type": "MultiLineString", "coordinates": [ [ [ 75.842109408222655, 26.974925762014379 ], [ 75.842378902664279, 26.974925762014379 ], [ 75.842648397105904, 26.975195256455947 ], [ 75.842917891547529, 26.975464750897572 ], [ 75.842917891547529, 26.975734245339197 ], [ 75.843187386888474, 26.976003740680142 ], [ 75.843456881330042, 26.976003740680142 ], [ 75.843726375771666, 26.976273235121766 ], [ 75.843995870213291, 26.976542729563391 ], [ 75.843995870213291, 26.976812224004959 ], [ 75.843995870213291, 26.977351212888209 ], [ 75.844265364654916, 26.977620707329834 ], [ 75.844534859096541, 26.977620707329834 ], [ 75.844804353538166, 26.977620707329834 ], [ 75.845073848879053, 26.977620707329834 ], [ 75.845343343320678, 26.977890202670778 ], [ 75.845612837762303, 26.977890202670778 ], [ 75.845882332203928, 26.977890202670778 ], [ 75.846690816428065, 26.977081718446584 ], [ 75.84696031086969, 26.977081718446584 ], [ 75.847229805311315, 26.977081718446584 ], [ 75.847768794194565, 26.977081718446584 ], [ 75.848038288636189, 26.977081718446584 ], [ 75.848307783977077, 26.977081718446584 ], [ 75.848577278418702, 26.976812224004959 ], [ 75.848577278418702, 26.976273235121766 ], [ 75.848846772860327, 26.976003740680142 ] ] ] } },
{ "type": "Feature", "properties": { "OBJECTID": 152.0, "LAYER": "Stream", "STREAM_ID": 3493, "IN_FLOW": 248.0, "OUT_FLOW": 622.0, "DRAIN_AREA": "0.4991 sq km", "STRAHLER": 1, "Shape_Leng": 0.00697977453176 }, "geometry": { "type": "MultiLineString", "coordinates": [ [ [ 75.860974029028284, 26.974117277790185 ], [ 75.861513017911477, 26.974117277790185 ], [ 75.861782513252422, 26.974117277790185 ], [ 75.862052007694047, 26.974117277790185 ], [ 75.862321502135671, 26.974117277790185 ], [ 75.862590996577296, 26.97438677313113 ], [ 75.862860491018921, 26.97438677313113 ], [ 75.863129985460489, 26.97438677313113 ], [ 75.863399480801434, 26.97438677313113 ], [ 75.864207964126308, 26.975195256455947 ], [ 75.864477458567933, 26.975464750897572 ], [ 75.864746953009558, 26.975464750897572 ], [ 75.865016447451126, 26.975734245339197 ], [ 75.865016447451126, 26.977620707329834 ], [ 75.86528594279207, 26.977890202670778 ] ] ] } },
{ "type": "Feature", "properties": { "OBJECTID": 153.0, "LAYER": "Stream", "STREAM_ID": 3504, "IN_FLOW": 1976.0, "OUT_FLOW": 2280.0, "DRAIN_AREA": "1.83 sq km", "STRAHLER": 3, "Shape_Leng": 0.0055206722723299996 }, "geometry": { "type": "MultiLineString", "coordinates": [ [ [ 75.77123233230634, 26.977081718446584 ], [ 75.77123233230634, 26.976273235121766 ], [ 75.77123233230634, 26.976003740680142 ], [ 75.77123233230634, 26.974925762014379 ], [ 75.770154353640578, 26.97384778334856 ], [ 75.770154353640578, 26.973308794465368 ], [ 75.769884859198953, 26.973039300023743 ], [ 75.769884859198953, 26.972769805582118 ], [ 75.769615364757328, 26.972500310241173 ], [ 75.769615364757328, 26.972230815799549 ] ] ] } },
{ "type": "Feature", "properties": { "OBJECTID": 154.0, "LAYER": "Stream", "STREAM_ID": 3517, "IN_FLOW": 252.0, "OUT_FLOW": 265.0, "DRAIN_AREA": "0.2127 sq km", "STRAHLER": 1, "Shape_Leng": 0.00114336871891 }, "geometry": { "type": "MultiLineString", "coordinates": [ [ [ 75.755871141040359, 26.976542729563391 ], [ 75.756679624365233, 26.975734245339197 ] ] ] } },
{ "type": "Feature", "properties": { "OBJECTID": 155.0, "LAYER": "Stream", "STREAM_ID": 3528, "IN_FLOW": 1133.0, "OUT_FLOW": 1145.0, "DRAIN_AREA": "0.919 sq km", "STRAHLER": 2, "Shape_Leng": 0.00103174110212 }, "geometry": { "type": "MultiLineString", "coordinates": [ [ [ 75.848846772860327, 26.976003740680142 ], [ 75.849116267301952, 26.975734245339197 ], [ 75.849385761743576, 26.975734245339197 ], [ 75.849655256185201, 26.976003740680142 ] ] ] } },
{ "type": "Feature", "properties": { "OBJECTID": 156.0, "LAYER": "Stream", "STREAM_ID": 3536, "IN_FLOW": 862.0, "OUT_FLOW": 1126.0, "DRAIN_AREA": "0.904 sq km", "STRAHLER": 2, "Shape_Leng": 0.0098055002167900009 }, "geometry": { "type": "MultiLineString", "coordinates": [ [ [ 75.756679624365233, 26.975734245339197 ], [ 75.756679624365233, 26.97438677313113 ], [ 75.756410129923609, 26.974117277790185 ], [ 75.755871141040359, 26.973578288906936 ], [ 75.755871141040359, 26.972769805582118 ], [ 75.755601646598791, 26.972500310241173 ], [ 75.755332151257846, 26.972500310241173 ], [ 75.755062656816222, 26.972500310241173 ], [ 75.754793162374597, 26.972230815799549 ], [ 75.754254173491347, 26.972230815799549 ], [ 75.753715184608154, 26.971691826916356 ], [ 75.753715184608154, 26.971422332474731 ], [ 75.75344568926721, 26.971152838033106 ], [ 75.75344568926721, 26.970883342692161 ], [ 75.754254173491347, 26.970074859367344 ], [ 75.754254173491347, 26.969805364925719 ], [ 75.754793162374597, 26.969266376042469 ], [ 75.754793162374597, 26.968457891818332 ] ] ] } },
{ "type": "Feature", "properties": { "OBJECTID": 157.0, "LAYER": "Stream", "STREAM_ID": 3537, "IN_FLOW": 210.0, "OUT_FLOW": 212.0, "DRAIN_AREA": "0.1701 sq km", "STRAHLER": 1, "Shape_Leng": 0.00076224538865999995 }, "geometry": { "type": "MultiLineString", "coordinates": [ [ [ 75.780934137600411, 26.975734245339197 ], [ 75.781473126483661, 26.975195256455947 ] ] ] } },
{ "type": "Feature", "properties": { "OBJECTID": 158.0, "LAYER": "Stream", "STREAM_ID": 3539, "IN_FLOW": 205.0, "OUT_FLOW": 371.0, "DRAIN_AREA": "0.2977 sq km", "STRAHLER": 1, "Shape_Leng": 0.0034763447287300001 }, "geometry": { "type": "MultiLineString", "coordinates": [ [ [ 75.846421321087178, 26.97384778334856 ], [ 75.846690816428065, 26.974117277790185 ], [ 75.84696031086969, 26.97438677313113 ], [ 75.847229805311315, 26.97438677313113 ], [ 75.84749929975294, 26.974656267572755 ], [ 75.847768794194565, 26.974925762014379 ], [ 75.848038288636189, 26.975195256455947 ], [ 75.848038288636189, 26.975464750897572 ], [ 75.848307783977077, 26.975734245339197 ], [ 75.848577278418702, 26.975734245339197 ], [ 75.848846772860327, 26.976003740680142 ] ] ] } },
{ "type": "Feature", "properties": { "OBJECTID": 159.0, "LAYER": "Stream", "STREAM_ID": 3540, "IN_FLOW": 315.0, "OUT_FLOW": 322.0, "DRAIN_AREA": "0.2584 sq km", "STRAHLER": 1, "Shape_Leng": 0.00092011284940999997 }, "geometry": { "type": "MultiLineString", "coordinates": [ [ [ 75.849924751526146, 26.975195256455947 ], [ 75.849924751526146, 26.975734245339197 ], [ 75.849655256185201, 26.976003740680142 ] ] ] } },
{ "type": "Feature", "properties": { "OBJECTID": 160.0, "LAYER": "Stream", "STREAM_ID": 3544, "IN_FLOW": 202.0, "OUT_FLOW": 669.0, "DRAIN_AREA": "0.537 sq km", "STRAHLER": 1, "Shape_Leng": 0.0028066254177799999 }, "geometry": { "type": "MultiLineString", "coordinates": [ [ [ 75.791319290952572, 26.971836186990515 ], [ 75.790905437336107, 26.971422332474731 ], [ 75.790635941995163, 26.971422332474731 ], [ 75.79009695311197, 26.970883342692161 ], [ 75.79009695311197, 26.970074859367344 ], [ 75.789827458670345, 26.969805364925719 ] ] ] } },
{ "type": "Feature", "properties": { "OBJECTID": 161.0, "LAYER": "Stream", "STREAM_ID": 3551, "IN_FLOW": 201.0, "OUT_FLOW": 548.0, "DRAIN_AREA": "0.4398 sq km", "STRAHLER": 1, "Shape_Leng": 0.0093972920756699996 }, "geometry": { "type": "MultiLineString", "coordinates": [ [ [ 75.760452549245827, 26.975195256455947 ], [ 75.759913559463257, 26.974656267572755 ], [ 75.759913559463257, 26.974117277790185 ], [ 75.759913559463257, 26.97384778334856 ], [ 75.758296591914245, 26.972230815799549 ], [ 75.758296591914245, 26.971961321357924 ], [ 75.75802709747262, 26.971691826916356 ], [ 75.757757603030996, 26.971691826916356 ], [ 75.757488108589371, 26.971691826916356 ], [ 75.757218614147803, 26.971422332474731 ], [ 75.755601646598791, 26.969805364925719 ], [ 75.755601646598791, 26.969266376042469 ], [ 75.754793162374597, 26.968457891818332 ] ] ] } },
{ "type": "Feature", "properties": { "OBJECTID": 162.0, "LAYER": "Stream", "STREAM_ID": 3552, "IN_FLOW": 1727.0, "OUT_FLOW": 2113.0, "DRAIN_AREA": "1.696 sq km", "STRAHLER": 2, "Shape_Leng": 0.0082810082768200004 }, "geometry": { "type": "MultiLineString", "coordinates": [ [ [ 75.781473126483661, 26.975195256455947 ], [ 75.781203632042036, 26.974925762014379 ], [ 75.780934137600411, 26.974925762014379 ], [ 75.780125653376274, 26.974117277790185 ], [ 75.780125653376274, 26.97384778334856 ], [ 75.780395147817899, 26.973578288906936 ], [ 75.780395147817899, 26.973308794465368 ], [ 75.780395147817899, 26.972769805582118 ], [ 75.780125653376274, 26.972500310241173 ], [ 75.780125653376274, 26.971152838033106 ], [ 75.779856158934649, 26.970883342692161 ], [ 75.779047675609775, 26.970883342692161 ], [ 75.778778180268887, 26.970613848250537 ], [ 75.777969696944012, 26.970613848250537 ], [ 75.777700202502388, 26.970883342692161 ], [ 75.777161212719875, 26.970883342692161 ] ] ] } },
{ "type": "Feature", "properties": { "OBJECTID": 163.0, "LAYER": "Stream", "STREAM_ID": 3558, "IN_FLOW": 223.0, "OUT_FLOW": 297.0, "DRAIN_AREA": "0.2383 sq km", "STRAHLER": 1, "Shape_Leng": 0.00368044874476 }, "geometry": { "type": "MultiLineString", "coordinates": [ [ [ 75.744552368197276, 26.974925762014379 ], [ 75.742935400648264, 26.974925762014379 ], [ 75.742665906206639, 26.974656267572755 ], [ 75.742396411765071, 26.974656267572755 ], [ 75.742126917323446, 26.97438677313113 ], [ 75.741857421982502, 26.97438677313113 ], [ 75.741318433099252, 26.97384778334856 ] ] ] } },
{ "type": "Feature", "properties": { "OBJECTID": 164.0, "LAYER": "Stream", "STREAM_ID": 3559, "IN_FLOW": 204.0, "OUT_FLOW": 282.0, "DRAIN_AREA": "0.2263 sq km", "STRAHLER": 1, "Shape_Leng": 0.0030298313454200001 }, "geometry": { "type": "MultiLineString", "coordinates": [ [ [ 75.768806880533191, 26.974925762014379 ], [ 75.768806880533191, 26.97384778334856 ], [ 75.768806880533191, 26.973039300023743 ], [ 75.769615364757328, 26.972230815799549 ] ] ] } },
{ "type": "Feature", "properties": { "OBJECTID": 165.0, "LAYER": "Stream", "STREAM_ID": 3563, "IN_FLOW": 810.0, "OUT_FLOW": 957.0, "DRAIN_AREA": "0.768 sq km", "STRAHLER": 2, "Shape_Leng": 0.0039465588376300003 }, "geometry": { "type": "MultiLineString", "coordinates": [ [ [ 75.790094560015973, 26.974114884694245 ], [ 75.789288469787095, 26.973308794465368 ], [ 75.789288469787095, 26.971961321357924 ], [ 75.789288469787095, 26.971691826916356 ], [ 75.789288469787095, 26.971422332474731 ], [ 75.789288469787095, 26.970883342692161 ], [ 75.789018974446151, 26.970613848250537 ] ] ] } },
{ "type": "Feature", "properties": { "OBJECTID": 166.0, "LAYER": "Stream", "STREAM_ID": 3586, "IN_FLOW": 796.0, "OUT_FLOW": 1099.0, "DRAIN_AREA": "0.882 sq km", "STRAHLER": 2, "Shape_Leng": 0.00120956178279 }, "geometry": { "type": "MultiLineString", "coordinates": [ [ [ 75.741318433099252, 26.97384778334856 ], [ 75.741048938657627, 26.973578288906936 ], [ 75.740779444216059, 26.973308794465368 ], [ 75.740509949774435, 26.973578288906936 ], [ 75.740443756074512, 26.973578288906936 ] ] ] } },
{ "type": "Feature", "properties": { "OBJECTID": 167.0, "LAYER": "Stream", "STREAM_ID": 3587, "IN_FLOW": 206.0, "OUT_FLOW": 492.0, "DRAIN_AREA": "0.3948 sq km", "STRAHLER": 1, "Shape_Leng": 0.0078998866361700004 }, "geometry": { "type": "MultiLineString", "coordinates": [ [ [ 75.7477863032953, 26.972769805582118 ], [ 75.747247314412107, 26.972769805582118 ], [ 75.746977819970482, 26.972500310241173 ], [ 75.745899841304663, 26.972500310241173 ], [ 75.74536085242147, 26.971961321357924 ], [ 75.744821862638901, 26.971961321357924 ], [ 75.744552368197276, 26.972230815799549 ], [ 75.744552368197276, 26.972769805582118 ], [ 75.743743884872458, 26.973578288906936 ], [ 75.742396411765071, 26.973578288906936 ], [ 75.742126917323446, 26.97384778334856 ], [ 75.741318433099252, 26.97384778334856 ] ] ] } },
{ "type": "Feature", "properties": { "OBJECTID": 168.0, "LAYER": "Stream", "STREAM_ID": 3596, "IN_FLOW": 241.0, "OUT_FLOW": 303.0, "DRAIN_AREA": "0.2432 sq km", "STRAHLER": 1, "Shape_Leng": 0.0026487086510900001 }, "geometry": { "type": "MultiLineString", "coordinates": [ [ [ 75.777700202502388, 26.973308794465368 ], [ 75.777700202502388, 26.972230815799549 ], [ 75.777700202502388, 26.971422332474731 ], [ 75.777430708060763, 26.971152838033106 ], [ 75.777161212719875, 26.970883342692161 ] ] ] } },
{ "type": "Feature", "properties": { "OBJECTID": 169.0, "LAYER": "Stream", "STREAM_ID": 3628, "IN_FLOW": 2565.0, "OUT_FLOW": 2673.0, "DRAIN_AREA": "2.145 sq km", "STRAHLER": 3, "Shape_Leng": 0.0031414589621900002 }, "geometry": { "type": "MultiLineString", "coordinates": [ [ [ 75.769615364757328, 26.972230815799549 ], [ 75.769615364757328, 26.971422332474731 ], [ 75.769884859198953, 26.971152838033106 ], [ 75.770423848082203, 26.970613848250537 ], [ 75.77123233230634, 26.970613848250537 ], [ 75.771501826747965, 26.970344353808912 ] ] ] } },
{ "type": "Feature", "properties": { "OBJECTID": 170.0, "LAYER": "Stream", "STREAM_ID": 3661, "IN_FLOW": 2419.0, "OUT_FLOW": 2650.0, "DRAIN_AREA": "2.127 sq km", "STRAHLER": 2, "Shape_Leng": 0.0065524121025900004 }, "geometry": { "type": "MultiLineString", "coordinates": [ [ [ 75.777161212719875, 26.970883342692161 ], [ 75.77689171827825, 26.970883342692161 ], [ 75.776352729395001, 26.970883342692161 ], [ 75.776083234953376, 26.970883342692161 ], [ 75.775544245170806, 26.970344353808912 ], [ 75.775544245170806, 26.970074859367344 ], [ 75.775274750729238, 26.969805364925719 ], [ 75.773118794296977, 26.969805364925719 ], [ 75.77177132118959, 26.968457891818332 ] ] ] } },
{ "type": "Feature", "properties": { "OBJECTID": 171.0, "LAYER": "Stream", "STREAM_ID": 3664, "IN_FLOW": 207.0, "OUT_FLOW": 207.0, "DRAIN_AREA": "0.1661 sq km", "STRAHLER": 1, "Shape_Leng": 0.00038112269432999998 }, "geometry": { "type": "MultiLineString", "coordinates": [ [ [ 75.77177132118959, 26.970613848250537 ], [ 75.771501826747965, 26.970344353808912 ] ] ] } },
{ "type": "Feature", "properties": { "OBJECTID": 172.0, "LAYER": "Stream", "STREAM_ID": 3665, "IN_FLOW": 13822.0, "OUT_FLOW": 13833.0, "DRAIN_AREA": "11.101 sq km", "STRAHLER": 3, "Shape_Leng": 0.0011433687188700001 }, "geometry": { "type": "MultiLineString", "coordinates": [ [ [ 75.789018974446151, 26.970613848250537 ], [ 75.789827458670345, 26.969805364925719 ] ] ] } },
{ "type": "Feature", "properties": { "OBJECTID": 173.0, "LAYER": "Stream", "STREAM_ID": 3669, "IN_FLOW": 2884.0, "OUT_FLOW": 2910.0, "DRAIN_AREA": "2.335 sq km", "STRAHLER": 3, "Shape_Leng": 0.0022213467487100002 }, "geometry": { "type": "MultiLineString", "coordinates": [ [ [ 75.771501826747965, 26.970344353808912 ], [ 75.77123233230634, 26.970074859367344 ], [ 75.771501826747965, 26.969805364925719 ], [ 75.771501826747965, 26.969535870484094 ], [ 75.77177132118959, 26.969266376042469 ], [ 75.77177132118959, 26.968457891818332 ] ] ] } },
{ "type": "Feature", "properties": { "OBJECTID": 174.0, "LAYER": "Stream", "STREAM_ID": 3670, "IN_FLOW": 202.0, "OUT_FLOW": 469.0, "DRAIN_AREA": "0.3764 sq km", "STRAHLER": 1, "Shape_Leng": 0.0076103569754 }, "geometry": { "type": "MultiLineString", "coordinates": [ [ [ 75.798055996387177, 26.969679570455867 ], [ 75.797912296415404, 26.969535870484094 ], [ 75.797373306632835, 26.969535870484094 ], [ 75.79710381219121, 26.969266376042469 ], [ 75.796834317749642, 26.969266376042469 ], [ 75.796564823308017, 26.969266376042469 ], [ 75.795486844642198, 26.969266376042469 ], [ 75.79521735020063, 26.968996880701525 ], [ 75.794408866875756, 26.968996880701525 ], [ 75.794139371534811, 26.9687273862599 ], [ 75.793330888209994, 26.9687273862599 ], [ 75.793061393768369, 26.968457891818332 ], [ 75.792252909544175, 26.968457891818332 ], [ 75.791983415102607, 26.968188397376707 ], [ 75.791713920660982, 26.968188397376707 ], [ 75.791444426219357, 26.967918902935082 ], [ 75.791444426219357, 26.967649408493457 ] ] ] } },
{ "type": "Feature", "properties": { "OBJECTID": 175.0, "LAYER": "Stream", "STREAM_ID": 3679, "IN_FLOW": 14505.0, "OUT_FLOW": 14667.0, "DRAIN_AREA": "11.77 sq km", "STRAHLER": 3, "Shape_Leng": 0.0029835927733000002 }, "geometry": { "type": "MultiLineString", "coordinates": [ [ [ 75.789827458670345, 26.969805364925719 ], [ 75.789827458670345, 26.969535870484094 ], [ 75.789827458670345, 26.968996880701525 ], [ 75.791174931777732, 26.967649408493457 ], [ 75.791444426219357, 26.967649408493457 ] ] ] } },
{ "type": "Feature", "properties": { "OBJECTID": 176.0, "LAYER": "Stream", "STREAM_ID": 3685, "IN_FLOW": 209.0, "OUT_FLOW": 794.0, "DRAIN_AREA": "0.637 sq km", "STRAHLER": 1, "Shape_Leng": 0.0120460003543 }, "geometry": { "type": "MultiLineString", "coordinates": [ [ [ 75.785246050464934, 26.9687273862599 ], [ 75.78497655602331, 26.968996880701525 ], [ 75.78443756714006, 26.969535870484094 ], [ 75.784168072698435, 26.969266376042469 ], [ 75.78389857735749, 26.969266376042469 ], [ 75.782551105149423, 26.967918902935082 ], [ 75.782281609808479, 26.967649408493457 ], [ 75.781742620925286, 26.967110418710888 ], [ 75.781742620925286, 26.966571429827695 ], [ 75.781473126483661, 26.96630193538607 ], [ 75.781203632042036, 26.96630193538607 ], [ 75.780395147817899, 26.965493451161876 ], [ 75.780395147817899, 26.964954462278683 ], [ 75.779586664493024, 26.964145978054489 ], [ 75.778778180268887, 26.964145978054489 ], [ 75.778239191385637, 26.964145978054489 ], [ 75.777969696944012, 26.963876483612864 ], [ 75.777161212719875, 26.963876483612864 ], [ 75.77689171827825, 26.964145978054489 ], [ 75.776622223836625, 26.964145978054489 ] ] ] } },
{ "type": "Feature", "properties": { "OBJECTID": 177.0, "LAYER": "Stream", "STREAM_ID": 3686, "IN_FLOW": 237.0, "OUT_FLOW": 773.0, "DRAIN_AREA": "0.62 sq km", "STRAHLER": 1, "Shape_Leng": 0.016377065072299999 }, "geometry": { "type": "MultiLineString", "coordinates": [ [ [ 75.864746953009558, 26.969535870484094 ], [ 75.865016447451126, 26.969535870484094 ], [ 75.86528594279207, 26.969535870484094 ], [ 75.86582493167532, 26.969535870484094 ], [ 75.866094426116945, 26.969266376042469 ], [ 75.86636392055857, 26.969266376042469 ], [ 75.866902910341082, 26.9687273862599 ], [ 75.867172404782707, 26.9687273862599 ], [ 75.867441899224332, 26.968457891818332 ], [ 75.867441899224332, 26.968188397376707 ], [ 75.867441899224332, 26.967649408493457 ], [ 75.868250382549149, 26.966840924269263 ], [ 75.868519877890094, 26.966840924269263 ], [ 75.868789372331719, 26.966840924269263 ], [ 75.869328361214968, 26.967379913152513 ], [ 75.869597855656593, 26.967379913152513 ], [ 75.870136844539786, 26.967379913152513 ], [ 75.870406339880731, 26.967110418710888 ], [ 75.870406339880731, 26.966571429827695 ], [ 75.87094532876398, 26.966032440944446 ], [ 75.87094532876398, 26.965223956720251 ], [ 75.871484317647173, 26.964684967837059 ], [ 75.871484317647173, 26.964415473395434 ], [ 75.872023307429743, 26.963876483612864 ], [ 75.872292801871367, 26.963876483612864 ], [ 75.872562296312992, 26.963876483612864 ], [ 75.873640274978754, 26.962798505846422 ], [ 75.874179263862004, 26.963337494729672 ], [ 75.874448758303629, 26.963337494729672 ], [ 75.874718252745197, 26.963068000288047 ], [ 75.874987747186822, 26.963068000288047 ], [ 75.875796231411016, 26.962259516063853 ] ] ] } },
{ "type": "Feature", "properties": { "OBJECTID": 178.0, "LAYER": "Stream", "STREAM_ID": 3689, "IN_FLOW": 17573.0, "OUT_FLOW": 19206.0, "DRAIN_AREA": "15.412 sq km", "STRAHLER": 3, "Shape_Leng": 0.0053959358099700001 }, "geometry": { "type": "MultiLineString", "coordinates": [ [ [ 75.718694957306468, 26.958770155518323 ], [ 75.718141898529836, 26.958217097641011 ], [ 75.718141898529836, 26.957139118975192 ], [ 75.718680888312406, 26.956600130091999 ], [ 75.718680888312406, 26.95606114120875 ], [ 75.718141898529836, 26.95552215142618 ], [ 75.717872404088212, 26.95552215142618 ], [ 75.717333415205019, 26.954983162542987 ], [ 75.716892822046134, 26.954983162542987 ] ] ] } },
{ "type": "Feature", "properties": { "OBJECTID": 179.0, "LAYER": "Stream", "STREAM_ID": 3690, "IN_FLOW": 212.0, "OUT_FLOW": 231.0, "DRAIN_AREA": "0.1854 sq km", "STRAHLER": 1, "Shape_Leng": 0.0016823585013799999 }, "geometry": { "type": "MultiLineString", "coordinates": [ [ [ 75.873909769420379, 26.968457891818332 ], [ 75.874448758303629, 26.968996880701525 ], [ 75.874718252745197, 26.968996880701525 ], [ 75.874987747186822, 26.969266376042469 ], [ 75.875257242527766, 26.969266376042469 ] ] ] } },
{ "type": "Feature", "properties": { "OBJECTID": 180.0, "LAYER": "Stream", "STREAM_ID": 3691, "IN_FLOW": 2016.0, "OUT_FLOW": 2702.0, "DRAIN_AREA": "2.168 sq km", "STRAHLER": 2, "Shape_Leng": 0.0089507771570999997 }, "geometry": { "type": "MultiLineString", "coordinates": [ [ [ 75.875257242527766, 26.969266376042469 ], [ 75.875526736969391, 26.968996880701525 ], [ 75.875526736969391, 26.967649408493457 ], [ 75.876065725852641, 26.967110418710888 ], [ 75.876335220294266, 26.966840924269263 ], [ 75.876335220294266, 26.96630193538607 ], [ 75.876604714735834, 26.966032440944446 ], [ 75.876874209177458, 26.966032440944446 ], [ 75.877143704518403, 26.966032440944446 ], [ 75.878221682284845, 26.964954462278683 ], [ 75.877682693401653, 26.964415473395434 ], [ 75.877143704518403, 26.963876483612864 ], [ 75.877143704518403, 26.963337494729672 ], [ 75.877682693401653, 26.962798505846422 ], [ 75.877682693401653, 26.962529011404797 ] ] ] } },
{ "type": "Feature", "properties": { "OBJECTID": 181.0, "LAYER": "Stream", "STREAM_ID": 3697, "IN_FLOW": 221.0, "OUT_FLOW": 448.0, "DRAIN_AREA": "0.3595 sq km", "STRAHLER": 1, "Shape_Leng": 0.0041269614921700002 }, "geometry": { "type": "MultiLineString", "coordinates": [ [ [ 75.850463740409339, 26.968996880701525 ], [ 75.850194245967714, 26.9687273862599 ], [ 75.849924751526146, 26.968457891818332 ], [ 75.849655256185201, 26.968188397376707 ], [ 75.849655256185201, 26.967649408493457 ], [ 75.849655256185201, 26.967379913152513 ], [ 75.848846772860327, 26.966571429827695 ], [ 75.848846772860327, 26.96630193538607 ], [ 75.848577278418702, 26.966032440944446 ], [ 75.848307783977077, 26.965762945603501 ] ] ] } },
{ "type": "Feature", "properties": { "OBJECTID": 182.0, "LAYER": "Stream", "STREAM_ID": 3703, "IN_FLOW": 287.0, "OUT_FLOW": 465.0, "DRAIN_AREA": "0.3732 sq km", "STRAHLER": 1, "Shape_Leng": 0.004777579264 }, "geometry": { "type": "MultiLineString", "coordinates": [ [ [ 75.845073848879053, 26.9687273862599 ], [ 75.845343343320678, 26.968457891818332 ], [ 75.845612837762303, 26.968188397376707 ], [ 75.845882332203928, 26.967918902935082 ], [ 75.846151826645553, 26.967649408493457 ], [ 75.846421321087178, 26.967379913152513 ], [ 75.847229805311315, 26.966571429827695 ], [ 75.84749929975294, 26.966571429827695 ], [ 75.847768794194565, 26.966571429827695 ], [ 75.848038288636189, 26.966571429827695 ], [ 75.848307783977077, 26.96630193538607 ], [ 75.848307783977077, 26.966032440944446 ], [ 75.848307783977077, 26.965762945603501 ] ] ] } },
{ "type": "Feature", "properties": { "OBJECTID": 183.0, "LAYER": "Stream", "STREAM_ID": 3706, "IN_FLOW": 1677.0, "OUT_FLOW": 1868.0, "DRAIN_AREA": "1.499 sq km", "STRAHLER": 2, "Shape_Leng": 0.0043310653538700004 }, "geometry": { "type": "MultiLineString", "coordinates": [ [ [ 75.754793162374597, 26.968457891818332 ], [ 75.754793162374597, 26.967649408493457 ], [ 75.755062656816222, 26.967379913152513 ], [ 75.755062656816222, 26.96630193538607 ], [ 75.755601646598791, 26.965762945603501 ], [ 75.755601646598791, 26.965493451161876 ], [ 75.755871141040359, 26.965223956720251 ], [ 75.755871141040359, 26.964954462278683 ], [ 75.756140635481984, 26.964684967837059 ] ] ] } },
{ "type": "Feature", "properties": { "OBJECTID": 184.0, "LAYER": "Stream", "STREAM_ID": 3707, "IN_FLOW": 5569.0, "OUT_FLOW": 5913.0, "DRAIN_AREA": "4.745 sq km", "STRAHLER": 3, "Shape_Leng": 0.0103174051885 }, "geometry": { "type": "MultiLineString", "coordinates": [ [ [ 75.77177132118959, 26.968457891818332 ], [ 75.771501826747965, 26.968188397376707 ], [ 75.771501826747965, 26.967649408493457 ], [ 75.772040815631215, 26.967110418710888 ], [ 75.772310310972102, 26.967110418710888 ], [ 75.772849299855352, 26.966571429827695 ], [ 75.772040815631215, 26.965762945603501 ], [ 75.77177132118959, 26.965762945603501 ], [ 75.771501826747965, 26.965762945603501 ], [ 75.77123233230634, 26.966032440944446 ], [ 75.770423848082203, 26.966032440944446 ], [ 75.767998397208316, 26.96360698917124 ], [ 75.767728902766692, 26.96360698917124 ], [ 75.767459408325067, 26.963337494729672 ], [ 75.767189912984179, 26.963068000288047 ], [ 75.767189912984179, 26.962798505846422 ] ] ] } },
{ "type": "Feature", "properties": { "OBJECTID": 185.0, "LAYER": "Stream", "STREAM_ID": 3726, "IN_FLOW": 200.0, "OUT_FLOW": 1608.0, "DRAIN_AREA": "1.29 sq km", "STRAHLER": 1, "Shape_Leng": 0.019017840020799998 }, "geometry": { "type": "MultiLineString", "coordinates": [ [ [ 75.746708324629537, 26.966840924269263 ], [ 75.745899841304663, 26.967649408493457 ], [ 75.745630346863095, 26.967379913152513 ], [ 75.745630346863095, 26.967110418710888 ], [ 75.74536085242147, 26.966840924269263 ], [ 75.74536085242147, 26.966571429827695 ], [ 75.745091357080526, 26.96630193538607 ], [ 75.743743884872458, 26.964954462278683 ], [ 75.743743884872458, 26.964684967837059 ], [ 75.742935400648264, 26.963876483612864 ], [ 75.742665906206639, 26.963876483612864 ], [ 75.742396411765071, 26.96360698917124 ], [ 75.741857421982502, 26.96360698917124 ], [ 75.741587927540877, 26.963337494729672 ], [ 75.741048938657627, 26.962798505846422 ], [ 75.740779444216059, 26.962798505846422 ], [ 75.740509949774435, 26.962529011404797 ], [ 75.739162476667047, 26.96118153829741 ], [ 75.738892982225423, 26.96118153829741 ], [ 75.738623487783798, 26.960912043855785 ], [ 75.738353992442853, 26.960912043855785 ], [ 75.736737024893841, 26.959295076306773 ], [ 75.736467530452217, 26.959295076306773 ], [ 75.73458106846158, 26.957408613416817 ], [ 75.734311574019955, 26.957408613416817 ], [ 75.733772585136762, 26.956869624533624 ], [ 75.733772585136762, 26.95606114120875 ] ] ] } },
{ "type": "Feature", "properties": { "OBJECTID": 186.0, "LAYER": "Stream", "STREAM_ID": 3727, "IN_FLOW": 15141.0, "OUT_FLOW": 15554.0, "DRAIN_AREA": "12.482 sq km", "STRAHLER": 3, "Shape_Leng": 0.0082076851571599996 }, "geometry": { "type": "MultiLineString", "coordinates": [ [ [ 75.791444426219357, 26.967649408493457 ], [ 75.791983415102607, 26.967110418710888 ], [ 75.793869877093186, 26.965223956720251 ], [ 75.793869877093186, 26.964954462278683 ], [ 75.794139371534811, 26.964684967837059 ], [ 75.794139371534811, 26.964415473395434 ], [ 75.794678361317381, 26.963876483612864 ], [ 75.794678361317381, 26.963337494729672 ], [ 75.794678361317381, 26.963068000288047 ], [ 75.796295328866393, 26.961451032739035 ] ] ] } },
{ "type": "Feature", "properties": { "OBJECTID": 187.0, "LAYER": "Stream", "STREAM_ID": 3737, "IN_FLOW": 209.0, "OUT_FLOW": 653.0, "DRAIN_AREA": "0.524 sq km", "STRAHLER": 1, "Shape_Leng": 0.00634830924929 }, "geometry": { "type": "MultiLineString", "coordinates": [ [ [ 75.769076375874079, 26.967379913152513 ], [ 75.768537386091566, 26.966840924269263 ], [ 75.768537386091566, 26.966032440944446 ], [ 75.768806880533191, 26.965762945603501 ], [ 75.768806880533191, 26.965223956720251 ], [ 75.767728902766692, 26.964145978054489 ], [ 75.767189912984179, 26.964145978054489 ], [ 75.766920418542554, 26.964415473395434 ], [ 75.766381429659305, 26.963876483612864 ], [ 75.766381429659305, 26.96360698917124 ], [ 75.766650924100929, 26.963337494729672 ] ] ] } },
{ "type": "Feature", "properties": { "OBJECTID": 188.0, "LAYER": "Stream", "STREAM_ID": 3746, "IN_FLOW": 242.0, "OUT_FLOW": 316.0, "DRAIN_AREA": "0.2536 sq km", "STRAHLER": 1, "Shape_Leng": 0.0029835927732499998 }, "geometry": { "type": "MultiLineString", "coordinates": [ [ [ 75.757488108589371, 26.967110418710888 ], [ 75.756679624365233, 26.96630193538607 ], [ 75.756679624365233, 26.965493451161876 ], [ 75.756410129923609, 26.965223956720251 ], [ 75.756410129923609, 26.964954462278683 ], [ 75.756140635481984, 26.964684967837059 ] ] ] } },
{ "type": "Feature", "properties": { "OBJECTID": 189.0, "LAYER": "Stream", "STREAM_ID": 3747, "IN_FLOW": 213.0, "OUT_FLOW": 917.0, "DRAIN_AREA": "0.736 sq km", "STRAHLER": 1, "Shape_Leng": 0.013894156466799999 }, "geometry": { "type": "MultiLineString", "coordinates": [ [ [ 75.856392620822874, 26.967110418710888 ], [ 75.856123126381249, 26.966840924269263 ], [ 75.856123126381249, 26.966571429827695 ], [ 75.856123126381249, 26.96630193538607 ], [ 75.856123126381249, 26.966032440944446 ], [ 75.856123126381249, 26.965762945603501 ], [ 75.855853631939624, 26.965493451161876 ], [ 75.855853631939624, 26.964954462278683 ], [ 75.855584137497999, 26.964684967837059 ], [ 75.855314643056374, 26.964684967837059 ], [ 75.855045148614749, 26.964415473395434 ], [ 75.854775653273862, 26.964415473395434 ], [ 75.854506158832237, 26.964145978054489 ], [ 75.854506158832237, 26.963876483612864 ], [ 75.854775653273862, 26.96360698917124 ], [ 75.854775653273862, 26.963337494729672 ], [ 75.854775653273862, 26.963068000288047 ], [ 75.854236664390612, 26.962529011404797 ], [ 75.854236664390612, 26.962259516063853 ], [ 75.854236664390612, 26.961990021622228 ], [ 75.853967169948987, 26.96172052718066 ], [ 75.853967169948987, 26.961451032739035 ], [ 75.853967169948987, 26.96118153829741 ], [ 75.853697675507362, 26.960912043855785 ], [ 75.853697675507362, 26.955252656984555 ], [ 75.853428181065738, 26.954983162542987 ] ] ] } },
{ "type": "Feature", "properties": { "OBJECTID": 190.0, "LAYER": "Stream", "STREAM_ID": 3753, "IN_FLOW": 2783.0, "OUT_FLOW": 2924.0, "DRAIN_AREA": "2.346 sq km", "STRAHLER": 2, "Shape_Leng": 0.00181233021242 }, "geometry": { "type": "MultiLineString", "coordinates": [ [ [ 75.802559666295622, 26.964888500603877 ], [ 75.803841176828882, 26.96360698917124 ] ] ] } },
{ "type": "Feature", "properties": { "OBJECTID": 191.0, "LAYER": "Stream", "STREAM_ID": 3754, "IN_FLOW": 200.0, "OUT_FLOW": 851.0, "DRAIN_AREA": "0.683 sq km", "STRAHLER": 1, "Shape_Leng": 0.0094897669396099994 }, "geometry": { "type": "MultiLineString", "coordinates": [ [ [ 75.836989011133994, 26.966840924269263 ], [ 75.836989011133994, 26.966571429827695 ], [ 75.837258505575619, 26.96630193538607 ], [ 75.837258505575619, 26.966032440944446 ], [ 75.836989011133994, 26.965762945603501 ], [ 75.836989011133994, 26.965493451161876 ], [ 75.836719516692426, 26.965223956720251 ], [ 75.836719516692426, 26.964954462278683 ], [ 75.836719516692426, 26.964684967837059 ], [ 75.836989011133994, 26.964415473395434 ], [ 75.836989011133994, 26.964145978054489 ], [ 75.836989011133994, 26.963876483612864 ], [ 75.837258505575619, 26.96360698917124 ], [ 75.837528000017244, 26.963337494729672 ], [ 75.837797494458869, 26.963068000288047 ], [ 75.838066988900493, 26.962798505846422 ], [ 75.838336484241438, 26.962798505846422 ], [ 75.838605978683006, 26.962529011404797 ], [ 75.838875473124631, 26.962259516063853 ], [ 75.838875473124631, 26.961990021622228 ], [ 75.838875473124631, 26.96172052718066 ], [ 75.83995345179045, 26.960642548514841 ], [ 75.840222946232018, 26.960642548514841 ], [ 75.840492440673643, 26.960642548514841 ], [ 75.841031429556892, 26.960642548514841 ], [ 75.841300923998517, 26.960373054073216 ] ] ] } },
{ "type": "Feature", "properties": { "OBJECTID": 192.0, "LAYER": "Stream", "STREAM_ID": 3755, "IN_FLOW": 205.0, "OUT_FLOW": 505.0, "DRAIN_AREA": "0.4053 sq km", "STRAHLER": 1, "Shape_Leng": 0.0084580292805500005 }, "geometry": { "type": "MultiLineString", "coordinates": [ [ [ 75.842109408222655, 26.966840924269263 ], [ 75.842378902664279, 26.966571429827695 ], [ 75.842648397105904, 26.966571429827695 ], [ 75.842917891547529, 26.96630193538607 ], [ 75.843187386888474, 26.96630193538607 ], [ 75.843456881330042, 26.966032440944446 ], [ 75.843456881330042, 26.965762945603501 ], [ 75.843187386888474, 26.965493451161876 ], [ 75.842917891547529, 26.965223956720251 ], [ 75.84183991378103, 26.964145978054489 ], [ 75.841570419339462, 26.963876483612864 ], [ 75.841570419339462, 26.96360698917124 ], [ 75.841570419339462, 26.962798505846422 ], [ 75.841570419339462, 26.962529011404797 ], [ 75.841300923998517, 26.962259516063853 ], [ 75.841300923998517, 26.961990021622228 ], [ 75.841300923998517, 26.96172052718066 ], [ 75.841300923998517, 26.961451032739035 ], [ 75.841570419339462, 26.96118153829741 ], [ 75.841570419339462, 26.960642548514841 ], [ 75.841300923998517, 26.960373054073216 ] ] ] } },
{ "type": "Feature", "properties": { "OBJECTID": 193.0, "LAYER": "Stream", "STREAM_ID": 3759, "IN_FLOW": 7590.0, "OUT_FLOW": 8182.0, "DRAIN_AREA": "6.566 sq km", "STRAHLER": 3, "Shape_Leng": 0.0013656107329300001 }, "geometry": { "type": "MultiLineString", "coordinates": [ [ [ 75.804616247641775, 26.964651555325077 ], [ 75.804110671270507, 26.964145978054489 ], [ 75.804110671270507, 26.963876483612864 ], [ 75.803841176828882, 26.96360698917124 ] ] ] } },
{ "type": "Feature", "properties": { "OBJECTID": 194.0, "LAYER": "Stream", "STREAM_ID": 3768, "IN_FLOW": 275.0, "OUT_FLOW": 417.0, "DRAIN_AREA": "0.3346 sq km", "STRAHLER": 1, "Shape_Leng": 0.0059671852831499998 }, "geometry": { "type": "MultiLineString", "coordinates": [ [ [ 75.762339011236463, 26.966032440944446 ], [ 75.762339011236463, 26.965493451161876 ], [ 75.762878000119656, 26.964954462278683 ], [ 75.763147494561281, 26.964684967837059 ], [ 75.763955978785475, 26.963876483612864 ], [ 75.764764462110293, 26.963876483612864 ], [ 75.765033956551918, 26.963876483612864 ], [ 75.765842440776055, 26.963068000288047 ], [ 75.76611193521768, 26.963068000288047 ], [ 75.766381429659305, 26.963337494729672 ], [ 75.766650924100929, 26.963337494729672 ] ] ] } },
{ "type": "Feature", "properties": { "OBJECTID": 195.0, "LAYER": "Stream", "STREAM_ID": 3772, "IN_FLOW": 218.0, "OUT_FLOW": 287.0, "DRAIN_AREA": "0.2303 sq km", "STRAHLER": 1, "Shape_Leng": 0.0024446036266500002 }, "geometry": { "type": "MultiLineString", "coordinates": [ [ [ 75.778239191385637, 26.965762945603501 ], [ 75.777969696944012, 26.965493451161876 ], [ 75.777700202502388, 26.965223956720251 ], [ 75.777430708060763, 26.965223956720251 ], [ 75.777161212719875, 26.964954462278683 ], [ 75.77689171827825, 26.964684967837059 ], [ 75.77689171827825, 26.964415473395434 ], [ 75.776622223836625, 26.964145978054489 ] ] ] } },
{ "type": "Feature", "properties": { "OBJECTID": 196.0, "LAYER": "Stream", "STREAM_ID": 3774, "IN_FLOW": 916.0, "OUT_FLOW": 1210.0, "DRAIN_AREA": "0.971 sq km", "STRAHLER": 2, "Shape_Leng": 0.0057901669773899999 }, "geometry": { "type": "MultiLineString", "coordinates": [ [ [ 75.848307783977077, 26.965762945603501 ], [ 75.848307783977077, 26.965493451161876 ], [ 75.848307783977077, 26.965223956720251 ], [ 75.848577278418702, 26.964954462278683 ], [ 75.848577278418702, 26.964145978054489 ], [ 75.848307783977077, 26.963876483612864 ], [ 75.848307783977077, 26.96360698917124 ], [ 75.848577278418702, 26.963337494729672 ], [ 75.848577278418702, 26.963068000288047 ], [ 75.848577278418702, 26.962798505846422 ], [ 75.848307783977077, 26.962529011404797 ], [ 75.847768794194565, 26.961990021622228 ], [ 75.847768794194565, 26.960642548514841 ] ] ] } },
{ "type": "Feature", "properties": { "OBJECTID": 197.0, "LAYER": "Stream", "STREAM_ID": 3795, "IN_FLOW": 299.0, "OUT_FLOW": 678.0, "DRAIN_AREA": "0.544 sq km", "STRAHLER": 1, "Shape_Leng": 0.0081885329312400001 }, "geometry": { "type": "MultiLineString", "coordinates": [ [ [ 75.862590996577296, 26.964954462278683 ], [ 75.862860491018921, 26.964684967837059 ], [ 75.863129985460489, 26.964415473395434 ], [ 75.863668975243058, 26.964415473395434 ], [ 75.863938469684683, 26.964145978054489 ], [ 75.863938469684683, 26.963337494729672 ], [ 75.864207964126308, 26.963068000288047 ], [ 75.864477458567933, 26.962798505846422 ], [ 75.864746953009558, 26.962529011404797 ], [ 75.865016447451126, 26.962529011404797 ], [ 75.86528594279207, 26.962529011404797 ], [ 75.86582493167532, 26.961990021622228 ], [ 75.866094426116945, 26.961990021622228 ], [ 75.866902910341082, 26.961990021622228 ], [ 75.867172404782707, 26.96172052718066 ], [ 75.867172404782707, 26.961451032739035 ], [ 75.867980888107581, 26.960642548514841 ], [ 75.867711393665957, 26.960373054073216 ] ] ] } },
{ "type": "Feature", "properties": { "OBJECTID": 198.0, "LAYER": "Stream", "STREAM_ID": 3801, "IN_FLOW": 2189.0, "OUT_FLOW": 2799.0, "DRAIN_AREA": "2.246 sq km", "STRAHLER": 2, "Shape_Leng": 0.0117765046409 }, "geometry": { "type": "MultiLineString", "coordinates": [ [ [ 75.756140635481984, 26.964684967837059 ], [ 75.756679624365233, 26.964145978054489 ], [ 75.75802709747262, 26.962798505846422 ], [ 75.757757603030996, 26.962529011404797 ], [ 75.757488108589371, 26.962529011404797 ], [ 75.757218614147803, 26.962259516063853 ], [ 75.757218614147803, 26.961990021622228 ], [ 75.756949118806858, 26.96172052718066 ], [ 75.756410129923609, 26.96118153829741 ], [ 75.756410129923609, 26.960373054073216 ], [ 75.756140635481984, 26.960103559631648 ], [ 75.756410129923609, 26.959834065190023 ], [ 75.756679624365233, 26.959834065190023 ], [ 75.756949118806858, 26.959564570748398 ], [ 75.757488108589371, 26.959564570748398 ], [ 75.75802709747262, 26.959564570748398 ], [ 75.759105076138383, 26.960642548514841 ], [ 75.759105076138383, 26.96118153829741 ], [ 75.759374570580007, 26.961451032739035 ], [ 75.759644065021632, 26.961451032739035 ], [ 75.759913559463257, 26.96118153829741 ], [ 75.759913559463257, 26.960912043855785 ] ] ] } },
{ "type": "Feature", "properties": { "OBJECTID": 199.0, "LAYER": "Stream", "STREAM_ID": 3819, "IN_FLOW": 1087.0, "OUT_FLOW": 1334.0, "DRAIN_AREA": "1.071 sq km", "STRAHLER": 2, "Shape_Leng": 0.0081231414520300006 }, "geometry": { "type": "MultiLineString", "coordinates": [ [ [ 75.776622223836625, 26.964145978054489 ], [ 75.776352729395001, 26.963876483612864 ], [ 75.776352729395001, 26.962529011404797 ], [ 75.776083234953376, 26.962259516063853 ], [ 75.776083234953376, 26.96118153829741 ], [ 75.77689171827825, 26.960373054073216 ], [ 75.77689171827825, 26.958756086524204 ], [ 75.778239191385637, 26.957408613416817 ], [ 75.778239191385637, 26.957139118975192 ] ] ] } },
{ "type": "Feature", "properties": { "OBJECTID": 200.0, "LAYER": "Stream", "STREAM_ID": 3829, "IN_FLOW": 203.0, "OUT_FLOW": 677.0, "DRAIN_AREA": "0.543 sq km", "STRAHLER": 1, "Shape_Leng": 0.010317403280700001 }, "geometry": { "type": "MultiLineString", "coordinates": [ [ [ 75.789018974446151, 26.963876483612864 ], [ 75.788749480004583, 26.963876483612864 ], [ 75.787671502238084, 26.962798505846422 ], [ 75.787402006897139, 26.962798505846422 ], [ 75.787132512455514, 26.962529011404797 ], [ 75.786324029130697, 26.962529011404797 ], [ 75.786054534689072, 26.962259516063853 ], [ 75.786054534689072, 26.961990021622228 ], [ 75.785785040247447, 26.96172052718066 ], [ 75.785515544906502, 26.961451032739035 ], [ 75.784168072698435, 26.960103559631648 ], [ 75.78389857735749, 26.960103559631648 ], [ 75.783359588474298, 26.960642548514841 ], [ 75.783090094032673, 26.960642548514841 ], [ 75.782281609808479, 26.961451032739035 ], [ 75.781742620925286, 26.961451032739035 ], [ 75.781203632042036, 26.960912043855785 ] ] ] } },
{ "type": "Feature", "properties": { "OBJECTID": 201.0, "LAYER": "Stream", "STREAM_ID": 3830, "IN_FLOW": 346.0, "OUT_FLOW": 1368.0, "DRAIN_AREA": "1.098 sq km", "STRAHLER": 1, "Shape_Leng": 0.0134469041044 }, "geometry": { "type": "MultiLineString", "coordinates": [ [ [ 75.814890455230397, 26.950132259895952 ], [ 75.814890455230397, 26.95040175433752 ], [ 75.814890455230397, 26.950671248779145 ], [ 75.814890455230397, 26.950940744120089 ], [ 75.815159949672022, 26.951210238561714 ], [ 75.815159949672022, 26.951479733003339 ], [ 75.81542944411359, 26.951749227444964 ], [ 75.81542944411359, 26.952827206110726 ], [ 75.81542944411359, 26.953635689435544 ], [ 75.81542944411359, 26.953905183877168 ], [ 75.81542944411359, 26.954444173659738 ], [ 75.815159949672022, 26.954713668101363 ], [ 75.815159949672022, 26.954983162542987 ], [ 75.814351465447828, 26.955791646767125 ], [ 75.814351465447828, 26.95606114120875 ], [ 75.814081971006203, 26.956330635650374 ], [ 75.814081971006203, 26.957139118975192 ], [ 75.814081971006203, 26.957408613416817 ], [ 75.814081971006203, 26.957678108757761 ], [ 75.813812476564578, 26.957947603199386 ], [ 75.813812476564578, 26.958217097641011 ], [ 75.813273487681386, 26.958756086524204 ], [ 75.813273487681386, 26.959834065190023 ], [ 75.813003993239761, 26.960103559631648 ], [ 75.813003993239761, 26.960642548514841 ], [ 75.813273487681386, 26.960912043855785 ], [ 75.813273487681386, 26.961451032739035 ], [ 75.813273487681386, 26.962239624858853 ] ] ] } },
{ "type": "Feature", "properties": { "OBJECTID": 202.0, "LAYER": "Stream", "STREAM_ID": 3840, "IN_FLOW": 11109.0, "OUT_FLOW": 11163.0, "DRAIN_AREA": "8.958 sq km", "STRAHLER": 3, "Shape_Leng": 0.00184022405438 }, "geometry": { "type": "MultiLineString", "coordinates": [ [ [ 75.803841176828882, 26.96360698917124 ], [ 75.803841176828882, 26.963337494729672 ], [ 75.803571682387314, 26.963068000288047 ], [ 75.803571682387314, 26.962259516063853 ], [ 75.80330218794569, 26.961990021622228 ] ] ] } },
{ "type": "Feature", "properties": { "OBJECTID": 203.0, "LAYER": "Stream", "STREAM_ID": 3847, "IN_FLOW": 1076.0, "OUT_FLOW": 1080.0, "DRAIN_AREA": "0.867 sq km", "STRAHLER": 2, "Shape_Leng": 0.00076224538865999995 }, "geometry": { "type": "MultiLineString", "coordinates": [ [ [ 75.766650924100929, 26.963337494729672 ], [ 75.767189912984179, 26.962798505846422 ] ] ] } },
{ "type": "Feature", "properties": { "OBJECTID": 204.0, "LAYER": "Stream", "STREAM_ID": 3853, "IN_FLOW": 201.0, "OUT_FLOW": 1032.0, "DRAIN_AREA": "0.828 sq km", "STRAHLER": 1, "Shape_Leng": 0.0172780256957 }, "geometry": { "type": "MultiLineString", "coordinates": [ [ [ 75.749942259727561, 26.963068000288047 ], [ 75.749672765285936, 26.963068000288047 ], [ 75.749403270844311, 26.962798505846422 ], [ 75.749133776402743, 26.962798505846422 ], [ 75.748864281961119, 26.962529011404797 ], [ 75.748325292178549, 26.961990021622228 ], [ 75.7477863032953, 26.961451032739035 ], [ 75.7477863032953, 26.960912043855785 ], [ 75.747247314412107, 26.960373054073216 ], [ 75.746438830187913, 26.960373054073216 ], [ 75.746169335746288, 26.960103559631648 ], [ 75.74536085242147, 26.959295076306773 ], [ 75.74536085242147, 26.958756086524204 ], [ 75.744821862638901, 26.958217097641011 ], [ 75.739431971108615, 26.958217097641011 ], [ 75.739162476667047, 26.957947603199386 ], [ 75.737815003559604, 26.956600130091999 ], [ 75.737815003559604, 26.95606114120875 ], [ 75.737276014676411, 26.95552215142618 ], [ 75.736737024893841, 26.95552215142618 ] ] ] } },
{ "type": "Feature", "properties": { "OBJECTID": 205.0, "LAYER": "Stream", "STREAM_ID": 3854, "IN_FLOW": 203.0, "OUT_FLOW": 226.0, "DRAIN_AREA": "0.1814 sq km", "STRAHLER": 1, "Shape_Leng": 0.0019518523070899999 }, "geometry": { "type": "MultiLineString", "coordinates": [ [ [ 75.79710381219121, 26.963068000288047 ], [ 75.796834317749642, 26.962798505846422 ], [ 75.796564823308017, 26.962529011404797 ], [ 75.796564823308017, 26.962259516063853 ], [ 75.796564823308017, 26.96172052718066 ], [ 75.796295328866393, 26.961451032739035 ] ] ] } },
{ "type": "Feature", "properties": { "OBJECTID": 206.0, "LAYER": "Stream", "STREAM_ID": 3860, "IN_FLOW": 7016.0, "OUT_FLOW": 7113.0, "DRAIN_AREA": "5.708 sq km", "STRAHLER": 3, "Shape_Leng": 0.00368044848133 }, "geometry": { "type": "MultiLineString", "coordinates": [ [ [ 75.767189912984179, 26.962798505846422 ], [ 75.767728902766692, 26.962259516063853 ], [ 75.767728902766692, 26.96172052718066 ], [ 75.767728902766692, 26.960373054073216 ], [ 75.767998397208316, 26.960103559631648 ], [ 75.767998397208316, 26.959834065190023 ], [ 75.767728902766692, 26.959564570748398 ] ] ] } },
{ "type": "Feature", "properties": { "OBJECTID": 207.0, "LAYER": "Stream", "STREAM_ID": 3861, "IN_FLOW": 203.0, "OUT_FLOW": 259.0, "DRAIN_AREA": "0.2078 sq km", "STRAHLER": 1, "Shape_Leng": 0.0022213464853500001 }, "geometry": { "type": "MultiLineString", "coordinates": [ [ [ 75.781473126483661, 26.962798505846422 ], [ 75.781473126483661, 26.962529011404797 ], [ 75.780934137600411, 26.961990021622228 ], [ 75.780934137600411, 26.96172052718066 ], [ 75.780934137600411, 26.961451032739035 ], [ 75.781203632042036, 26.96118153829741 ], [ 75.781203632042036, 26.960912043855785 ] ] ] } },
{ "type": "Feature", "properties": { "OBJECTID": 208.0, "LAYER": "Stream", "STREAM_ID": 3869, "IN_FLOW": 259.0, "OUT_FLOW": 307.0, "DRAIN_AREA": "0.2464 sq km", "STRAHLER": 1, "Shape_Leng": 0.0029835931457 }, "geometry": { "type": "MultiLineString", "coordinates": [ [ [ 75.805727638819519, 26.962259516063853 ], [ 75.805458144377894, 26.962529011404797 ], [ 75.805188649936326, 26.962529011404797 ], [ 75.804919155494701, 26.962259516063853 ], [ 75.804649661053077, 26.961990021622228 ], [ 75.804380166611452, 26.961990021622228 ], [ 75.804110671270507, 26.96172052718066 ], [ 75.803571682387314, 26.96172052718066 ], [ 75.80330218794569, 26.961990021622228 ] ] ] } },
{ "type": "Feature", "properties": { "OBJECTID": 209.0, "LAYER": "Stream", "STREAM_ID": 3870, "IN_FLOW": 5297.0, "OUT_FLOW": 5538.0, "DRAIN_AREA": "4.444 sq km", "STRAHLER": 3, "Shape_Leng": 0.0029791344741899998 }, "geometry": { "type": "MultiLineString", "coordinates": [ [ [ 75.877682693401653, 26.962529011404797 ], [ 75.877952187843277, 26.962259516063853 ], [ 75.87903016650904, 26.96118153829741 ], [ 75.879299660950664, 26.96118153829741 ], [ 75.879569155392289, 26.960912043855785 ], [ 75.879992057987124, 26.960912043855785 ] ] ] } },
{ "type": "Feature", "properties": { "OBJECTID": 210.0, "LAYER": "Stream", "STREAM_ID": 3874, "IN_FLOW": 201.0, "OUT_FLOW": 1079.0, "DRAIN_AREA": "0.866 sq km", "STRAHLER": 1, "Shape_Leng": 0.0163177890688 }, "geometry": { "type": "MultiLineString", "coordinates": [ [ [ 75.728382692707157, 26.962259516063853 ], [ 75.728113198265532, 26.962259516063853 ], [ 75.727843703823908, 26.961990021622228 ], [ 75.72757420938234, 26.961990021622228 ], [ 75.727304714940715, 26.96172052718066 ], [ 75.72703522049909, 26.961990021622228 ], [ 75.726766271945962, 26.961990021622228 ] ], [ [ 75.726496230716521, 26.961686034582897 ], [ 75.726496230716521, 26.961451032739035 ], [ 75.726226736274896, 26.96118153829741 ], [ 75.725687747391703, 26.960642548514841 ], [ 75.725687747391703, 26.959834065190023 ], [ 75.724340274284316, 26.958486592082636 ], [ 75.724070779842691, 26.958217097641011 ], [ 75.724070779842691, 26.957947603199386 ], [ 75.723538583538868, 26.957415406895564 ] ], [ [ 75.723531790959441, 26.957403133847606 ], [ 75.723531790959441, 26.956869624533624 ], [ 75.722453812293679, 26.955791646767125 ], [ 75.722184317852054, 26.955791646767125 ], [ 75.72137583362786, 26.954983162542987 ], [ 75.720567350303043, 26.954983162542987 ], [ 75.719758866078848, 26.954174679218113 ], [ 75.719489371637223, 26.954174679218113 ], [ 75.719219877195655, 26.954174679218113 ], [ 75.718950382754031, 26.953905183877168 ], [ 75.718411393870781, 26.953905183877168 ], [ 75.717602909646644, 26.953096700552351 ], [ 75.717333415205019, 26.953096700552351 ], [ 75.717063920763394, 26.952827206110726 ], [ 75.716868965730214, 26.952827206110726 ] ] ] } },
{ "type": "Feature", "properties": { "OBJECTID": 211.0, "LAYER": "Stream", "STREAM_ID": 3875, "IN_FLOW": 239.0, "OUT_FLOW": 399.0, "DRAIN_AREA": "0.3202 sq km", "STRAHLER": 1, "Shape_Leng": 0.0079844286517900005 }, "geometry": { "type": "MultiLineString", "coordinates": [ [ [ 75.737006520234786, 26.962259516063853 ], [ 75.737006520234786, 26.96172052718066 ], [ 75.736737024893841, 26.961451032739035 ], [ 75.735389552685774, 26.960103559631648 ], [ 75.735389552685774, 26.959834065190023 ], [ 75.73512005734483, 26.959564570748398 ], [ 75.73512005734483, 26.959295076306773 ], [ 75.733233595354193, 26.957408613416817 ], [ 75.733233595354193, 26.956600130091999 ], [ 75.733772585136762, 26.95606114120875 ] ] ] } },
{ "type": "Feature", "properties": { "OBJECTID": 212.0, "LAYER": "Stream", "STREAM_ID": 3876, "IN_FLOW": 1151.0, "OUT_FLOW": 1788.0, "DRAIN_AREA": "1.435 sq km", "STRAHLER": 2, "Shape_Leng": 0.0099825191584899994 }, "geometry": { "type": "MultiLineString", "coordinates": [ [ [ 75.867711393665957, 26.960373054073216 ], [ 75.867980888107581, 26.960103559631648 ], [ 75.868789372331719, 26.960103559631648 ], [ 75.869058866773344, 26.960373054073216 ], [ 75.869328361214968, 26.960642548514841 ], [ 75.869597855656593, 26.960912043855785 ], [ 75.870136844539786, 26.960912043855785 ], [ 75.87094532876398, 26.96172052718066 ], [ 75.871214823205605, 26.96172052718066 ], [ 75.871484317647173, 26.961451032739035 ], [ 75.872292801871367, 26.960642548514841 ], [ 75.872831790754617, 26.960642548514841 ], [ 75.87337077963781, 26.960642548514841 ], [ 75.874987747186822, 26.962259516063853 ], [ 75.875796231411016, 26.962259516063853 ] ] ] } },
{ "type": "Feature", "properties": { "OBJECTID": 213.0, "LAYER": "Stream", "STREAM_ID": 3877, "IN_FLOW": 2570.0, "OUT_FLOW": 2590.0, "DRAIN_AREA": "2.078 sq km", "STRAHLER": 2, "Shape_Leng": 0.00199809087926 }, "geometry": { "type": "MultiLineString", "coordinates": [ [ [ 75.875796231411016, 26.962259516063853 ], [ 75.877143704518403, 26.962259516063853 ], [ 75.877413198960028, 26.962259516063853 ], [ 75.877682693401653, 26.962529011404797 ] ] ] } },
{ "type": "Feature", "properties": { "OBJECTID": 214.0, "LAYER": "Stream", "STREAM_ID": 3885, "IN_FLOW": 200.0, "OUT_FLOW": 217.0, "DRAIN_AREA": "0.1741 sq km", "STRAHLER": 1, "Shape_Leng": 0.0013012349077700001 }, "geometry": { "type": "MultiLineString", "coordinates": [ [ [ 75.760452549245827, 26.961990021622228 ], [ 75.760452549245827, 26.96172052718066 ], [ 75.760452549245827, 26.961451032739035 ], [ 75.759913559463257, 26.960912043855785 ] ] ] } },
{ "type": "Feature", "properties": { "OBJECTID": 215.0, "LAYER": "Stream", "STREAM_ID": 3886, "IN_FLOW": 11473.0, "OUT_FLOW": 11719.0, "DRAIN_AREA": "9.404 sq km", "STRAHLER": 3, "Shape_Leng": 0.0046197121757600001 }, "geometry": { "type": "MultiLineString", "coordinates": [ [ [ 75.80330218794569, 26.961990021622228 ], [ 75.80276319906244, 26.961990021622228 ], [ 75.802493703721495, 26.96172052718066 ], [ 75.801415725955053, 26.960642548514841 ], [ 75.801146231513428, 26.960642548514841 ], [ 75.799798758406041, 26.959295076306773 ] ] ] } },
{ "type": "Feature", "properties": { "OBJECTID": 216.0, "LAYER": "Stream", "STREAM_ID": 3894, "IN_FLOW": 15783.0, "OUT_FLOW": 16211.0, "DRAIN_AREA": "13.009 sq km", "STRAHLER": 3, "Shape_Leng": 0.0064870226854099999 }, "geometry": { "type": "MultiLineString", "coordinates": [ [ [ 75.796295328866393, 26.961451032739035 ], [ 75.796295328866393, 26.960103559631648 ], [ 75.795756339083823, 26.959564570748398 ], [ 75.794678361317381, 26.959564570748398 ], [ 75.794408866875756, 26.959564570748398 ], [ 75.793869877093186, 26.959025580965829 ], [ 75.793869877093186, 26.958756086524204 ], [ 75.793600382651618, 26.958486592082636 ], [ 75.793600382651618, 26.956869624533624 ] ] ] } },
{ "type": "Feature", "properties": { "OBJECTID": 217.0, "LAYER": "Stream", "STREAM_ID": 3903, "IN_FLOW": 246.0, "OUT_FLOW": 252.0, "DRAIN_AREA": "0.2022 sq km", "STRAHLER": 1, "Shape_Leng": 0.00076224602457499997 }, "geometry": { "type": "MultiLineString", "coordinates": [ [ [ 75.847229805311315, 26.96118153829741 ], [ 75.847768794194565, 26.960642548514841 ] ] ] } },
{ "type": "Feature", "properties": { "OBJECTID": 218.0, "LAYER": "Stream", "STREAM_ID": 3909, "IN_FLOW": 3019.0, "OUT_FLOW": 3656.0, "DRAIN_AREA": "2.934 sq km", "STRAHLER": 2, "Shape_Leng": 0.0124542087588 }, "geometry": { "type": "MultiLineString", "coordinates": [ [ [ 75.759913559463257, 26.960912043855785 ], [ 75.759913559463257, 26.960642548514841 ], [ 75.760452549245827, 26.960103559631648 ], [ 75.760452549245827, 26.959834065190023 ], [ 75.760452549245827, 26.959564570748398 ], [ 75.760452549245827, 26.958486592082636 ], [ 75.760722043687451, 26.958217097641011 ], [ 75.761261032570644, 26.957678108757761 ], [ 75.761261032570644, 26.956600130091999 ], [ 75.760991538129019, 26.956330635650374 ], [ 75.762878000119656, 26.954444173659738 ], [ 75.762878000119656, 26.953635689435544 ], [ 75.762608505678031, 26.953366194993976 ], [ 75.762608505678031, 26.952288216328157 ], [ 75.762608505678031, 26.951749227444964 ], [ 75.762878000119656, 26.951479733003339 ], [ 75.762878000119656, 26.951210238561714 ], [ 75.762878000119656, 26.950132259895952 ] ] ] } },
{ "type": "Feature", "properties": { "OBJECTID": 219.0, "LAYER": "Stream", "STREAM_ID": 3910, "IN_FLOW": 939.0, "OUT_FLOW": 1128.0, "DRAIN_AREA": "0.905 sq km", "STRAHLER": 2, "Shape_Leng": 0.0054744352354899996 }, "geometry": { "type": "MultiLineString", "coordinates": [ [ [ 75.781203632042036, 26.960912043855785 ], [ 75.781203632042036, 26.960642548514841 ], [ 75.780664642259467, 26.960103559631648 ], [ 75.780664642259467, 26.958756086524204 ], [ 75.780125653376274, 26.958217097641011 ], [ 75.779317170051399, 26.958217097641011 ], [ 75.778239191385637, 26.957139118975192 ] ] ] } },
{ "type": "Feature", "properties": { "OBJECTID": 220.0, "LAYER": "Stream", "STREAM_ID": 3915, "IN_FLOW": 1468.0, "OUT_FLOW": 1728.0, "DRAIN_AREA": "1.387 sq km", "STRAHLER": 2, "Shape_Leng": 0.00343010615655 }, "geometry": { "type": "MultiLineString", "coordinates": [ [ [ 75.847768794194565, 26.960642548514841 ], [ 75.850194245967714, 26.958217097641011 ] ] ] } },
{ "type": "Feature", "properties": { "OBJECTID": 221.0, "LAYER": "Stream", "STREAM_ID": 3919, "IN_FLOW": 1362.0, "OUT_FLOW": 1508.0, "DRAIN_AREA": "1.21 sq km", "STRAHLER": 2, "Shape_Leng": 0.0101674707943 }, "geometry": { "type": "MultiLineString", "coordinates": [ [ [ 75.841300923998517, 26.960373054073216 ], [ 75.84183991378103, 26.959834065190023 ], [ 75.842378902664279, 26.959834065190023 ], [ 75.842648397105904, 26.959564570748398 ], [ 75.843187386888474, 26.959564570748398 ], [ 75.843726375771666, 26.959025580965829 ], [ 75.843726375771666, 26.958756086524204 ], [ 75.843995870213291, 26.958486592082636 ], [ 75.844265364654916, 26.958217097641011 ], [ 75.844534859096541, 26.958217097641011 ], [ 75.844804353538166, 26.958217097641011 ], [ 75.845073848879053, 26.957947603199386 ], [ 75.849924751526146, 26.957947603199386 ], [ 75.850194245967714, 26.958217097641011 ] ] ] } },
{ "type": "Feature", "properties": { "OBJECTID": 222.0, "LAYER": "Stream", "STREAM_ID": 3927, "IN_FLOW": 210.0, "OUT_FLOW": 467.0, "DRAIN_AREA": "0.3748 sq km", "STRAHLER": 1, "Shape_Leng": 0.0059209467109800004 }, "geometry": { "type": "MultiLineString", "coordinates": [ [ [ 75.863668975243058, 26.958756086524204 ], [ 75.863668975243058, 26.958486592082636 ], [ 75.863938469684683, 26.958217097641011 ], [ 75.864207964126308, 26.958217097641011 ], [ 75.864746953009558, 26.957678108757761 ], [ 75.865016447451126, 26.957678108757761 ], [ 75.86582493167532, 26.958486592082636 ], [ 75.86582493167532, 26.958756086524204 ], [ 75.866094426116945, 26.959025580965829 ], [ 75.866633415000138, 26.959564570748398 ], [ 75.866902910341082, 26.959564570748398 ], [ 75.867711393665957, 26.960373054073216 ] ] ] } },
{ "type": "Feature", "properties": { "OBJECTID": 223.0, "LAYER": "Stream", "STREAM_ID": 3928, "IN_FLOW": 37550.0, "OUT_FLOW": 37948.0, "DRAIN_AREA": "30.452 sq km", "STRAHLER": 4, "Shape_Leng": 0.0063799143873600004 }, "geometry": { "type": "MultiLineString", "coordinates": [ [ [ 75.875257242527766, 26.95606114120875 ], [ 75.875796231411016, 26.956600130091999 ], [ 75.876335220294266, 26.957139118975192 ], [ 75.876335220294266, 26.957408613416817 ], [ 75.877143704518403, 26.958217097641011 ], [ 75.877413198960028, 26.958217097641011 ], [ 75.877682693401653, 26.958486592082636 ], [ 75.87849117672647, 26.958486592082636 ], [ 75.878760672067415, 26.958756086524204 ], [ 75.87903016650904, 26.958756086524204 ], [ 75.879569155392289, 26.959295076306773 ], [ 75.880108144275482, 26.959295076306773 ], [ 75.880139750948786, 26.959295076306773 ] ] ] } },
{ "type": "Feature", "properties": { "OBJECTID": 224.0, "LAYER": "Stream", "STREAM_ID": 3931, "IN_FLOW": 210.0, "OUT_FLOW": 444.0, "DRAIN_AREA": "0.3563 sq km", "STRAHLER": 1, "Shape_Leng": 0.0085696556256100002 }, "geometry": { "type": "MultiLineString", "coordinates": [ [ [ 75.773388288738602, 26.959834065190023 ], [ 75.773118794296977, 26.959564570748398 ], [ 75.772579805413727, 26.959025580965829 ], [ 75.771501826747965, 26.959025580965829 ], [ 75.770154353640578, 26.957678108757761 ], [ 75.770154353640578, 26.957139118975192 ], [ 75.769615364757328, 26.956600130091999 ], [ 75.769615364757328, 26.956330635650374 ], [ 75.769884859198953, 26.95606114120875 ], [ 75.769884859198953, 26.955252656984555 ], [ 75.769615364757328, 26.954983162542987 ], [ 75.769345870315703, 26.954713668101363 ], [ 75.769345870315703, 26.954174679218113 ], [ 75.769076375874079, 26.953905183877168 ] ] ] } },
{ "type": "Feature", "properties": { "OBJECTID": 225.0, "LAYER": "Stream", "STREAM_ID": 3938, "IN_FLOW": 7335.0, "OUT_FLOW": 7544.0, "DRAIN_AREA": "6.054 sq km", "STRAHLER": 3, "Shape_Leng": 0.0074071354256699997 }, "geometry": { "type": "MultiLineString", "coordinates": [ [ [ 75.767728902766692, 26.959564570748398 ], [ 75.767459408325067, 26.959295076306773 ], [ 75.767459408325067, 26.958486592082636 ], [ 75.767459408325067, 26.957408613416817 ], [ 75.766920418542554, 26.956869624533624 ], [ 75.766920418542554, 26.956330635650374 ], [ 75.766920418542554, 26.95552215142618 ], [ 75.766920418542554, 26.954174679218113 ], [ 75.767189912984179, 26.953905183877168 ], [ 75.767459408325067, 26.953905183877168 ], [ 75.767998397208316, 26.953366194993976 ], [ 75.767998397208316, 26.953096700552351 ] ] ] } },
{ "type": "Feature", "properties": { "OBJECTID": 226.0, "LAYER": "Stream", "STREAM_ID": 3939, "IN_FLOW": 203.0, "OUT_FLOW": 216.0, "DRAIN_AREA": "0.1733 sq km", "STRAHLER": 1, "Shape_Leng": 0.00080848332487400002 }, "geometry": { "type": "MultiLineString", "coordinates": [ [ [ 75.768537386091566, 26.959564570748398 ], [ 75.767998397208316, 26.959564570748398 ], [ 75.767728902766692, 26.959564570748398 ] ] ] } },
{ "type": "Feature", "properties": { "OBJECTID": 227.0, "LAYER": "Stream", "STREAM_ID": 3945, "IN_FLOW": 12991.0, "OUT_FLOW": 13244.0, "DRAIN_AREA": "10.628 sq km", "STRAHLER": 3, "Shape_Leng": 0.0039690959391200003 }, "geometry": { "type": "MultiLineString", "coordinates": [ [ [ 75.799798758406041, 26.959295076306773 ], [ 75.799529263964416, 26.959025580965829 ], [ 75.799259768623472, 26.959025580965829 ], [ 75.798181790857029, 26.957947603199386 ], [ 75.797912296415404, 26.957947603199386 ], [ 75.796834317749642, 26.956869624533624 ] ] ] } },
{ "type": "Feature", "properties": { "OBJECTID": 228.0, "LAYER": "Stream", "STREAM_ID": 3946, "IN_FLOW": 1259.0, "OUT_FLOW": 1266.0, "DRAIN_AREA": "1.016 sq km", "STRAHLER": 2, "Shape_Leng": 0.0010317404661600001 }, "geometry": { "type": "MultiLineString", "coordinates": [ [ [ 75.800607241730859, 26.958756086524204 ], [ 75.800068252847666, 26.959295076306773 ], [ 75.799798758406041, 26.959295076306773 ] ] ] } },
{ "type": "Feature", "properties": { "OBJECTID": 229.0, "LAYER": "Stream", "STREAM_ID": 3951, "IN_FLOW": 201.0, "OUT_FLOW": 377.0, "DRAIN_AREA": "0.3025 sq km", "STRAHLER": 1, "Shape_Leng": 0.00155760490684 }, "geometry": { "type": "MultiLineString", "coordinates": [ [ [ 75.717333415205019, 26.959025580965829 ], [ 75.717333415205019, 26.958486592082636 ], [ 75.716794426321769, 26.957947603199386 ], [ 75.716538055686783, 26.957947603199386 ] ] ] } },
{ "type": "Feature", "properties": { "OBJECTID": 230.0, "LAYER": "Stream", "STREAM_ID": 3952, "IN_FLOW": 201.0, "OUT_FLOW": 231.0, "DRAIN_AREA": "0.1854 sq km", "STRAHLER": 1, "Shape_Leng": 0.0030760689091599998 }, "geometry": { "type": "MultiLineString", "coordinates": [ [ [ 75.803571682387314, 26.959025580965829 ], [ 75.803032693504065, 26.959025580965829 ], [ 75.80276319906244, 26.959025580965829 ], [ 75.802493703721495, 26.959025580965829 ], [ 75.800876736172484, 26.959025580965829 ], [ 75.800607241730859, 26.958756086524204 ] ] ] } },
{ "type": "Feature", "properties": { "OBJECTID": 231.0, "LAYER": "Stream", "STREAM_ID": 3954, "IN_FLOW": 254.0, "OUT_FLOW": 401.0, "DRAIN_AREA": "0.3218 sq km", "STRAHLER": 1, "Shape_Leng": 0.0049354453438099997 }, "geometry": { "type": "MultiLineString", "coordinates": [ [ [ 75.839144967566256, 26.958756086524204 ], [ 75.839414462007881, 26.958486592082636 ], [ 75.839683956449505, 26.958217097641011 ], [ 75.83995345179045, 26.958217097641011 ], [ 75.840222946232018, 26.957947603199386 ], [ 75.841031429556892, 26.957947603199386 ], [ 75.841300923998517, 26.958217097641011 ], [ 75.841570419339462, 26.958217097641011 ], [ 75.84183991378103, 26.957947603199386 ], [ 75.842109408222655, 26.957678108757761 ], [ 75.842109408222655, 26.957408613416817 ], [ 75.842378902664279, 26.957139118975192 ], [ 75.842648397105904, 26.956869624533624 ], [ 75.842917891547529, 26.956869624533624 ] ] ] } },
{ "type": "Feature", "properties": { "OBJECTID": 232.0, "LAYER": "Stream", "STREAM_ID": 3958, "IN_FLOW": 819.0, "OUT_FLOW": 1023.0, "DRAIN_AREA": "0.821 sq km", "STRAHLER": 2, "Shape_Leng": 0.0067756692439200003 }, "geometry": { "type": "MultiLineString", "coordinates": [ [ [ 75.805188649936326, 26.954983162542987 ], [ 75.804919155494701, 26.954983162542987 ], [ 75.804380166611452, 26.95552215142618 ], [ 75.804110671270507, 26.95552215142618 ], [ 75.803841176828882, 26.955791646767125 ], [ 75.803571682387314, 26.95606114120875 ], [ 75.803032693504065, 26.956600130091999 ], [ 75.803032693504065, 26.956869624533624 ], [ 75.803032693504065, 26.957139118975192 ], [ 75.803032693504065, 26.957408613416817 ], [ 75.80276319906244, 26.957678108757761 ], [ 75.80276319906244, 26.957947603199386 ], [ 75.802493703721495, 26.958217097641011 ], [ 75.801146231513428, 26.958217097641011 ], [ 75.800607241730859, 26.958756086524204 ] ] ] } },
{ "type": "Feature", "properties": { "OBJECTID": 233.0, "LAYER": "Stream", "STREAM_ID": 3961, "IN_FLOW": 3242.0, "OUT_FLOW": 3343.0, "DRAIN_AREA": "2.683 sq km", "STRAHLER": 3, "Shape_Leng": 0.00190561410752 }, "geometry": { "type": "MultiLineString", "coordinates": [ [ [ 75.850194245967714, 26.958217097641011 ], [ 75.851541718175838, 26.956869624533624 ] ] ] } },
{ "type": "Feature", "properties": { "OBJECTID": 234.0, "LAYER": "Stream", "STREAM_ID": 3964, "IN_FLOW": 61992.0, "OUT_FLOW": 62897.0, "DRAIN_AREA": "50.474 sq km", "STRAHLER": 5, "Shape_Leng": 0.00077897113396399999 }, "geometry": { "type": "MultiLineString", "coordinates": [ [ [ 75.898064480391497, 26.950571447414404 ], [ 75.897894787314613, 26.95040175433752 ], [ 75.897894787314613, 26.949862765454327 ] ] ] } },
{ "type": "Feature", "properties": { "OBJECTID": 235.0, "LAYER": "Stream", "STREAM_ID": 3966, "IN_FLOW": 210.0, "OUT_FLOW": 339.0, "DRAIN_AREA": "0.272 sq km", "STRAHLER": 1, "Shape_Leng": 0.0091277976340100007 }, "geometry": { "type": "MultiLineString", "coordinates": [ [ [ 75.743743884872458, 26.956330635650374 ], [ 75.743474389531514, 26.956330635650374 ], [ 75.742935400648264, 26.956869624533624 ], [ 75.742665906206639, 26.956869624533624 ], [ 75.741857421982502, 26.957678108757761 ], [ 75.741318433099252, 26.957678108757761 ], [ 75.741048938657627, 26.957408613416817 ], [ 75.740779444216059, 26.957408613416817 ], [ 75.74024045533281, 26.956869624533624 ], [ 75.738084498001228, 26.954713668101363 ], [ 75.737545509118036, 26.954713668101363 ], [ 75.736737024893841, 26.95552215142618 ] ] ] } },
{ "type": "Feature", "properties": { "OBJECTID": 236.0, "LAYER": "Stream", "STREAM_ID": 3977, "IN_FLOW": 2465.0, "OUT_FLOW": 3223.0, "DRAIN_AREA": "2.586 sq km", "STRAHLER": 3, "Shape_Leng": 0.0202424654527 }, "geometry": { "type": "MultiLineString", "coordinates": [ [ [ 75.778239191385637, 26.957139118975192 ], [ 75.778239191385637, 26.956869624533624 ], [ 75.778239191385637, 26.956600130091999 ], [ 75.778239191385637, 26.956330635650374 ], [ 75.778239191385637, 26.95606114120875 ], [ 75.778239191385637, 26.95552215142618 ], [ 75.777430708060763, 26.954713668101363 ], [ 75.777430708060763, 26.953635689435544 ], [ 75.777700202502388, 26.953366194993976 ], [ 75.777700202502388, 26.951210238561714 ], [ 75.777969696944012, 26.950940744120089 ], [ 75.777969696944012, 26.950671248779145 ], [ 75.777700202502388, 26.95040175433752 ], [ 75.777700202502388, 26.950132259895952 ], [ 75.77689171827825, 26.949323776571077 ], [ 75.77689171827825, 26.949054282129453 ], [ 75.777700202502388, 26.948245797905315 ], [ 75.777700202502388, 26.94797630346369 ], [ 75.777430708060763, 26.947706809022065 ], [ 75.775544245170806, 26.947706809022065 ], [ 75.775274750729238, 26.947437314580441 ], [ 75.774466267404364, 26.947437314580441 ], [ 75.773927277621794, 26.946898324797928 ], [ 75.773657783180226, 26.946898324797928 ], [ 75.773388288738602, 26.946628830356303 ], [ 75.773388288738602, 26.946359335914678 ], [ 75.773118794296977, 26.946089841473054 ], [ 75.772849299855352, 26.946089841473054 ], [ 75.772310310972102, 26.946089841473054 ], [ 75.77123233230634, 26.945011862807291 ], [ 75.769345870315703, 26.945011862807291 ] ] ] } },
{ "type": "Feature", "properties": { "OBJECTID": 237.0, "LAYER": "Stream", "STREAM_ID": 3982, "IN_FLOW": 258.0, "OUT_FLOW": 642.0, "DRAIN_AREA": "0.515 sq km", "STRAHLER": 1, "Shape_Leng": 0.0124079705592 }, "geometry": { "type": "MultiLineString", "coordinates": [ [ [ 75.729460671372919, 26.956869624533624 ], [ 75.728921682489727, 26.956330635650374 ], [ 75.728921682489727, 26.955791646767125 ], [ 75.728921682489727, 26.955252656984555 ], [ 75.728382692707157, 26.954713668101363 ], [ 75.727843703823908, 26.954713668101363 ], [ 75.727304714940715, 26.954174679218113 ], [ 75.726765726057465, 26.954174679218113 ], [ 75.725957241833328, 26.953366194993976 ], [ 75.725418252950078, 26.953366194993976 ], [ 75.725148758508453, 26.953096700552351 ], [ 75.724340274284316, 26.953096700552351 ], [ 75.723801285401066, 26.952557711669101 ], [ 75.723801285401066, 26.952288216328157 ], [ 75.723531790959441, 26.952018721886532 ], [ 75.722453812293679, 26.950940744120089 ], [ 75.722453812293679, 26.948784786788508 ] ] ] } },
{ "type": "Feature", "properties": { "OBJECTID": 238.0, "LAYER": "Stream", "STREAM_ID": 3983, "IN_FLOW": 200.0, "OUT_FLOW": 286.0, "DRAIN_AREA": "0.2295 sq km", "STRAHLER": 1, "Shape_Leng": 0.00302983070954 }, "geometry": { "type": "MultiLineString", "coordinates": [ [ [ 75.789018974446151, 26.956869624533624 ], [ 75.789288469787095, 26.956600130091999 ], [ 75.78955796422872, 26.956330635650374 ], [ 75.78955796422872, 26.95606114120875 ], [ 75.78955796422872, 26.955791646767125 ], [ 75.78955796422872, 26.95552215142618 ], [ 75.78955796422872, 26.954713668101363 ], [ 75.78955796422872, 26.954444173659738 ], [ 75.789827458670345, 26.954174679218113 ] ] ] } },
{ "type": "Feature", "properties": { "OBJECTID": 239.0, "LAYER": "Stream", "STREAM_ID": 3984, "IN_FLOW": 29912.0, "OUT_FLOW": 30230.0, "DRAIN_AREA": "24.259 sq km", "STRAHLER": 4, "Shape_Leng": 0.0048892066174199998 }, "geometry": { "type": "MultiLineString", "coordinates": [ [ [ 75.793600382651618, 26.956869624533624 ], [ 75.793330888209994, 26.956600130091999 ], [ 75.791983415102607, 26.955252656984555 ], [ 75.791444426219357, 26.955252656984555 ], [ 75.791174931777732, 26.955252656984555 ], [ 75.790905437336107, 26.955252656984555 ], [ 75.789827458670345, 26.954174679218113 ] ] ] } },
{ "type": "Feature", "properties": { "OBJECTID": 240.0, "LAYER": "Stream", "STREAM_ID": 3985, "IN_FLOW": 13631.0, "OUT_FLOW": 13681.0, "DRAIN_AREA": "10.979 sq km", "STRAHLER": 3, "Shape_Leng": 0.0034571916034300001 }, "geometry": { "type": "MultiLineString", "coordinates": [ [ [ 75.796834317749642, 26.956869624533624 ], [ 75.796564823308017, 26.956869624533624 ], [ 75.796295328866393, 26.956600130091999 ], [ 75.796025834424768, 26.956600130091999 ], [ 75.795756339083823, 26.956600130091999 ], [ 75.79521735020063, 26.956600130091999 ], [ 75.794947855759006, 26.956869624533624 ], [ 75.793600382651618, 26.956869624533624 ] ] ] } },
{ "type": "Feature", "properties": { "OBJECTID": 241.0, "LAYER": "Stream", "STREAM_ID": 3986, "IN_FLOW": 1790.0, "OUT_FLOW": 1914.0, "DRAIN_AREA": "1.536 sq km", "STRAHLER": 2, "Shape_Leng": 0.0088470831337400004 }, "geometry": { "type": "MultiLineString", "coordinates": [ [ [ 75.842917891547529, 26.956869624533624 ], [ 75.843187386888474, 26.956869624533624 ], [ 75.843456881330042, 26.956600130091999 ], [ 75.851272223734213, 26.956600130091999 ], [ 75.851541718175838, 26.956869624533624 ] ] ] } },
{ "type": "Feature", "properties": { "OBJECTID": 242.0, "LAYER": "Stream", "STREAM_ID": 3987, "IN_FLOW": 5263.0, "OUT_FLOW": 5527.0, "DRAIN_AREA": "4.435 sq km", "STRAHLER": 3, "Shape_Leng": 0.0026678607679300002 }, "geometry": { "type": "MultiLineString", "coordinates": [ [ [ 75.851541718175838, 26.956869624533624 ], [ 75.853428181065738, 26.954983162542987 ] ] ] } },
{ "type": "Feature", "properties": { "OBJECTID": 243.0, "LAYER": "Stream", "STREAM_ID": 3995, "IN_FLOW": 209.0, "OUT_FLOW": 384.0, "DRAIN_AREA": "0.3082 sq km", "STRAHLER": 1, "Shape_Leng": 0.0056976908415599997 }, "geometry": { "type": "MultiLineString", "coordinates": [ [ [ 75.801415725955053, 26.954174679218113 ], [ 75.801146231513428, 26.954444173659738 ], [ 75.800607241730859, 26.954444173659738 ], [ 75.800337747289291, 26.954444173659738 ], [ 75.799529263964416, 26.954444173659738 ], [ 75.797912296415404, 26.95606114120875 ], [ 75.79764280197378, 26.95606114120875 ], [ 75.797373306632835, 26.956330635650374 ], [ 75.796834317749642, 26.956869624533624 ] ] ] } },
{ "type": "Feature", "properties": { "OBJECTID": 244.0, "LAYER": "Stream", "STREAM_ID": 3996, "IN_FLOW": 808.0, "OUT_FLOW": 1385.0, "DRAIN_AREA": "1.111 sq km", "STRAHLER": 2, "Shape_Leng": 0.0123154945326 }, "geometry": { "type": "MultiLineString", "coordinates": [ [ [ 75.833485581594346, 26.952288216328157 ], [ 75.83375507603597, 26.952288216328157 ], [ 75.83429406491922, 26.952288216328157 ], [ 75.834563559360845, 26.952557711669101 ], [ 75.835372043584982, 26.953366194993976 ], [ 75.835372043584982, 26.953635689435544 ], [ 75.835641538026607, 26.953905183877168 ], [ 75.835911032468232, 26.954174679218113 ], [ 75.837258505575619, 26.95552215142618 ], [ 75.837258505575619, 26.955791646767125 ], [ 75.837528000017244, 26.95606114120875 ], [ 75.837797494458869, 26.95606114120875 ], [ 75.838066988900493, 26.95606114120875 ], [ 75.838605978683006, 26.95552215142618 ], [ 75.839144967566256, 26.95552215142618 ], [ 75.839683956449505, 26.95552215142618 ], [ 75.83995345179045, 26.95552215142618 ], [ 75.840222946232018, 26.95552215142618 ], [ 75.840492440673643, 26.955791646767125 ], [ 75.840761935115268, 26.95606114120875 ], [ 75.841031429556892, 26.95606114120875 ], [ 75.841300923998517, 26.956330635650374 ], [ 75.841570419339462, 26.95606114120875 ], [ 75.84183991378103, 26.95606114120875 ], [ 75.842109408222655, 26.95606114120875 ], [ 75.842917891547529, 26.956869624533624 ] ] ] } },
{ "type": "Feature", "properties": { "OBJECTID": 245.0, "LAYER": "Stream", "STREAM_ID": 4000, "IN_FLOW": 252.0, "OUT_FLOW": 854.0, "DRAIN_AREA": "0.685 sq km", "STRAHLER": 1, "Shape_Leng": 0.0120730858011 }, "geometry": { "type": "MultiLineString", "coordinates": [ [ [ 75.755332151257846, 26.956330635650374 ], [ 75.756140635481984, 26.956330635650374 ], [ 75.756410129923609, 26.95606114120875 ], [ 75.756410129923609, 26.955252656984555 ], [ 75.756410129923609, 26.954713668101363 ], [ 75.756679624365233, 26.954444173659738 ], [ 75.756679624365233, 26.953635689435544 ], [ 75.757218614147803, 26.953096700552351 ], [ 75.757218614147803, 26.952827206110726 ], [ 75.757488108589371, 26.952557711669101 ], [ 75.75802709747262, 26.952018721886532 ], [ 75.758835581696815, 26.952018721886532 ], [ 75.759105076138383, 26.952288216328157 ], [ 75.759913559463257, 26.952288216328157 ], [ 75.760722043687451, 26.952288216328157 ], [ 75.761261032570644, 26.951749227444964 ], [ 75.761800021453894, 26.951749227444964 ], [ 75.762069515895519, 26.951479733003339 ], [ 75.762069515895519, 26.951210238561714 ], [ 75.762069515895519, 26.950940744120089 ], [ 75.762878000119656, 26.950132259895952 ] ] ] } },
{ "type": "Feature", "properties": { "OBJECTID": 246.0, "LAYER": "Stream", "STREAM_ID": 4001, "IN_FLOW": 201.0, "OUT_FLOW": 551.0, "DRAIN_AREA": "0.4422 sq km", "STRAHLER": 1, "Shape_Leng": 0.0068219078160200002 }, "geometry": { "type": "MultiLineString", "coordinates": [ [ [ 75.811117531249124, 26.95552215142618 ], [ 75.81084803590818, 26.95552215142618 ], [ 75.810578541466555, 26.955791646767125 ], [ 75.810039552583362, 26.955791646767125 ], [ 75.809770058141737, 26.95606114120875 ], [ 75.809500563700112, 26.95606114120875 ], [ 75.809231068359168, 26.956330635650374 ], [ 75.80842258503435, 26.956330635650374 ], [ 75.808153090592725, 26.956330635650374 ], [ 75.8078835961511, 26.95606114120875 ], [ 75.807075111926906, 26.955252656984555 ], [ 75.806266628602089, 26.955252656984555 ], [ 75.805997133261144, 26.954983162542987 ], [ 75.805727638819519, 26.954983162542987 ], [ 75.805458144377894, 26.954983162542987 ], [ 75.805188649936326, 26.954983162542987 ] ] ] } },
{ "type": "Feature", "properties": { "OBJECTID": 247.0, "LAYER": "Stream", "STREAM_ID": 4002, "IN_FLOW": 244.0, "OUT_FLOW": 245.0, "DRAIN_AREA": "0.1966 sq km", "STRAHLER": 1, "Shape_Leng": 0.00065061803527499999 }, "geometry": { "type": "MultiLineString", "coordinates": [ [ [ 75.874718252745197, 26.956330635650374 ], [ 75.874987747186822, 26.95606114120875 ], [ 75.875257242527766, 26.95606114120875 ] ] ] } },
{ "type": "Feature", "properties": { "OBJECTID": 248.0, "LAYER": "Stream", "STREAM_ID": 4009, "IN_FLOW": 2012.0, "OUT_FLOW": 2083.0, "DRAIN_AREA": "1.672 sq km", "STRAHLER": 2, "Shape_Leng": 0.0032068499146300001 }, "geometry": { "type": "MultiLineString", "coordinates": [ [ [ 75.733772585136762, 26.95606114120875 ], [ 75.734042079578387, 26.955791646767125 ], [ 75.735389552685774, 26.954444173659738 ], [ 75.735389552685774, 26.953905183877168 ], [ 75.735659047127399, 26.953635689435544 ] ] ] } },
{ "type": "Feature", "properties": { "OBJECTID": 249.0, "LAYER": "Stream", "STREAM_ID": 4010, "IN_FLOW": 201.0, "OUT_FLOW": 221.0, "DRAIN_AREA": "0.1773 sq km", "STRAHLER": 1, "Shape_Leng": 0.00226758532088 }, "geometry": { "type": "MultiLineString", "coordinates": [ [ [ 75.854775653273862, 26.95606114120875 ], [ 75.854775653273862, 26.954174679218113 ], [ 75.854506158832237, 26.953905183877168 ] ] ] } },
{ "type": "Feature", "properties": { "OBJECTID": 250.0, "LAYER": "Stream", "STREAM_ID": 4015, "IN_FLOW": 210.0, "OUT_FLOW": 534.0, "DRAIN_AREA": "0.4285 sq km", "STRAHLER": 1, "Shape_Leng": 0.00401533387536 }, "geometry": { "type": "MultiLineString", "coordinates": [ [ [ 75.772310310972102, 26.955791646767125 ], [ 75.77177132118959, 26.955252656984555 ], [ 75.771501826747965, 26.955252656984555 ], [ 75.770962837864715, 26.954713668101363 ], [ 75.77069334342309, 26.954444173659738 ], [ 75.770423848082203, 26.954444173659738 ], [ 75.770154353640578, 26.954174679218113 ], [ 75.769884859198953, 26.953905183877168 ], [ 75.769345870315703, 26.953905183877168 ], [ 75.769076375874079, 26.953905183877168 ] ] ] } },
{ "type": "Feature", "properties": { "OBJECTID": 251.0, "LAYER": "Stream", "STREAM_ID": 4016, "IN_FLOW": 36779.0, "OUT_FLOW": 37299.0, "DRAIN_AREA": "29.932 sq km", "STRAHLER": 4, "Shape_Leng": 0.0063483092492700004 }, "geometry": { "type": "MultiLineString", "coordinates": [ [ [ 75.871214823205605, 26.952018721886532 ], [ 75.872292801871367, 26.953096700552351 ], [ 75.872562296312992, 26.953096700552351 ], [ 75.87337077963781, 26.953096700552351 ], [ 75.873640274978754, 26.953366194993976 ], [ 75.873640274978754, 26.953635689435544 ], [ 75.874179263862004, 26.954174679218113 ], [ 75.874987747186822, 26.954983162542987 ], [ 75.874987747186822, 26.955791646767125 ], [ 75.875257242527766, 26.95606114120875 ] ] ] } },
{ "type": "Feature", "properties": { "OBJECTID": 252.0, "LAYER": "Stream", "STREAM_ID": 4019, "IN_FLOW": 1374.0, "OUT_FLOW": 1445.0, "DRAIN_AREA": "1.16 sq km", "STRAHLER": 2, "Shape_Leng": 0.0026487073792599999 }, "geometry": { "type": "MultiLineString", "coordinates": [ [ [ 75.736737024893841, 26.95552215142618 ], [ 75.736198036010592, 26.95552215142618 ], [ 75.735928541568967, 26.955252656984555 ], [ 75.735928541568967, 26.953905183877168 ], [ 75.735659047127399, 26.953635689435544 ] ] ] } },
{ "type": "Feature", "properties": { "OBJECTID": 253.0, "LAYER": "Stream", "STREAM_ID": 4020, "IN_FLOW": 223.0, "OUT_FLOW": 249.0, "DRAIN_AREA": "0.1998 sq km", "STRAHLER": 1, "Shape_Leng": 0.00054316762811500001 }, "geometry": { "type": "MultiLineString", "coordinates": [ [ [ 75.822705797634512, 26.954713668101363 ], [ 75.823089875597361, 26.955097745164835 ] ] ] } },
{ "type": "Feature", "properties": { "OBJECTID": 254.0, "LAYER": "Stream", "STREAM_ID": 4032, "IN_FLOW": 6727.0, "OUT_FLOW": 6918.0, "DRAIN_AREA": "5.552 sq km", "STRAHLER": 3, "Shape_Leng": 0.0015244914132399999 }, "geometry": { "type": "MultiLineString", "coordinates": [ [ [ 75.853428181065738, 26.954983162542987 ], [ 75.854506158832237, 26.953905183877168 ] ] ] } },
{ "type": "Feature", "properties": { "OBJECTID": 255.0, "LAYER": "Stream", "STREAM_ID": 4033, "IN_FLOW": 207.0, "OUT_FLOW": 273.0, "DRAIN_AREA": "0.2191 sq km", "STRAHLER": 1, "Shape_Leng": 0.00033396565423499997 }, "geometry": { "type": "MultiLineString", "coordinates": [ [ [ 75.885261887326294, 26.953871838814337 ], [ 75.885498036705087, 26.953635689435544 ] ] ] } },
{ "type": "Feature", "properties": { "OBJECTID": 256.0, "LAYER": "Stream", "STREAM_ID": 4035, "IN_FLOW": 245.0, "OUT_FLOW": 261.0, "DRAIN_AREA": "0.2094 sq km", "STRAHLER": 1, "Shape_Leng": 0.00141286316041 }, "geometry": { "type": "MultiLineString", "coordinates": [ [ [ 75.805458144377894, 26.953905183877168 ], [ 75.805188649936326, 26.954174679218113 ], [ 75.805458144377894, 26.954444173659738 ], [ 75.805458144377894, 26.954713668101363 ], [ 75.805188649936326, 26.954983162542987 ] ] ] } },
{ "type": "Feature", "properties": { "OBJECTID": 257.0, "LAYER": "Stream", "STREAM_ID": 4036, "IN_FLOW": 201.0, "OUT_FLOW": 278.0, "DRAIN_AREA": "0.2231 sq km", "STRAHLER": 1, "Shape_Leng": 0.0073879824095000003 }, "geometry": { "type": "MultiLineString", "coordinates": [ [ [ 75.846151826645553, 26.954713668101363 ], [ 75.85315868572485, 26.954713668101363 ], [ 75.853428181065738, 26.954983162542987 ] ] ] } },
{ "type": "Feature", "properties": { "OBJECTID": 258.0, "LAYER": "Stream", "STREAM_ID": 4044, "IN_FLOW": 224.0, "OUT_FLOW": 378.0, "DRAIN_AREA": "0.3033 sq km", "STRAHLER": 1, "Shape_Leng": 0.005409044919 }, "geometry": { "type": "MultiLineString", "coordinates": [ [ [ 75.765303450993542, 26.954444173659738 ], [ 75.765572946334487, 26.954174679218113 ], [ 75.765572946334487, 26.953905183877168 ], [ 75.765572946334487, 26.953635689435544 ], [ 75.765572946334487, 26.952827206110726 ], [ 75.765033956551918, 26.952288216328157 ], [ 75.765033956551918, 26.952018721886532 ], [ 75.764764462110293, 26.951749227444964 ], [ 75.764764462110293, 26.949862765454327 ], [ 75.765033956551918, 26.949593271012702 ] ] ] } },
{ "type": "Feature", "properties": { "OBJECTID": 259.0, "LAYER": "Stream", "STREAM_ID": 4045, "IN_FLOW": 350.0, "OUT_FLOW": 705.0, "DRAIN_AREA": "0.566 sq km", "STRAHLER": 1, "Shape_Leng": 0.011422467393300001 }, "geometry": { "type": "MultiLineString", "coordinates": [ [ [ 75.782012115366911, 26.954444173659738 ], [ 75.781742620925286, 26.954444173659738 ], [ 75.780934137600411, 26.953635689435544 ], [ 75.780934137600411, 26.953096700552351 ], [ 75.780934137600411, 26.952288216328157 ], [ 75.780664642259467, 26.952018721886532 ], [ 75.780664642259467, 26.951479733003339 ], [ 75.780664642259467, 26.949593271012702 ], [ 75.780125653376274, 26.949054282129453 ], [ 75.780125653376274, 26.948784786788508 ], [ 75.780395147817899, 26.94851529234694 ], [ 75.780395147817899, 26.948245797905315 ], [ 75.780395147817899, 26.94797630346369 ], [ 75.780125653376274, 26.947706809022065 ], [ 75.780125653376274, 26.947437314580441 ], [ 75.780125653376274, 26.947167819239496 ], [ 75.780395147817899, 26.946898324797928 ], [ 75.780934137600411, 26.946898324797928 ], [ 75.781203632042036, 26.947167819239496 ], [ 75.781742620925286, 26.946628830356303 ], [ 75.781742620925286, 26.946089841473054 ], [ 75.782012115366911, 26.945820347031429 ] ] ] } },
{ "type": "Feature", "properties": { "OBJECTID": 260.0, "LAYER": "Stream", "STREAM_ID": 4046, "IN_FLOW": 311.0, "OUT_FLOW": 319.0, "DRAIN_AREA": "0.256 sq km", "STRAHLER": 1, "Shape_Leng": 0.00114336871891 }, "geometry": { "type": "MultiLineString", "coordinates": [ [ [ 75.863399480801434, 26.954444173659738 ], [ 75.864207964126308, 26.953635689435544 ] ] ] } },
{ "type": "Feature", "properties": { "OBJECTID": 261.0, "LAYER": "Stream", "STREAM_ID": 4051, "IN_FLOW": 227.0, "OUT_FLOW": 844.0, "DRAIN_AREA": "0.677 sq km", "STRAHLER": 1, "Shape_Leng": 0.0146101653002 }, "geometry": { "type": "MultiLineString", "coordinates": [ [ [ 75.7477863032953, 26.954174679218113 ], [ 75.746708324629537, 26.953096700552351 ], [ 75.746438830187913, 26.953096700552351 ], [ 75.745899841304663, 26.953096700552351 ], [ 75.74536085242147, 26.952557711669101 ], [ 75.74536085242147, 26.951479733003339 ], [ 75.744821862638901, 26.950940744120089 ], [ 75.741857421982502, 26.950940744120089 ], [ 75.741587927540877, 26.950671248779145 ], [ 75.741587927540877, 26.95040175433752 ], [ 75.740509949774435, 26.949323776571077 ], [ 75.739970959991865, 26.948784786788508 ], [ 75.736198036010592, 26.948784786788508 ] ] ] } },
{ "type": "Feature", "properties": { "OBJECTID": 262.0, "LAYER": "Stream", "STREAM_ID": 4052, "IN_FLOW": 30544.0, "OUT_FLOW": 30660.0, "DRAIN_AREA": "24.604 sq km", "STRAHLER": 4, "Shape_Leng": 0.0026678607679699999 }, "geometry": { "type": "MultiLineString", "coordinates": [ [ [ 75.789827458670345, 26.954174679218113 ], [ 75.789018974446151, 26.953366194993976 ], [ 75.787940996679708, 26.952288216328157 ] ] ] } },
{ "type": "Feature", "properties": { "OBJECTID": 263.0, "LAYER": "Stream", "STREAM_ID": 4057, "IN_FLOW": 981.0, "OUT_FLOW": 1012.0, "DRAIN_AREA": "0.812 sq km", "STRAHLER": 2, "Shape_Leng": 0.0014128634238400001 }, "geometry": { "type": "MultiLineString", "coordinates": [ [ [ 75.769076375874079, 26.953905183877168 ], [ 75.768806880533191, 26.953905183877168 ], [ 75.767998397208316, 26.953096700552351 ] ] ] } },
{ "type": "Feature", "properties": { "OBJECTID": 264.0, "LAYER": "Stream", "STREAM_ID": 4058, "IN_FLOW": 7145.0, "OUT_FLOW": 7346.0, "DRAIN_AREA": "5.895 sq km", "STRAHLER": 3, "Shape_Leng": 0.0015244914131500001 }, "geometry": { "type": "MultiLineString", "coordinates": [ [ [ 75.854506158832237, 26.953905183877168 ], [ 75.855584137497999, 26.952827206110726 ] ] ] } },
{ "type": "Feature", "properties": { "OBJECTID": 265.0, "LAYER": "Stream", "STREAM_ID": 4064, "IN_FLOW": 222.0, "OUT_FLOW": 619.0, "DRAIN_AREA": "0.4967 sq km", "STRAHLER": 1, "Shape_Leng": 0.0021324379255099998 }, "geometry": { "type": "MultiLineString", "coordinates": [ [ [ 75.705411177483938, 26.949054282129453 ], [ 75.703319697046425, 26.949054282129453 ], [ 75.703290735279268, 26.94908324299729 ] ] ] } },
{ "type": "Feature", "properties": { "OBJECTID": 266.0, "LAYER": "Stream", "STREAM_ID": 4066, "IN_FLOW": 3533.0, "OUT_FLOW": 3610.0, "DRAIN_AREA": "2.897 sq km", "STRAHLER": 3, "Shape_Leng": 0.00325308695143 }, "geometry": { "type": "MultiLineString", "coordinates": [ [ [ 75.735659047127399, 26.953635689435544 ], [ 75.735928541568967, 26.953366194993976 ], [ 75.735928541568967, 26.953096700552351 ], [ 75.735659047127399, 26.952827206110726 ], [ 75.735389552685774, 26.952827206110726 ], [ 75.73512005734483, 26.952557711669101 ], [ 75.73458106846158, 26.952018721886532 ], [ 75.73458106846158, 26.951479733003339 ], [ 75.73458106846158, 26.951210238561714 ] ] ] } },
{ "type": "Feature", "properties": { "OBJECTID": 267.0, "LAYER": "Stream", "STREAM_ID": 4067, "IN_FLOW": 29690.0, "OUT_FLOW": 30312.0, "DRAIN_AREA": "24.325 sq km", "STRAHLER": 4, "Shape_Leng": 0.012230951726599999 }, "geometry": { "type": "MultiLineString", "coordinates": [ [ [ 75.855584137497999, 26.952827206110726 ], [ 75.856123126381249, 26.952288216328157 ], [ 75.856392620822874, 26.952288216328157 ], [ 75.856662116163761, 26.952018721886532 ], [ 75.856662116163761, 26.951749227444964 ], [ 75.856931610605386, 26.951479733003339 ], [ 75.857740093930261, 26.951479733003339 ], [ 75.858009588371885, 26.951210238561714 ], [ 75.858548578154398, 26.951210238561714 ], [ 75.859087567037648, 26.951210238561714 ], [ 75.859896050362465, 26.95040175433752 ], [ 75.861243523469909, 26.95040175433752 ], [ 75.862052007694047, 26.951210238561714 ], [ 75.862052007694047, 26.953096700552351 ], [ 75.862590996577296, 26.953635689435544 ], [ 75.864207964126308, 26.953635689435544 ] ] ] } },
{ "type": "Feature", "properties": { "OBJECTID": 268.0, "LAYER": "Stream", "STREAM_ID": 4068, "IN_FLOW": 30634.0, "OUT_FLOW": 30933.0, "DRAIN_AREA": "24.823 sq km", "STRAHLER": 4, "Shape_Leng": 0.0055669098360500002 }, "geometry": { "type": "MultiLineString", "coordinates": [ [ [ 75.864207964126308, 26.953635689435544 ], [ 75.865016447451126, 26.953635689435544 ], [ 75.866094426116945, 26.953635689435544 ], [ 75.866633415000138, 26.953096700552351 ], [ 75.867711393665957, 26.953096700552351 ], [ 75.867980888107581, 26.952827206110726 ], [ 75.868250382549149, 26.952827206110726 ], [ 75.868519877890094, 26.952557711669101 ], [ 75.869328361214968, 26.952557711669101 ] ] ] } },
{ "type": "Feature", "properties": { "OBJECTID": 269.0, "LAYER": "Stream", "STREAM_ID": 4069, "IN_FLOW": 201.0, "OUT_FLOW": 444.0, "DRAIN_AREA": "0.3563 sq km", "STRAHLER": 1, "Shape_Leng": 0.0075841528321199999 }, "geometry": { "type": "MultiLineString", "coordinates": [ [ [ 75.87903016650904, 26.952018721886532 ], [ 75.879299660950664, 26.952018721886532 ], [ 75.879569155392289, 26.952288216328157 ], [ 75.880108144275482, 26.952288216328157 ], [ 75.880377639616427, 26.952018721886532 ], [ 75.880647134058052, 26.951749227444964 ], [ 75.880916628499676, 26.951749227444964 ], [ 75.881186122941301, 26.951749227444964 ], [ 75.881725111824494, 26.952288216328157 ], [ 75.882803090490313, 26.952288216328157 ], [ 75.8841505635977, 26.953635689435544 ], [ 75.884689552480893, 26.953635689435544 ], [ 75.884959046922518, 26.953635689435544 ], [ 75.885498036705087, 26.953635689435544 ] ] ] } },
{ "type": "Feature", "properties": { "OBJECTID": 270.0, "LAYER": "Stream", "STREAM_ID": 4070, "IN_FLOW": 804.0, "OUT_FLOW": 1468.0, "DRAIN_AREA": "1.178 sq km", "STRAHLER": 2, "Shape_Leng": 0.0125195973858 }, "geometry": { "type": "MultiLineString", "coordinates": [ [ [ 75.885498036705087, 26.953635689435544 ], [ 75.887115004254099, 26.952018721886532 ], [ 75.887384498695724, 26.952018721886532 ], [ 75.887653993137349, 26.951749227444964 ], [ 75.888462476462166, 26.951749227444964 ], [ 75.888731971803111, 26.951479733003339 ], [ 75.889540455127985, 26.951479733003339 ], [ 75.889809949569553, 26.951479733003339 ], [ 75.890079444011178, 26.951479733003339 ], [ 75.890348938452803, 26.951479733003339 ], [ 75.891426917118565, 26.951479733003339 ], [ 75.892504895784384, 26.95040175433752 ], [ 75.892504895784384, 26.950132259895952 ], [ 75.893313379109202, 26.949323776571077 ], [ 75.894121863333396, 26.949323776571077 ], [ 75.894660852216589, 26.949862765454327 ], [ 75.895199841099839, 26.949862765454327 ], [ 75.895469336440783, 26.949593271012702 ], [ 75.895738830882408, 26.949593271012702 ] ] ] } },
{ "type": "Feature", "properties": { "OBJECTID": 271.0, "LAYER": "Stream", "STREAM_ID": 4076, "IN_FLOW": 203.0, "OUT_FLOW": 433.0, "DRAIN_AREA": "0.3475 sq km", "STRAHLER": 1, "Shape_Leng": 0.0060325764990100004 }, "geometry": { "type": "MultiLineString", "coordinates": [ [ [ 75.73970146555024, 26.953366194993976 ], [ 75.737815003559604, 26.951479733003339 ], [ 75.737815003559604, 26.951210238561714 ], [ 75.737545509118036, 26.950940744120089 ], [ 75.737545509118036, 26.950671248779145 ], [ 75.736198036010592, 26.949323776571077 ], [ 75.736198036010592, 26.948784786788508 ] ] ] } },
{ "type": "Feature", "properties": { "OBJECTID": 272.0, "LAYER": "Stream", "STREAM_ID": 4080, "IN_FLOW": 8563.0, "OUT_FLOW": 8701.0, "DRAIN_AREA": "6.982 sq km", "STRAHLER": 3, "Shape_Leng": 0.0047313413277800002 }, "geometry": { "type": "MultiLineString", "coordinates": [ [ [ 75.767998397208316, 26.953096700552351 ], [ 75.767728902766692, 26.952827206110726 ], [ 75.767728902766692, 26.952288216328157 ], [ 75.765033956551918, 26.949593271012702 ] ] ] } },
{ "type": "Feature", "properties": { "OBJECTID": 273.0, "LAYER": "Stream", "STREAM_ID": 4081, "IN_FLOW": 214.0, "OUT_FLOW": 260.0, "DRAIN_AREA": "0.2086 sq km", "STRAHLER": 1, "Shape_Leng": 0.0022213471212100002 }, "geometry": { "type": "MultiLineString", "coordinates": [ [ [ 75.831599119603766, 26.953096700552351 ], [ 75.832138108486959, 26.953096700552351 ], [ 75.832407602928583, 26.952827206110726 ], [ 75.832677097370208, 26.952827206110726 ], [ 75.832946591811833, 26.952557711669101 ], [ 75.833216087152778, 26.952288216328157 ], [ 75.833485581594346, 26.952288216328157 ] ] ] } },
{ "type": "Feature", "properties": { "OBJECTID": 274.0, "LAYER": "Stream", "STREAM_ID": 4083, "IN_FLOW": 21436.0, "OUT_FLOW": 22475.0, "DRAIN_AREA": "18.036 sq km", "STRAHLER": 3, "Shape_Leng": 0.0067860875427000001 }, "geometry": { "type": "MultiLineString", "coordinates": [ [ [ 75.711674029233109, 26.942123230502716 ], [ 75.711674029233109, 26.940160960160256 ], [ 75.711404533892164, 26.939891465718631 ], [ 75.711404533892164, 26.938543992611244 ], [ 75.711404533892164, 26.938005003727994 ], [ 75.713021501441176, 26.936388036178982 ], [ 75.713021501441176, 26.936118541737358 ] ] ] } },
{ "type": "Feature", "properties": { "OBJECTID": 275.0, "LAYER": "Stream", "STREAM_ID": 4085, "IN_FLOW": 13503.0, "OUT_FLOW": 13921.0, "DRAIN_AREA": "11.171 sq km", "STRAHLER": 3, "Shape_Leng": 0.014952983388199999 }, "geometry": { "type": "MultiLineString", "coordinates": [ [ [ 75.841031429556892, 26.949862765454327 ], [ 75.841300923998517, 26.950132259895952 ], [ 75.84183991378103, 26.950671248779145 ], [ 75.84183991378103, 26.950940744120089 ], [ 75.842109408222655, 26.951210238561714 ], [ 75.842109408222655, 26.951479733003339 ], [ 75.842109408222655, 26.952018721886532 ], [ 75.842378902664279, 26.952288216328157 ], [ 75.842648397105904, 26.952557711669101 ], [ 75.842917891547529, 26.952557711669101 ], [ 75.854236664390612, 26.952557711669101 ] ] ] } },
{ "type": "Feature", "properties": { "OBJECTID": 276.0, "LAYER": "Stream", "STREAM_ID": 4086, "IN_FLOW": 19696.0, "OUT_FLOW": 19714.0, "DRAIN_AREA": "15.82 sq km", "STRAHLER": 3, "Shape_Leng": 0.0010779786657599999 }, "geometry": { "type": "MultiLineString", "coordinates": [ [ [ 75.854236664390612, 26.952557711669101 ], [ 75.855314643056374, 26.952557711669101 ] ] ] } },
{ "type": "Feature", "properties": { "OBJECTID": 277.0, "LAYER": "Stream", "STREAM_ID": 4087, "IN_FLOW": 22331.0, "OUT_FLOW": 22331.0, "DRAIN_AREA": "17.92 sq km", "STRAHLER": 3, "Shape_Leng": 0.00038112269432999998 }, "geometry": { "type": "MultiLineString", "coordinates": [ [ [ 75.855314643056374, 26.952557711669101 ], [ 75.855584137497999, 26.952827206110726 ] ] ] } },
{ "type": "Feature", "properties": { "OBJECTID": 278.0, "LAYER": "Stream", "STREAM_ID": 4088, "IN_FLOW": 31603.0, "OUT_FLOW": 31667.0, "DRAIN_AREA": "25.412 sq km", "STRAHLER": 4, "Shape_Leng": 0.0021097191319600001 }, "geometry": { "type": "MultiLineString", "coordinates": [ [ [ 75.869328361214968, 26.952557711669101 ], [ 75.869597855656593, 26.952288216328157 ], [ 75.869867350098161, 26.952288216328157 ], [ 75.870406339880731, 26.952288216328157 ], [ 75.870675834322356, 26.952018721886532 ], [ 75.87094532876398, 26.952018721886532 ], [ 75.871214823205605, 26.952018721886532 ] ] ] } },
{ "type": "Feature", "properties": { "OBJECTID": 279.0, "LAYER": "Stream", "STREAM_ID": 4090, "IN_FLOW": 31868.0, "OUT_FLOW": 31941.0, "DRAIN_AREA": "25.632 sq km", "STRAHLER": 4, "Shape_Leng": 0.00298359250988 }, "geometry": { "type": "MultiLineString", "coordinates": [ [ [ 75.787940996679708, 26.952288216328157 ], [ 75.787132512455514, 26.951479733003339 ], [ 75.786054534689072, 26.951479733003339 ], [ 75.785515544906502, 26.950940744120089 ] ] ] } },
{ "type": "Feature", "properties": { "OBJECTID": 280.0, "LAYER": "Stream", "STREAM_ID": 4091, "IN_FLOW": 288.0, "OUT_FLOW": 1203.0, "DRAIN_AREA": "0.965 sq km", "STRAHLER": 1, "Shape_Leng": 0.018178983357600001 }, "geometry": { "type": "MultiLineString", "coordinates": [ [ [ 75.803841176828882, 26.947706809022065 ], [ 75.803571682387314, 26.947706809022065 ], [ 75.803032693504065, 26.947706809022065 ], [ 75.80276319906244, 26.94797630346369 ], [ 75.801415725955053, 26.94797630346369 ], [ 75.801146231513428, 26.948245797905315 ], [ 75.800068252847666, 26.948245797905315 ], [ 75.799798758406041, 26.94851529234694 ], [ 75.799529263964416, 26.94851529234694 ], [ 75.798720779740222, 26.94851529234694 ], [ 75.798451285298654, 26.948784786788508 ], [ 75.798181790857029, 26.949054282129453 ], [ 75.798181790857029, 26.949323776571077 ], [ 75.797912296415404, 26.949593271012702 ], [ 75.796834317749642, 26.949593271012702 ], [ 75.796564823308017, 26.949862765454327 ], [ 75.796025834424768, 26.949862765454327 ], [ 75.795756339083823, 26.949862765454327 ], [ 75.795486844642198, 26.949862765454327 ], [ 75.79521735020063, 26.949862765454327 ], [ 75.794678361317381, 26.949862765454327 ], [ 75.794408866875756, 26.950132259895952 ], [ 75.794139371534811, 26.95040175433752 ], [ 75.793869877093186, 26.95040175433752 ], [ 75.793600382651618, 26.950671248779145 ], [ 75.793061393768369, 26.950671248779145 ], [ 75.792791899326744, 26.950940744120089 ], [ 75.792522404885119, 26.950940744120089 ], [ 75.792252909544175, 26.951210238561714 ], [ 75.791983415102607, 26.951479733003339 ], [ 75.791713920660982, 26.951479733003339 ], [ 75.791444426219357, 26.951749227444964 ], [ 75.791174931777732, 26.951749227444964 ], [ 75.790635941995163, 26.952288216328157 ], [ 75.790366447553595, 26.952288216328157 ], [ 75.79009695311197, 26.952288216328157 ], [ 75.789288469787095, 26.952288216328157 ], [ 75.789018974446151, 26.952018721886532 ], [ 75.788210491121333, 26.952018721886532 ], [ 75.787940996679708, 26.952288216328157 ] ] ] } },
{ "type": "Feature", "properties": { "OBJECTID": 281.0, "LAYER": "Stream", "STREAM_ID": 4092, "IN_FLOW": 4933.0, "OUT_FLOW": 5770.0, "DRAIN_AREA": "4.63 sq km", "STRAHLER": 2, "Shape_Leng": 0.017297177285699999 }, "geometry": { "type": "MultiLineString", "coordinates": [ [ [ 75.843456881330042, 26.944472873924042 ], [ 75.843456881330042, 26.944742368365667 ], [ 75.843726375771666, 26.945011862807291 ], [ 75.843726375771666, 26.945550851690484 ], [ 75.843995870213291, 26.945820347031429 ], [ 75.844534859096541, 26.946359335914678 ], [ 75.844804353538166, 26.946359335914678 ], [ 75.845073848879053, 26.946628830356303 ], [ 75.844534859096541, 26.947167819239496 ], [ 75.844265364654916, 26.947167819239496 ], [ 75.843995870213291, 26.947437314580441 ], [ 75.843726375771666, 26.947706809022065 ], [ 75.844804353538166, 26.948784786788508 ], [ 75.845882332203928, 26.949862765454327 ], [ 75.846421321087178, 26.949862765454327 ], [ 75.84749929975294, 26.950940744120089 ], [ 75.849655256185201, 26.950940744120089 ], [ 75.849924751526146, 26.951210238561714 ], [ 75.852350202399975, 26.951210238561714 ], [ 75.85315868572485, 26.952018721886532 ], [ 75.853697675507362, 26.952018721886532 ], [ 75.854236664390612, 26.952557711669101 ] ] ] } },
{ "type": "Feature", "properties": { "OBJECTID": 282.0, "LAYER": "Stream", "STREAM_ID": 4093, "IN_FLOW": 2456.0, "OUT_FLOW": 2613.0, "DRAIN_AREA": "2.097 sq km", "STRAHLER": 2, "Shape_Leng": 0.0047775798999100004 }, "geometry": { "type": "MultiLineString", "coordinates": [ [ [ 75.852889191283225, 26.948784786788508 ], [ 75.854506158832237, 26.95040175433752 ], [ 75.854506158832237, 26.951210238561714 ], [ 75.854506158832237, 26.951749227444964 ], [ 75.855045148614749, 26.952288216328157 ], [ 75.855314643056374, 26.952557711669101 ] ] ] } },
{ "type": "Feature", "properties": { "OBJECTID": 283.0, "LAYER": "Stream", "STREAM_ID": 4094, "IN_FLOW": 215.0, "OUT_FLOW": 664.0, "DRAIN_AREA": "0.533 sq km", "STRAHLER": 1, "Shape_Leng": 0.0126443602619 }, "geometry": { "type": "MultiLineString", "coordinates": [ [ [ 75.86016554570341, 26.945011862807291 ], [ 75.860435040145035, 26.945281357248916 ], [ 75.86070453458666, 26.945281357248916 ], [ 75.860722645134047, 26.945299468695566 ] ], [ [ 75.86114071926886, 26.94625653171363 ], [ 75.861243523469909, 26.946359335914678 ], [ 75.861782513252422, 26.946898324797928 ], [ 75.862052007694047, 26.947167819239496 ], [ 75.862321502135671, 26.947437314580441 ], [ 75.862052007694047, 26.947706809022065 ], [ 75.862321502135671, 26.94797630346369 ], [ 75.862321502135671, 26.948245797905315 ], [ 75.862590996577296, 26.94851529234694 ], [ 75.862590996577296, 26.949054282129453 ], [ 75.862590996577296, 26.949323776571077 ], [ 75.862860491018921, 26.949593271012702 ], [ 75.864207964126308, 26.950940744120089 ], [ 75.864746953009558, 26.950940744120089 ], [ 75.867711393665957, 26.950940744120089 ], [ 75.869328361214968, 26.952557711669101 ] ] ] } },
{ "type": "Feature", "properties": { "OBJECTID": 284.0, "LAYER": "Stream", "STREAM_ID": 4099, "IN_FLOW": 269.0, "OUT_FLOW": 545.0, "DRAIN_AREA": "0.4374 sq km", "STRAHLER": 1, "Shape_Leng": 0.0059209473468900004 }, "geometry": { "type": "MultiLineString", "coordinates": [ [ [ 75.829982152054754, 26.94797630346369 ], [ 75.830251646496322, 26.948245797905315 ], [ 75.830521140937947, 26.948245797905315 ], [ 75.830790635379572, 26.94851529234694 ], [ 75.830790635379572, 26.948784786788508 ], [ 75.831060129821196, 26.949054282129453 ], [ 75.831329625162141, 26.949323776571077 ], [ 75.831599119603766, 26.949593271012702 ], [ 75.831868614045334, 26.949862765454327 ], [ 75.831868614045334, 26.950132259895952 ], [ 75.832138108486959, 26.95040175433752 ], [ 75.832138108486959, 26.950940744120089 ], [ 75.832407602928583, 26.951210238561714 ], [ 75.832677097370208, 26.951479733003339 ], [ 75.832946591811833, 26.951749227444964 ], [ 75.833216087152778, 26.952018721886532 ], [ 75.833485581594346, 26.952288216328157 ] ] ] } },
{ "type": "Feature", "properties": { "OBJECTID": 285.0, "LAYER": "Stream", "STREAM_ID": 4102, "IN_FLOW": 4982.0, "OUT_FLOW": 5106.0, "DRAIN_AREA": "4.097 sq km", "STRAHLER": 2, "Shape_Leng": 0.0032530865789299999 }, "geometry": { "type": "MultiLineString", "coordinates": [ [ [ 75.870406339880731, 26.949323776571077 ], [ 75.871484317647173, 26.95040175433752 ], [ 75.871484317647173, 26.950940744120089 ], [ 75.871484317647173, 26.951749227444964 ], [ 75.871214823205605, 26.952018721886532 ] ] ] } },
{ "type": "Feature", "properties": { "OBJECTID": 286.0, "LAYER": "Stream", "STREAM_ID": 4108, "IN_FLOW": 206.0, "OUT_FLOW": 216.0, "DRAIN_AREA": "0.1733 sq km", "STRAHLER": 1, "Shape_Leng": 0.0011896060191499999 }, "geometry": { "type": "MultiLineString", "coordinates": [ [ [ 75.733503090695137, 26.951479733003339 ], [ 75.733772585136762, 26.951479733003339 ], [ 75.734042079578387, 26.951479733003339 ], [ 75.734311574019955, 26.951479733003339 ], [ 75.73458106846158, 26.951210238561714 ] ] ] } },
{ "type": "Feature", "properties": { "OBJECTID": 287.0, "LAYER": "Stream", "STREAM_ID": 4112, "IN_FLOW": 3835.0, "OUT_FLOW": 3914.0, "DRAIN_AREA": "3.141 sq km", "STRAHLER": 3, "Shape_Leng": 0.0034109540397500001 }, "geometry": { "type": "MultiLineString", "coordinates": [ [ [ 75.73458106846158, 26.951210238561714 ], [ 75.735659047127399, 26.950132259895952 ], [ 75.735659047127399, 26.948245797905315 ] ] ] } },
{ "type": "Feature", "properties": { "OBJECTID": 288.0, "LAYER": "Stream", "STREAM_ID": 4117, "IN_FLOW": 32194.0, "OUT_FLOW": 32485.0, "DRAIN_AREA": "26.069 sq km", "STRAHLER": 4, "Shape_Leng": 0.0046659510112800002 }, "geometry": { "type": "MultiLineString", "coordinates": [ [ [ 75.785515544906502, 26.950940744120089 ], [ 75.78497655602331, 26.95040175433752 ], [ 75.78497655602331, 26.950132259895952 ], [ 75.784707061581685, 26.949862765454327 ], [ 75.784168072698435, 26.949323776571077 ], [ 75.783359588474298, 26.94851529234694 ], [ 75.783359588474298, 26.947167819239496 ] ] ] } },
{ "type": "Feature", "properties": { "OBJECTID": 289.0, "LAYER": "Stream", "STREAM_ID": 4124, "IN_FLOW": 203.0, "OUT_FLOW": 244.0, "DRAIN_AREA": "0.1958 sq km", "STRAHLER": 1, "Shape_Leng": 0.0021559564322 }, "geometry": { "type": "MultiLineString", "coordinates": [ [ [ 75.754254173491347, 26.950671248779145 ], [ 75.754254173491347, 26.94851529234694 ] ] ] } },
{ "type": "Feature", "properties": { "OBJECTID": 290.0, "LAYER": "Stream", "STREAM_ID": 4125, "IN_FLOW": 211.0, "OUT_FLOW": 248.0, "DRAIN_AREA": "0.199 sq km", "STRAHLER": 1, "Shape_Leng": 0.0026024704514699998 }, "geometry": { "type": "MultiLineString", "coordinates": [ [ [ 75.787671502238084, 26.949862765454327 ], [ 75.787132512455514, 26.95040175433752 ], [ 75.786863018013946, 26.95040175433752 ], [ 75.786593523572321, 26.95040175433752 ], [ 75.786054534689072, 26.95040175433752 ], [ 75.785515544906502, 26.950940744120089 ] ] ] } },
{ "type": "Feature", "properties": { "OBJECTID": 291.0, "LAYER": "Stream", "STREAM_ID": 4131, "IN_FLOW": 4514.0, "OUT_FLOW": 4586.0, "DRAIN_AREA": "3.68 sq km", "STRAHLER": 2, "Shape_Leng": 0.0030298300736400002 }, "geometry": { "type": "MultiLineString", "coordinates": [ [ [ 75.762878000119656, 26.950132259895952 ], [ 75.762878000119656, 26.948784786788508 ], [ 75.763416989002906, 26.948245797905315 ], [ 75.763416989002906, 26.94797630346369 ], [ 75.76368648344453, 26.947706809022065 ], [ 75.76368648344453, 26.947437314580441 ] ] ] } },
{ "type": "Feature", "properties": { "OBJECTID": 292.0, "LAYER": "Stream", "STREAM_ID": 4135, "IN_FLOW": 3664.0, "OUT_FLOW": 3709.0, "DRAIN_AREA": "2.976 sq km", "STRAHLER": 3, "Shape_Leng": 0.00249084119034 }, "geometry": { "type": "MultiLineString", "coordinates": [ [ [ 75.895738830882408, 26.949593271012702 ], [ 75.896008325324033, 26.949862765454327 ], [ 75.896277819765601, 26.949862765454327 ], [ 75.896547314207226, 26.949862765454327 ], [ 75.89681680864885, 26.949593271012702 ], [ 75.897086303090475, 26.949593271012702 ], [ 75.897625292873045, 26.949593271012702 ], [ 75.897894787314613, 26.949862765454327 ] ] ] } },
{ "type": "Feature", "properties": { "OBJECTID": 293.0, "LAYER": "Stream", "STREAM_ID": 4136, "IN_FLOW": 66619.0, "OUT_FLOW": 66770.0, "DRAIN_AREA": "53.582 sq km", "STRAHLER": 5, "Shape_Leng": 0.00071738190532700001 }, "geometry": { "type": "MultiLineString", "coordinates": [ [ [ 75.897894787314613, 26.949862765454327 ], [ 75.898164281756237, 26.949593271012702 ], [ 75.898500540967234, 26.949593271012702 ] ] ] } },
{ "type": "Feature", "properties": { "OBJECTID": 294.0, "LAYER": "Stream", "STREAM_ID": 4141, "IN_FLOW": 9082.0, "OUT_FLOW": 9092.0, "DRAIN_AREA": "7.296 sq km", "STRAHLER": 3, "Shape_Leng": 0.000808484224194 }, "geometry": { "type": "MultiLineString", "coordinates": [ [ [ 75.765033956551918, 26.949593271012702 ], [ 75.765033956551918, 26.948784786788508 ] ] ] } },
{ "type": "Feature", "properties": { "OBJECTID": 295.0, "LAYER": "Stream", "STREAM_ID": 4142, "IN_FLOW": 299.0, "OUT_FLOW": 308.0, "DRAIN_AREA": "0.2472 sq km", "STRAHLER": 1, "Shape_Leng": 0.0013012342718700001 }, "geometry": { "type": "MultiLineString", "coordinates": [ [ [ 75.83995345179045, 26.949323776571077 ], [ 75.840222946232018, 26.949593271012702 ], [ 75.840492440673643, 26.949593271012702 ], [ 75.840761935115268, 26.949593271012702 ], [ 75.841031429556892, 26.949862765454327 ] ] ] } },
{ "type": "Feature", "properties": { "OBJECTID": 296.0, "LAYER": "Stream", "STREAM_ID": 4143, "IN_FLOW": 13041.0, "OUT_FLOW": 13190.0, "DRAIN_AREA": "10.585 sq km", "STRAHLER": 3, "Shape_Leng": 0.0047121885750200003 }, "geometry": { "type": "MultiLineString", "coordinates": [ [ [ 75.838875473124631, 26.946359335914678 ], [ 75.839144967566256, 26.946628830356303 ], [ 75.839414462007881, 26.946898324797928 ], [ 75.83995345179045, 26.946898324797928 ], [ 75.840222946232018, 26.947167819239496 ], [ 75.841031429556892, 26.94797630346369 ], [ 75.841031429556892, 26.948245797905315 ], [ 75.841031429556892, 26.949862765454327 ] ] ] } },
{ "type": "Feature", "properties": { "OBJECTID": 297.0, "LAYER": "Stream", "STREAM_ID": 4144, "IN_FLOW": 201.0, "OUT_FLOW": 259.0, "DRAIN_AREA": "0.2078 sq km", "STRAHLER": 1, "Shape_Leng": 0.0022213467487499998 }, "geometry": { "type": "MultiLineString", "coordinates": [ [ [ 75.868519877890094, 26.949054282129453 ], [ 75.869058866773344, 26.949593271012702 ], [ 75.869328361214968, 26.949593271012702 ], [ 75.869597855656593, 26.949323776571077 ], [ 75.869867350098161, 26.949323776571077 ], [ 75.870406339880731, 26.949323776571077 ] ] ] } },
{ "type": "Feature", "properties": { "OBJECTID": 298.0, "LAYER": "Stream", "STREAM_ID": 4156, "IN_FLOW": 304.0, "OUT_FLOW": 392.0, "DRAIN_AREA": "0.3146 sq km", "STRAHLER": 1, "Shape_Leng": 0.0013012358071000001 }, "geometry": { "type": "MultiLineString", "coordinates": [ [ [ 75.723531790959441, 26.949323776571077 ], [ 75.722992801176872, 26.949323776571077 ], [ 75.722453812293679, 26.948784786788508 ] ] ] } },
{ "type": "Feature", "properties": { "OBJECTID": 299.0, "LAYER": "Stream", "STREAM_ID": 4157, "IN_FLOW": 200.0, "OUT_FLOW": 521.0, "DRAIN_AREA": "0.4181 sq km", "STRAHLER": 1, "Shape_Leng": 0.011264601313499999 }, "geometry": { "type": "MultiLineString", "coordinates": [ [ [ 75.729730165814544, 26.949323776571077 ], [ 75.728382692707157, 26.94797630346369 ], [ 75.728382692707157, 26.947437314580441 ], [ 75.728382692707157, 26.946628830356303 ], [ 75.728113198265532, 26.946359335914678 ], [ 75.728113198265532, 26.946089841473054 ], [ 75.72757420938234, 26.945550851690484 ], [ 75.72703522049909, 26.945550851690484 ], [ 75.726496230716521, 26.945011862807291 ], [ 75.726226736274896, 26.945011862807291 ], [ 75.725957241833328, 26.945011862807291 ], [ 75.725687747391703, 26.945281357248916 ], [ 75.725418252950078, 26.945281357248916 ], [ 75.725148758508453, 26.945550851690484 ], [ 75.722992801176872, 26.945550851690484 ], [ 75.722723306735247, 26.945820347031429 ], [ 75.722453812293679, 26.945820347031429 ], [ 75.72191482341043, 26.945820347031429 ], [ 75.721645328968805, 26.946089841473054 ] ] ] } },
{ "type": "Feature", "properties": { "OBJECTID": 300.0, "LAYER": "Stream", "STREAM_ID": 4158, "IN_FLOW": 1319.0, "OUT_FLOW": 2187.0, "DRAIN_AREA": "1.755 sq km", "STRAHLER": 2, "Shape_Leng": 0.020011275244900002 }, "geometry": { "type": "MultiLineString", "coordinates": [ [ [ 75.885498036705087, 26.946628830356303 ], [ 75.885767531146712, 26.946898324797928 ], [ 75.886306520029905, 26.946359335914678 ], [ 75.88657601447153, 26.946089841473054 ], [ 75.88657601447153, 26.945820347031429 ], [ 75.88657601447153, 26.945550851690484 ], [ 75.88657601447153, 26.945011862807291 ], [ 75.887115004254099, 26.944472873924042 ], [ 75.887384498695724, 26.944472873924042 ], [ 75.887653993137349, 26.944203379482417 ], [ 75.888192982020541, 26.944203379482417 ], [ 75.888462476462166, 26.943933884141472 ], [ 75.889001466244736, 26.943933884141472 ], [ 75.88927096068636, 26.944203379482417 ], [ 75.88927096068636, 26.944472873924042 ], [ 75.890618433793747, 26.945820347031429 ], [ 75.890887928235372, 26.945820347031429 ], [ 75.891157422676997, 26.945550851690484 ], [ 75.891157422676997, 26.945011862807291 ], [ 75.89169641156019, 26.944472873924042 ], [ 75.891965906001815, 26.944742368365667 ], [ 75.892774390226009, 26.944742368365667 ], [ 75.893043884667577, 26.944472873924042 ], [ 75.893313379109202, 26.944472873924042 ], [ 75.893582873550827, 26.944203379482417 ], [ 75.893852368891771, 26.944203379482417 ], [ 75.894660852216589, 26.945011862807291 ], [ 75.895469336440783, 26.945820347031429 ], [ 75.896008325324033, 26.945820347031429 ], [ 75.896277819765601, 26.945820347031429 ], [ 75.896547314207226, 26.946089841473054 ], [ 75.896547314207226, 26.946628830356303 ], [ 75.895469336440783, 26.947706809022065 ], [ 75.895469336440783, 26.949323776571077 ], [ 75.895738830882408, 26.949593271012702 ] ] ] } },
{ "type": "Feature", "properties": { "OBJECTID": 301.0, "LAYER": "Stream", "STREAM_ID": 4164, "IN_FLOW": 225.0, "OUT_FLOW": 596.0, "DRAIN_AREA": "0.4783 sq km", "STRAHLER": 1, "Shape_Leng": 0.0050625596399899997 }, "geometry": { "type": "MultiLineString", "coordinates": [ [ [ 75.715716447656007, 26.949054282129453 ], [ 75.715670226999407, 26.94900806147291 ] ], [ [ 75.715446953214382, 26.948375167180245 ], [ 75.715446953214382, 26.94797630346369 ], [ 75.715333362544698, 26.947862712794006 ] ], [ [ 75.715227235348664, 26.946040063997827 ], [ 75.715716447656007, 26.945550851690484 ], [ 75.715716447656007, 26.945011862807291 ], [ 75.716794426321769, 26.943933884141472 ], [ 75.717333415205019, 26.94339489525828 ], [ 75.717333415205019, 26.943125400816655 ], [ 75.717333415205019, 26.94285590637503 ], [ 75.717602909646644, 26.942586411933405 ] ] ] } },
{ "type": "Feature", "properties": { "OBJECTID": 302.0, "LAYER": "Stream", "STREAM_ID": 4165, "IN_FLOW": 200.0, "OUT_FLOW": 498.0, "DRAIN_AREA": "0.3996 sq km", "STRAHLER": 1, "Shape_Leng": 0.0083926374288099993 }, "geometry": { "type": "MultiLineString", "coordinates": [ [ [ 75.772310310972102, 26.948784786788508 ], [ 75.772040815631215, 26.94851529234694 ], [ 75.771501826747965, 26.94797630346369 ], [ 75.77123233230634, 26.94797630346369 ], [ 75.770962837864715, 26.947706809022065 ], [ 75.769884859198953, 26.947706809022065 ], [ 75.769076375874079, 26.947706809022065 ], [ 75.767728902766692, 26.949054282129453 ], [ 75.765572946334487, 26.949054282129453 ], [ 75.765303450993542, 26.948784786788508 ], [ 75.765033956551918, 26.948784786788508 ] ] ] } },
{ "type": "Feature", "properties": { "OBJECTID": 303.0, "LAYER": "Stream", "STREAM_ID": 4166, "IN_FLOW": 4685.0, "OUT_FLOW": 4710.0, "DRAIN_AREA": "3.78 sq km", "STRAHLER": 2, "Shape_Leng": 0.0011896075543800001 }, "geometry": { "type": "MultiLineString", "coordinates": [ [ [ 75.870136844539786, 26.948245797905315 ], [ 75.870406339880731, 26.94851529234694 ], [ 75.870406339880731, 26.949054282129453 ], [ 75.870406339880731, 26.949323776571077 ] ] ] } },
{ "type": "Feature", "properties": { "OBJECTID": 304.0, "LAYER": "Stream", "STREAM_ID": 4172, "IN_FLOW": 1040.0, "OUT_FLOW": 1074.0, "DRAIN_AREA": "0.862 sq km", "STRAHLER": 2, "Shape_Leng": 0.0030298298102 }, "geometry": { "type": "MultiLineString", "coordinates": [ [ [ 75.722453812293679, 26.948784786788508 ], [ 75.722184317852054, 26.94851529234694 ], [ 75.722184317852054, 26.94797630346369 ], [ 75.722184317852054, 26.947437314580441 ], [ 75.721645328968805, 26.946898324797928 ], [ 75.721645328968805, 26.946359335914678 ], [ 75.721645328968805, 26.946089841473054 ] ] ] } },
{ "type": "Feature", "properties": { "OBJECTID": 305.0, "LAYER": "Stream", "STREAM_ID": 4173, "IN_FLOW": 1281.0, "OUT_FLOW": 1284.0, "DRAIN_AREA": "1.03 sq km", "STRAHLER": 2, "Shape_Leng": 0.00076224538858000004 }, "geometry": { "type": "MultiLineString", "coordinates": [ [ [ 75.736198036010592, 26.948784786788508 ], [ 75.735659047127399, 26.948245797905315 ] ] ] } },
{ "type": "Feature", "properties": { "OBJECTID": 306.0, "LAYER": "Stream", "STREAM_ID": 4174, "IN_FLOW": 9598.0, "OUT_FLOW": 9650.0, "DRAIN_AREA": "7.744 sq km", "STRAHLER": 3, "Shape_Leng": 0.0019056141074800001 }, "geometry": { "type": "MultiLineString", "coordinates": [ [ [ 75.765033956551918, 26.948784786788508 ], [ 75.764764462110293, 26.94851529234694 ], [ 75.76368648344453, 26.947437314580441 ] ] ] } },
{ "type": "Feature", "properties": { "OBJECTID": 307.0, "LAYER": "Stream", "STREAM_ID": 4175, "IN_FLOW": 1247.0, "OUT_FLOW": 1968.0, "DRAIN_AREA": "1.579 sq km", "STRAHLER": 2, "Shape_Leng": 0.0144252136643 }, "geometry": { "type": "MultiLineString", "coordinates": [ [ [ 75.851002729292588, 26.939082982393757 ], [ 75.850733234850964, 26.939082982393757 ], [ 75.850463740409339, 26.939352476835381 ], [ 75.850194245967714, 26.939352476835381 ], [ 75.849924751526146, 26.939621971277006 ], [ 75.849655256185201, 26.939621971277006 ], [ 75.848577278418702, 26.940699949942768 ], [ 75.848577278418702, 26.941238938826018 ], [ 75.848038288636189, 26.941777927709268 ], [ 75.848038288636189, 26.942047422150836 ], [ 75.848038288636189, 26.94231691749178 ], [ 75.848307783977077, 26.942586411933405 ], [ 75.848307783977077, 26.94285590637503 ], [ 75.848307783977077, 26.943933884141472 ], [ 75.848038288636189, 26.944203379482417 ], [ 75.848577278418702, 26.944742368365667 ], [ 75.849116267301952, 26.944742368365667 ], [ 75.849655256185201, 26.945281357248916 ], [ 75.849655256185201, 26.946359335914678 ], [ 75.849924751526146, 26.946628830356303 ], [ 75.850733234850964, 26.947437314580441 ], [ 75.851811213516726, 26.94851529234694 ], [ 75.852080707958351, 26.94851529234694 ], [ 75.852350202399975, 26.948784786788508 ], [ 75.852889191283225, 26.948784786788508 ] ] ] } },
{ "type": "Feature", "properties": { "OBJECTID": 308.0, "LAYER": "Stream", "STREAM_ID": 4176, "IN_FLOW": 265.0, "OUT_FLOW": 581.0, "DRAIN_AREA": "0.4662 sq km", "STRAHLER": 1, "Shape_Leng": 0.0062366797247099997 }, "geometry": { "type": "MultiLineString", "coordinates": [ [ [ 75.880377639616427, 26.948245797905315 ], [ 75.880916628499676, 26.948784786788508 ], [ 75.881186122941301, 26.948784786788508 ], [ 75.881994607165439, 26.948784786788508 ], [ 75.883072584931881, 26.947706809022065 ], [ 75.883611573815131, 26.947706809022065 ], [ 75.884420058039325, 26.946898324797928 ], [ 75.885228541364143, 26.946898324797928 ], [ 75.885498036705087, 26.946628830356303 ] ] ] } },
{ "type": "Feature", "properties": { "OBJECTID": 309.0, "LAYER": "Stream", "STREAM_ID": 4183, "IN_FLOW": 507.0, "OUT_FLOW": 998.0, "DRAIN_AREA": "0.801 sq km", "STRAHLER": 2, "Shape_Leng": 0.0106602217413 }, "geometry": { "type": "MultiLineString", "coordinates": [ [ [ 75.754254173491347, 26.94851529234694 ], [ 75.754523667932972, 26.948245797905315 ], [ 75.755062656816222, 26.948245797905315 ], [ 75.755332151257846, 26.948245797905315 ], [ 75.756140635481984, 26.947437314580441 ], [ 75.756679624365233, 26.947437314580441 ], [ 75.756949118806858, 26.947167819239496 ], [ 75.757757603030996, 26.947167819239496 ], [ 75.759644065021632, 26.947167819239496 ], [ 75.760452549245827, 26.946359335914678 ], [ 75.760722043687451, 26.946359335914678 ], [ 75.761261032570644, 26.945820347031429 ], [ 75.761261032570644, 26.943664389699848 ], [ 75.761530527012269, 26.94339489525828 ] ] ] } },
{ "type": "Feature", "properties": { "OBJECTID": 310.0, "LAYER": "Stream", "STREAM_ID": 4184, "IN_FLOW": 259.0, "OUT_FLOW": 482.0, "DRAIN_AREA": "0.3868 sq km", "STRAHLER": 1, "Shape_Leng": 0.0053165681472100001 }, "geometry": { "type": "MultiLineString", "coordinates": [ [ [ 75.855314643056374, 26.944472873924042 ], [ 75.855314643056374, 26.945281357248916 ], [ 75.855045148614749, 26.945550851690484 ], [ 75.855045148614749, 26.945820347031429 ], [ 75.855045148614749, 26.946089841473054 ], [ 75.855045148614749, 26.946359335914678 ], [ 75.854775653273862, 26.946628830356303 ], [ 75.854775653273862, 26.946898324797928 ], [ 75.854506158832237, 26.947167819239496 ], [ 75.854236664390612, 26.947437314580441 ], [ 75.853967169948987, 26.947706809022065 ], [ 75.85315868572485, 26.94851529234694 ], [ 75.852889191283225, 26.948784786788508 ] ] ] } },
{ "type": "Feature", "properties": { "OBJECTID": 311.0, "LAYER": "Stream", "STREAM_ID": 4190, "IN_FLOW": 5201.0, "OUT_FLOW": 6098.0, "DRAIN_AREA": "4.894 sq km", "STRAHLER": 3, "Shape_Leng": 0.0213395968713 }, "geometry": { "type": "MultiLineString", "coordinates": [ [ [ 75.735659047127399, 26.948245797905315 ], [ 75.735659047127399, 26.947706809022065 ], [ 75.734850562903205, 26.946898324797928 ], [ 75.734042079578387, 26.946898324797928 ], [ 75.733503090695137, 26.946359335914678 ], [ 75.733233595354193, 26.946359335914678 ], [ 75.73215561758775, 26.945281357248916 ], [ 75.731886123146126, 26.945011862807291 ], [ 75.731077638921931, 26.944203379482417 ], [ 75.730808144480363, 26.944203379482417 ], [ 75.730538650038739, 26.944203379482417 ], [ 75.729999660256169, 26.944203379482417 ], [ 75.729460671372919, 26.943664389699848 ], [ 75.72757420938234, 26.943664389699848 ], [ 75.726496230716521, 26.942586411933405 ], [ 75.725687747391703, 26.942586411933405 ], [ 75.724070779842691, 26.942586411933405 ], [ 75.723801285401066, 26.94231691749178 ], [ 75.723262295618497, 26.94231691749178 ], [ 75.721645328968805, 26.94231691749178 ], [ 75.720297855861418, 26.940969444384393 ], [ 75.720297855861418, 26.939621971277006 ], [ 75.720297855861418, 26.939352476835381 ], [ 75.720028361419793, 26.939082982393757 ], [ 75.719758866078848, 26.939082982393757 ], [ 75.719489371637223, 26.938813487052812 ] ] ] } },
{ "type": "Feature", "properties": { "OBJECTID": 312.0, "LAYER": "Stream", "STREAM_ID": 4191, "IN_FLOW": 202.0, "OUT_FLOW": 256.0, "DRAIN_AREA": "0.2054 sq km", "STRAHLER": 1, "Shape_Leng": 0.0019518520437399999 }, "geometry": { "type": "MultiLineString", "coordinates": [ [ [ 75.752637205942335, 26.947706809022065 ], [ 75.753176194825585, 26.947706809022065 ], [ 75.753715184608154, 26.948245797905315 ], [ 75.753984679049779, 26.948245797905315 ], [ 75.754254173491347, 26.94851529234694 ] ] ] } },
{ "type": "Feature", "properties": { "OBJECTID": 313.0, "LAYER": "Stream", "STREAM_ID": 4193, "IN_FLOW": 330.0, "OUT_FLOW": 1274.0, "DRAIN_AREA": "1.022 sq km", "STRAHLER": 1, "Shape_Leng": 0.0071741085513499997 }, "geometry": { "type": "MultiLineString", "coordinates": [ [ [ 75.86582493167532, 26.943489207161235 ], [ 75.86582493167532, 26.943933884141472 ], [ 75.866094426116945, 26.944203379482417 ], [ 75.86636392055857, 26.944472873924042 ], [ 75.866633415000138, 26.944472873924042 ], [ 75.866902910341082, 26.944472873924042 ], [ 75.867441899224332, 26.945011862807291 ], [ 75.867711393665957, 26.945011862807291 ], [ 75.867980888107581, 26.945281357248916 ], [ 75.869058866773344, 26.946359335914678 ], [ 75.869328361214968, 26.946359335914678 ], [ 75.869597855656593, 26.946628830356303 ], [ 75.869597855656593, 26.947706809022065 ], [ 75.870136844539786, 26.948245797905315 ] ] ] } },
{ "type": "Feature", "properties": { "OBJECTID": 314.0, "LAYER": "Stream", "STREAM_ID": 4194, "IN_FLOW": 2878.0, "OUT_FLOW": 3405.0, "DRAIN_AREA": "2.732 sq km", "STRAHLER": 2, "Shape_Leng": 0.0072324162887899999 }, "geometry": { "type": "MultiLineString", "coordinates": [ [ [ 75.871753812088798, 26.942129664252661 ], [ 75.871753812088798, 26.94231691749178 ], [ 75.871484317647173, 26.942586411933405 ], [ 75.870406339880731, 26.943664389699848 ], [ 75.870406339880731, 26.943933884141472 ], [ 75.87094532876398, 26.944472873924042 ], [ 75.87094532876398, 26.944742368365667 ], [ 75.87094532876398, 26.945011862807291 ], [ 75.87094532876398, 26.945281357248916 ], [ 75.87094532876398, 26.946089841473054 ], [ 75.870406339880731, 26.946628830356303 ], [ 75.870406339880731, 26.947167819239496 ], [ 75.870136844539786, 26.947437314580441 ], [ 75.870136844539786, 26.948245797905315 ] ] ] } },
{ "type": "Feature", "properties": { "OBJECTID": 315.0, "LAYER": "Stream", "STREAM_ID": 4200, "IN_FLOW": 14250.0, "OUT_FLOW": 14312.0, "DRAIN_AREA": "11.485 sq km", "STRAHLER": 3, "Shape_Leng": 0.0037920758347199999 }, "geometry": { "type": "MultiLineString", "coordinates": [ [ [ 75.76368648344453, 26.947437314580441 ], [ 75.762878000119656, 26.946628830356303 ], [ 75.762878000119656, 26.946089841473054 ], [ 75.762608505678031, 26.945820347031429 ], [ 75.762339011236463, 26.945550851690484 ], [ 75.762339011236463, 26.944203379482417 ] ] ] } },
{ "type": "Feature", "properties": { "OBJECTID": 316.0, "LAYER": "Stream", "STREAM_ID": 4201, "IN_FLOW": 286.0, "OUT_FLOW": 714.0, "DRAIN_AREA": "0.573 sq km", "STRAHLER": 1, "Shape_Leng": 0.0118881335294 }, "geometry": { "type": "MultiLineString", "coordinates": [ [ [ 75.792522404885119, 26.947437314580441 ], [ 75.792252909544175, 26.947167819239496 ], [ 75.791174931777732, 26.947167819239496 ], [ 75.790905437336107, 26.946898324797928 ], [ 75.790366447553595, 26.946359335914678 ], [ 75.79009695311197, 26.946359335914678 ], [ 75.788749480004583, 26.945011862807291 ], [ 75.788210491121333, 26.944472873924042 ], [ 75.787940996679708, 26.944203379482417 ], [ 75.787671502238084, 26.944203379482417 ], [ 75.787402006897139, 26.944203379482417 ], [ 75.787132512455514, 26.944472873924042 ], [ 75.786324029130697, 26.945281357248916 ], [ 75.786054534689072, 26.945281357248916 ], [ 75.785785040247447, 26.945550851690484 ], [ 75.785785040247447, 26.945820347031429 ], [ 75.785246050464934, 26.946359335914678 ], [ 75.78497655602331, 26.946628830356303 ], [ 75.78443756714006, 26.947167819239496 ], [ 75.783359588474298, 26.947167819239496 ] ] ] } },
{ "type": "Feature", "properties": { "OBJECTID": 317.0, "LAYER": "Stream", "STREAM_ID": 4205, "IN_FLOW": 33211.0, "OUT_FLOW": 33316.0, "DRAIN_AREA": "26.735 sq km", "STRAHLER": 4, "Shape_Leng": 0.0019056141074800001 }, "geometry": { "type": "MultiLineString", "coordinates": [ [ [ 75.783359588474298, 26.947167819239496 ], [ 75.782012115366911, 26.945820347031429 ] ] ] } },
{ "type": "Feature", "properties": { "OBJECTID": 318.0, "LAYER": "Stream", "STREAM_ID": 4210, "IN_FLOW": 12235.0, "OUT_FLOW": 12531.0, "DRAIN_AREA": "10.056 sq km", "STRAHLER": 3, "Shape_Leng": 0.0061250514720900002 }, "geometry": { "type": "MultiLineString", "coordinates": [ [ [ 75.835372043584982, 26.94339489525828 ], [ 75.835911032468232, 26.943933884141472 ], [ 75.835911032468232, 26.944472873924042 ], [ 75.835641538026607, 26.944742368365667 ], [ 75.835641538026607, 26.945281357248916 ], [ 75.836719516692426, 26.946359335914678 ], [ 75.836989011133994, 26.946359335914678 ], [ 75.837258505575619, 26.946628830356303 ], [ 75.838066988900493, 26.946628830356303 ], [ 75.838336484241438, 26.946359335914678 ], [ 75.838875473124631, 26.946359335914678 ] ] ] } },
{ "type": "Feature", "properties": { "OBJECTID": 319.0, "LAYER": "Stream", "STREAM_ID": 4213, "IN_FLOW": 3849.0, "OUT_FLOW": 4097.0, "DRAIN_AREA": "3.288 sq km", "STRAHLER": 3, "Shape_Leng": 0.0084580273727900002 }, "geometry": { "type": "MultiLineString", "coordinates": [ [ [ 75.769345870315703, 26.945011862807291 ], [ 75.769076375874079, 26.945281357248916 ], [ 75.768806880533191, 26.945281357248916 ], [ 75.768267891649941, 26.945820347031429 ], [ 75.767728902766692, 26.945820347031429 ], [ 75.767459408325067, 26.946089841473054 ], [ 75.766920418542554, 26.946089841473054 ], [ 75.766650924100929, 26.946359335914678 ], [ 75.766381429659305, 26.946359335914678 ], [ 75.76611193521768, 26.946359335914678 ], [ 75.764225473227043, 26.944472873924042 ], [ 75.762608505678031, 26.944472873924042 ], [ 75.762339011236463, 26.944203379482417 ] ] ] } },
{ "type": "Feature", "properties": { "OBJECTID": 320.0, "LAYER": "Stream", "STREAM_ID": 4214, "IN_FLOW": 209.0, "OUT_FLOW": 1160.0, "DRAIN_AREA": "0.931 sq km", "STRAHLER": 1, "Shape_Leng": 0.016311674646700001 }, "geometry": { "type": "MultiLineString", "coordinates": [ [ [ 75.822166808751263, 26.946089841473054 ], [ 75.822436303192887, 26.946359335914678 ], [ 75.822975292975457, 26.946359335914678 ], [ 75.823244787417082, 26.946359335914678 ], [ 75.82351428185865, 26.946089841473054 ], [ 75.824322765183524, 26.945281357248916 ], [ 75.824592260524469, 26.945011862807291 ], [ 75.824592260524469, 26.944742368365667 ], [ 75.824592260524469, 26.944472873924042 ], [ 75.824592260524469, 26.944203379482417 ], [ 75.824322765183524, 26.943933884141472 ], [ 75.824322765183524, 26.943664389699848 ], [ 75.824592260524469, 26.94339489525828 ], [ 75.824861754966093, 26.943125400816655 ], [ 75.824861754966093, 26.942586411933405 ], [ 75.824861754966093, 26.94231691749178 ], [ 75.824861754966093, 26.942047422150836 ], [ 75.824861754966093, 26.941777927709268 ], [ 75.824861754966093, 26.941508433267643 ], [ 75.824592260524469, 26.941238938826018 ], [ 75.824861754966093, 26.940969444384393 ], [ 75.825400743849286, 26.940969444384393 ], [ 75.825670238290911, 26.940699949942768 ], [ 75.825670238290911, 26.940430454601824 ], [ 75.825670238290911, 26.940160960160256 ], [ 75.825939732732536, 26.939891465718631 ], [ 75.826209227174161, 26.939621971277006 ], [ 75.826209227174161, 26.939352476835381 ], [ 75.826209227174161, 26.939082982393757 ], [ 75.826209227174161, 26.938543992611244 ], [ 75.825670238290911, 26.938005003727994 ], [ 75.825400743849286, 26.938005003727994 ], [ 75.825131249407718, 26.93773550928637 ], [ 75.825131249407718, 26.93719652040312 ], [ 75.825400743849286, 26.936927025062232 ], [ 75.825670238290911, 26.936657530620607 ], [ 75.826209227174161, 26.936118541737358 ], [ 75.825939732732536, 26.935849047295733 ], [ 75.825939732732536, 26.93531005751322 ], [ 75.825939732732536, 26.934771068629971 ], [ 75.825670238290911, 26.934501574188346 ] ] ] } },
{ "type": "Feature", "properties": { "OBJECTID": 321.0, "LAYER": "Stream", "STREAM_ID": 4215, "IN_FLOW": 333.0, "OUT_FLOW": 734.0, "DRAIN_AREA": "0.589 sq km", "STRAHLER": 1, "Shape_Leng": 0.0103174042892 }, "geometry": { "type": "MultiLineString", "coordinates": [ [ [ 75.878221682284845, 26.943664389699848 ], [ 75.878760672067415, 26.944203379482417 ], [ 75.87903016650904, 26.944203379482417 ], [ 75.879299660950664, 26.944203379482417 ], [ 75.879569155392289, 26.944472873924042 ], [ 75.879838649833857, 26.944203379482417 ], [ 75.880108144275482, 26.943933884141472 ], [ 75.880377639616427, 26.943664389699848 ], [ 75.880647134058052, 26.943664389699848 ], [ 75.881455617382869, 26.94285590637503 ], [ 75.882264101607063, 26.94285590637503 ], [ 75.882533596048688, 26.94285590637503 ], [ 75.882803090490313, 26.943125400816655 ], [ 75.883072584931881, 26.94339489525828 ], [ 75.883072584931881, 26.943933884141472 ], [ 75.883881069156075, 26.944742368365667 ], [ 75.883881069156075, 26.945011862807291 ], [ 75.885498036705087, 26.946628830356303 ] ] ] } },
{ "type": "Feature", "properties": { "OBJECTID": 322.0, "LAYER": "Stream", "STREAM_ID": 4219, "IN_FLOW": 1606.0, "OUT_FLOW": 2059.0, "DRAIN_AREA": "1.652 sq km", "STRAHLER": 2, "Shape_Leng": 0.0056514532778200004 }, "geometry": { "type": "MultiLineString", "coordinates": [ [ [ 75.721645328968805, 26.946089841473054 ], [ 75.721106339186235, 26.945550851690484 ], [ 75.720836844744667, 26.945550851690484 ], [ 75.720567350303043, 26.945550851690484 ], [ 75.720297855861418, 26.945550851690484 ], [ 75.717872404088212, 26.943125400816655 ], [ 75.717872404088212, 26.94285590637503 ], [ 75.717602909646644, 26.942586411933405 ] ] ] } },
{ "type": "Feature", "properties": { "OBJECTID": 323.0, "LAYER": "Stream", "STREAM_ID": 4220, "IN_FLOW": 252.0, "OUT_FLOW": 464.0, "DRAIN_AREA": "0.3724 sq km", "STRAHLER": 1, "Shape_Leng": 0.0082347702315599992 }, "geometry": { "type": "MultiLineString", "coordinates": [ [ [ 75.837528000017244, 26.939352476835381 ], [ 75.837258505575619, 26.939621971277006 ], [ 75.837258505575619, 26.939891465718631 ], [ 75.837258505575619, 26.940160960160256 ], [ 75.837258505575619, 26.941508433267643 ], [ 75.838066988900493, 26.94231691749178 ], [ 75.838066988900493, 26.942586411933405 ], [ 75.839414462007881, 26.943933884141472 ], [ 75.839414462007881, 26.944203379482417 ], [ 75.839414462007881, 26.944472873924042 ], [ 75.839144967566256, 26.944742368365667 ], [ 75.839144967566256, 26.946089841473054 ], [ 75.838875473124631, 26.946359335914678 ] ] ] } },
{ "type": "Feature", "properties": { "OBJECTID": 324.0, "LAYER": "Stream", "STREAM_ID": 4223, "IN_FLOW": 34024.0, "OUT_FLOW": 34210.0, "DRAIN_AREA": "27.453 sq km", "STRAHLER": 4, "Shape_Leng": 0.0055669095726899997 }, "geometry": { "type": "MultiLineString", "coordinates": [ [ [ 75.782012115366911, 26.945820347031429 ], [ 75.782012115366911, 26.945550851690484 ], [ 75.781742620925286, 26.945281357248916 ], [ 75.781742620925286, 26.944203379482417 ], [ 75.782012115366911, 26.943933884141472 ], [ 75.782012115366911, 26.943664389699848 ], [ 75.782012115366911, 26.94339489525828 ], [ 75.781742620925286, 26.943125400816655 ], [ 75.781742620925286, 26.94231691749178 ], [ 75.781473126483661, 26.942047422150836 ], [ 75.781473126483661, 26.941508433267643 ], [ 75.781473126483661, 26.941238938826018 ], [ 75.781473126483661, 26.940699949942768 ] ] ] } },
{ "type": "Feature", "properties": { "OBJECTID": 325.0, "LAYER": "Stream", "STREAM_ID": 4229, "IN_FLOW": 244.0, "OUT_FLOW": 727.0, "DRAIN_AREA": "0.583 sq km", "STRAHLER": 1, "Shape_Leng": 0.0078536491816100003 }, "geometry": { "type": "MultiLineString", "coordinates": [ [ [ 75.748325292178549, 26.945281357248916 ], [ 75.748325292178549, 26.944742368365667 ], [ 75.748325292178549, 26.944472873924042 ], [ 75.748864281961119, 26.943933884141472 ], [ 75.748594786620174, 26.943664389699848 ], [ 75.748594786620174, 26.94339489525828 ], [ 75.748594786620174, 26.942586411933405 ], [ 75.748864281961119, 26.94231691749178 ], [ 75.748864281961119, 26.942047422150836 ], [ 75.748055797736924, 26.941238938826018 ], [ 75.748055797736924, 26.940430454601824 ], [ 75.748594786620174, 26.939891465718631 ], [ 75.748594786620174, 26.939352476835381 ], [ 75.748594786620174, 26.939082982393757 ], [ 75.748325292178549, 26.938813487052812 ], [ 75.748325292178549, 26.938543992611244 ] ] ] } },
{ "type": "Feature", "properties": { "OBJECTID": 326.0, "LAYER": "Stream", "STREAM_ID": 4237, "IN_FLOW": 203.0, "OUT_FLOW": 448.0, "DRAIN_AREA": "0.3595 sq km", "STRAHLER": 1, "Shape_Leng": 0.0065026629542399997 }, "geometry": { "type": "MultiLineString", "coordinates": [ [ [ 75.703319697046425, 26.944742368365667 ], [ 75.703319697046425, 26.944203379482417 ], [ 75.703319697046425, 26.943933884141472 ], [ 75.702780707263912, 26.94339489525828 ], [ 75.701972223939038, 26.94339489525828 ], [ 75.701870526803418, 26.94329319902198 ] ], [ [ 75.701702729497413, 26.94277396464679 ], [ 75.701702729497413, 26.94231691749178 ], [ 75.702241718380662, 26.941777927709268 ], [ 75.702241718380662, 26.940699949942768 ], [ 75.702511212822287, 26.940430454601824 ], [ 75.702511212822287, 26.939891465718631 ], [ 75.701972223939038, 26.939352476835381 ] ] ] } },
{ "type": "Feature", "properties": { "OBJECTID": 327.0, "LAYER": "Stream", "STREAM_ID": 4238, "IN_FLOW": 559.0, "OUT_FLOW": 619.0, "DRAIN_AREA": "0.4967 sq km", "STRAHLER": 2, "Shape_Leng": 0.0022867374377299999 }, "geometry": { "type": "MultiLineString", "coordinates": [ [ [ 75.770962837864715, 26.94339489525828 ], [ 75.770423848082203, 26.943933884141472 ], [ 75.769345870315703, 26.945011862807291 ] ] ] } },
{ "type": "Feature", "properties": { "OBJECTID": 328.0, "LAYER": "Stream", "STREAM_ID": 4246, "IN_FLOW": 205.0, "OUT_FLOW": 1692.0, "DRAIN_AREA": "1.358 sq km", "STRAHLER": 1, "Shape_Leng": 0.027129762685900002 }, "geometry": { "type": "MultiLineString", "coordinates": [ [ [ 75.737006520234786, 26.944203379482417 ], [ 75.736737024893841, 26.943933884141472 ], [ 75.735928541568967, 26.943933884141472 ], [ 75.735659047127399, 26.943664389699848 ], [ 75.735659047127399, 26.943125400816655 ], [ 75.735659047127399, 26.940969444384393 ], [ 75.735659047127399, 26.940430454601824 ], [ 75.734311574019955, 26.939082982393757 ], [ 75.734042079578387, 26.938813487052812 ], [ 75.732425112029375, 26.938813487052812 ], [ 75.73215561758775, 26.938813487052812 ], [ 75.731616627805181, 26.938274498169619 ], [ 75.731347133363556, 26.938274498169619 ], [ 75.731077638921931, 26.938005003727994 ], [ 75.730269155597114, 26.93719652040312 ], [ 75.730269155597114, 26.936388036178982 ], [ 75.729999660256169, 26.936118541737358 ], [ 75.729460671372919, 26.936118541737358 ], [ 75.728921682489727, 26.936118541737358 ], [ 75.728382692707157, 26.935579552854108 ], [ 75.728113198265532, 26.935579552854108 ], [ 75.72757420938234, 26.935040563071595 ], [ 75.728652188048102, 26.933962585305096 ], [ 75.729191176931351, 26.933962585305096 ], [ 75.729730165814544, 26.933423595522584 ], [ 75.729730165814544, 26.932615112197709 ], [ 75.729460671372919, 26.932345617756084 ], [ 75.729191176931351, 26.932345617756084 ], [ 75.728382692707157, 26.931537133531947 ], [ 75.72757420938234, 26.930728650207072 ], [ 75.726226736274896, 26.930728650207072 ], [ 75.725957241833328, 26.930998144648697 ], [ 75.722723306735247, 26.930998144648697 ] ] ] } },
{ "type": "Feature", "properties": { "OBJECTID": 329.0, "LAYER": "Stream", "STREAM_ID": 4247, "IN_FLOW": 18585.0, "OUT_FLOW": 18615.0, "DRAIN_AREA": "14.938 sq km", "STRAHLER": 4, "Shape_Leng": 0.0011433693547800001 }, "geometry": { "type": "MultiLineString", "coordinates": [ [ [ 75.762339011236463, 26.944203379482417 ], [ 75.761530527012269, 26.94339489525828 ] ] ] } },
{ "type": "Feature", "properties": { "OBJECTID": 330.0, "LAYER": "Stream", "STREAM_ID": 4248, "IN_FLOW": 249.0, "OUT_FLOW": 1526.0, "DRAIN_AREA": "1.225 sq km", "STRAHLER": 1, "Shape_Leng": 0.021535766658099999 }, "geometry": { "type": "MultiLineString", "coordinates": [ [ [ 75.798990274181847, 26.944203379482417 ], [ 75.798720779740222, 26.943933884141472 ], [ 75.798720779740222, 26.943664389699848 ], [ 75.798720779740222, 26.943125400816655 ], [ 75.797912296415404, 26.94231691749178 ], [ 75.797373306632835, 26.941777927709268 ], [ 75.797373306632835, 26.941238938826018 ], [ 75.79710381219121, 26.940969444384393 ], [ 75.796834317749642, 26.940969444384393 ], [ 75.796564823308017, 26.940969444384393 ], [ 75.796295328866393, 26.940969444384393 ], [ 75.795486844642198, 26.940969444384393 ], [ 75.794947855759006, 26.941508433267643 ], [ 75.794408866875756, 26.941508433267643 ], [ 75.793600382651618, 26.94231691749178 ], [ 75.793330888209994, 26.94231691749178 ], [ 75.793061393768369, 26.942586411933405 ], [ 75.792791899326744, 26.942586411933405 ], [ 75.792522404885119, 26.94231691749178 ], [ 75.791713920660982, 26.94231691749178 ], [ 75.791444426219357, 26.942586411933405 ], [ 75.79009695311197, 26.941238938826018 ], [ 75.789288469787095, 26.941238938826018 ], [ 75.789018974446151, 26.941238938826018 ], [ 75.788749480004583, 26.941508433267643 ], [ 75.788479985562958, 26.941508433267643 ], [ 75.788210491121333, 26.941777927709268 ], [ 75.787671502238084, 26.941238938826018 ], [ 75.787402006897139, 26.941238938826018 ], [ 75.787132512455514, 26.940969444384393 ], [ 75.785785040247447, 26.939621971277006 ], [ 75.785515544906502, 26.939621971277006 ], [ 75.78497655602331, 26.940160960160256 ], [ 75.784707061581685, 26.940160960160256 ], [ 75.78443756714006, 26.940160960160256 ], [ 75.784168072698435, 26.939891465718631 ], [ 75.78389857735749, 26.939621971277006 ], [ 75.78389857735749, 26.939352476835381 ], [ 75.783629082915922, 26.939082982393757 ], [ 75.783359588474298, 26.939082982393757 ], [ 75.783090094032673, 26.938813487052812 ] ] ] } },
{ "type": "Feature", "properties": { "OBJECTID": 331.0, "LAYER": "Stream", "STREAM_ID": 4249, "IN_FLOW": 247.0, "OUT_FLOW": 432.0, "DRAIN_AREA": "0.3467 sq km", "STRAHLER": 1, "Shape_Leng": 0.0022213471212400001 }, "geometry": { "type": "MultiLineString", "coordinates": [ [ [ 75.833485581594346, 26.944203379482417 ], [ 75.834563559360845, 26.944203379482417 ], [ 75.835372043584982, 26.94339489525828 ] ] ] } },
{ "type": "Feature", "properties": { "OBJECTID": 332.0, "LAYER": "Stream", "STREAM_ID": 4250, "IN_FLOW": 3171.0, "OUT_FLOW": 3938.0, "DRAIN_AREA": "3.16 sq km", "STRAHLER": 2, "Shape_Leng": 0.013355167429299999 }, "geometry": { "type": "MultiLineString", "coordinates": [ [ [ 75.840761935115268, 26.933154101080959 ], [ 75.840761935115268, 26.933693089964208 ], [ 75.840492440673643, 26.933962585305096 ], [ 75.840492440673643, 26.934232079746721 ], [ 75.840492440673643, 26.935849047295733 ], [ 75.840492440673643, 26.936118541737358 ], [ 75.840492440673643, 26.936388036178982 ], [ 75.840492440673643, 26.93719652040312 ], [ 75.840222946232018, 26.937466014844745 ], [ 75.840222946232018, 26.93773550928637 ], [ 75.840492440673643, 26.938005003727994 ], [ 75.840761935115268, 26.938005003727994 ], [ 75.841031429556892, 26.938274498169619 ], [ 75.841300923998517, 26.938274498169619 ], [ 75.841570419339462, 26.938543992611244 ], [ 75.841570419339462, 26.939621971277006 ], [ 75.84183991378103, 26.939891465718631 ], [ 75.842109408222655, 26.939891465718631 ], [ 75.842378902664279, 26.940160960160256 ], [ 75.842378902664279, 26.940430454601824 ], [ 75.842648397105904, 26.940699949942768 ], [ 75.842648397105904, 26.941238938826018 ], [ 75.842917891547529, 26.941508433267643 ], [ 75.842917891547529, 26.942047422150836 ], [ 75.842917891547529, 26.943664389699848 ], [ 75.842917891547529, 26.943933884141472 ], [ 75.843456881330042, 26.944472873924042 ] ] ] } },
{ "type": "Feature", "properties": { "OBJECTID": 333.0, "LAYER": "Stream", "STREAM_ID": 4251, "IN_FLOW": 206.0, "OUT_FLOW": 992.0, "DRAIN_AREA": "0.796 sq km", "STRAHLER": 1, "Shape_Leng": 0.016534931415500002 }, "geometry": { "type": "MultiLineString", "coordinates": [ [ [ 75.848846772860327, 26.930998144648697 ], [ 75.848577278418702, 26.931267639090322 ], [ 75.848577278418702, 26.931537133531947 ], [ 75.848307783977077, 26.931806627973572 ], [ 75.848307783977077, 26.932076122415197 ], [ 75.847768794194565, 26.932615112197709 ], [ 75.847768794194565, 26.932884606639334 ], [ 75.847768794194565, 26.933154101080959 ], [ 75.84749929975294, 26.933423595522584 ], [ 75.84749929975294, 26.934232079746721 ], [ 75.84696031086969, 26.934771068629971 ], [ 75.84696031086969, 26.935579552854108 ], [ 75.846690816428065, 26.935849047295733 ], [ 75.846421321087178, 26.935849047295733 ], [ 75.846151826645553, 26.936118541737358 ], [ 75.846151826645553, 26.936927025062232 ], [ 75.846151826645553, 26.937466014844745 ], [ 75.845073848879053, 26.938543992611244 ], [ 75.845073848879053, 26.939352476835381 ], [ 75.845073848879053, 26.939621971277006 ], [ 75.845882332203928, 26.940430454601824 ], [ 75.845882332203928, 26.941777927709268 ], [ 75.843726375771666, 26.943933884141472 ], [ 75.843456881330042, 26.944203379482417 ], [ 75.843456881330042, 26.944472873924042 ] ] ] } },
{ "type": "Feature", "properties": { "OBJECTID": 334.0, "LAYER": "Stream", "STREAM_ID": 4252, "IN_FLOW": 239.0, "OUT_FLOW": 566.0, "DRAIN_AREA": "0.4542 sq km", "STRAHLER": 1, "Shape_Leng": 0.00420118515567 }, "geometry": { "type": "MultiLineString", "coordinates": [ [ [ 75.900050743746874, 26.944203379482417 ], [ 75.900320238188499, 26.944203379482417 ], [ 75.900589733529443, 26.943933884141472 ], [ 75.900859227971068, 26.943933884141472 ], [ 75.901128722412693, 26.944203379482417 ], [ 75.901398216854261, 26.944203379482417 ], [ 75.901667711295886, 26.944203379482417 ], [ 75.90247619552008, 26.94339489525828 ], [ 75.903554173286523, 26.94339489525828 ], [ 75.903652894565482, 26.943493616537239 ] ] ] } },
{ "type": "Feature", "properties": { "OBJECTID": 335.0, "LAYER": "Stream", "STREAM_ID": 4255, "IN_FLOW": 209.0, "OUT_FLOW": 268.0, "DRAIN_AREA": "0.2151 sq km", "STRAHLER": 1, "Shape_Leng": 0.0034571916033899999 }, "geometry": { "type": "MultiLineString", "coordinates": [ [ [ 75.774196772962739, 26.943933884141472 ], [ 75.773657783180226, 26.943933884141472 ], [ 75.773388288738602, 26.943933884141472 ], [ 75.773118794296977, 26.943664389699848 ], [ 75.77123233230634, 26.943664389699848 ], [ 75.770962837864715, 26.94339489525828 ] ] ] } },
{ "type": "Feature", "properties": { "OBJECTID": 336.0, "LAYER": "Stream", "STREAM_ID": 4259, "IN_FLOW": 19618.0, "OUT_FLOW": 20413.0, "DRAIN_AREA": "16.381 sq km", "STRAHLER": 4, "Shape_Leng": 0.0092665097983800002 }, "geometry": { "type": "MultiLineString", "coordinates": [ [ [ 75.761530527012269, 26.94339489525828 ], [ 75.761261032570644, 26.943125400816655 ], [ 75.761261032570644, 26.94285590637503 ], [ 75.761261032570644, 26.94231691749178 ], [ 75.761261032570644, 26.941508433267643 ], [ 75.760991538129019, 26.941238938826018 ], [ 75.761261032570644, 26.940969444384393 ], [ 75.761261032570644, 26.940699949942768 ], [ 75.761530527012269, 26.940430454601824 ], [ 75.761530527012269, 26.939891465718631 ], [ 75.761530527012269, 26.938813487052812 ], [ 75.761261032570644, 26.938543992611244 ], [ 75.760991538129019, 26.938274498169619 ], [ 75.760722043687451, 26.938274498169619 ], [ 75.760452549245827, 26.938005003727994 ], [ 75.758835581696815, 26.936388036178982 ], [ 75.758835581696815, 26.935849047295733 ] ] ] } },
{ "type": "Feature", "properties": { "OBJECTID": 337.0, "LAYER": "Stream", "STREAM_ID": 4260, "IN_FLOW": 204.0, "OUT_FLOW": 1050.0, "DRAIN_AREA": "0.843 sq km", "STRAHLER": 1, "Shape_Leng": 0.011553247872100001 }, "geometry": { "type": "MultiLineString", "coordinates": [ [ [ 75.814351465447828, 26.94285590637503 ], [ 75.814081971006203, 26.94285590637503 ], [ 75.813812476564578, 26.94285590637503 ], [ 75.81354298212301, 26.94285590637503 ], [ 75.813273487681386, 26.942586411933405 ], [ 75.813003993239761, 26.942586411933405 ], [ 75.812734497898816, 26.942586411933405 ], [ 75.812195509015567, 26.943125400816655 ], [ 75.810578541466555, 26.943125400816655 ], [ 75.81030904702493, 26.94339489525828 ], [ 75.810039552583362, 26.943125400816655 ], [ 75.809770058141737, 26.943125400816655 ], [ 75.809231068359168, 26.942586411933405 ], [ 75.808961573917543, 26.942586411933405 ], [ 75.808153090592725, 26.941777927709268 ], [ 75.8078835961511, 26.941777927709268 ], [ 75.807075111926906, 26.940969444384393 ], [ 75.805997133261144, 26.939891465718631 ], [ 75.805727638819519, 26.939621971277006 ], [ 75.805727638819519, 26.939082982393757 ], [ 75.805458144377894, 26.938813487052812 ] ] ] } },
{ "type": "Feature", "properties": { "OBJECTID": 338.0, "LAYER": "Stream", "STREAM_ID": 4263, "IN_FLOW": 274.0, "OUT_FLOW": 286.0, "DRAIN_AREA": "0.2295 sq km", "STRAHLER": 1, "Shape_Leng": 0.0011433680829899999 }, "geometry": { "type": "MultiLineString", "coordinates": [ [ [ 75.77177132118959, 26.942586411933405 ], [ 75.770962837864715, 26.94339489525828 ] ] ] } },
{ "type": "Feature", "properties": { "OBJECTID": 339.0, "LAYER": "Stream", "STREAM_ID": 4264, "IN_FLOW": 11719.0, "OUT_FLOW": 11798.0, "DRAIN_AREA": "9.468 sq km", "STRAHLER": 3, "Shape_Leng": 0.0032530874782600002 }, "geometry": { "type": "MultiLineString", "coordinates": [ [ [ 75.833216087152778, 26.941508433267643 ], [ 75.833485581594346, 26.941777927709268 ], [ 75.833485581594346, 26.94231691749178 ], [ 75.83429406491922, 26.943125400816655 ], [ 75.835102549143357, 26.943125400816655 ], [ 75.835372043584982, 26.94339489525828 ] ] ] } },
{ "type": "Feature", "properties": { "OBJECTID": 340.0, "LAYER": "Stream", "STREAM_ID": 4274, "IN_FLOW": 2660.0, "OUT_FLOW": 2853.0, "DRAIN_AREA": "2.289 sq km", "STRAHLER": 2, "Shape_Leng": 0.0074262872791900003 }, "geometry": { "type": "MultiLineString", "coordinates": [ [ [ 75.717602909646644, 26.942586411933405 ], [ 75.716794426321769, 26.941777927709268 ], [ 75.714907964331132, 26.941777927709268 ], [ 75.714638468990188, 26.941508433267643 ], [ 75.714638468990188, 26.940160960160256 ], [ 75.716524930980825, 26.938274498169619 ] ] ] } },
{ "type": "Feature", "properties": { "OBJECTID": 341.0, "LAYER": "Stream", "STREAM_ID": 4275, "IN_FLOW": 236.0, "OUT_FLOW": 641.0, "DRAIN_AREA": "0.514 sq km", "STRAHLER": 1, "Shape_Leng": 0.0056322998891600003 }, "geometry": { "type": "MultiLineString", "coordinates": [ [ [ 75.755601646598791, 26.942586411933405 ], [ 75.756140635481984, 26.942047422150836 ], [ 75.756410129923609, 26.941777927709268 ], [ 75.756140635481984, 26.941508433267643 ], [ 75.756140635481984, 26.941238938826018 ], [ 75.756140635481984, 26.940969444384393 ], [ 75.756140635481984, 26.940430454601824 ], [ 75.755871141040359, 26.940160960160256 ], [ 75.755871141040359, 26.939352476835381 ], [ 75.756410129923609, 26.938813487052812 ], [ 75.756410129923609, 26.938274498169619 ], [ 75.756410129923609, 26.93773550928637 ] ] ] } },
{ "type": "Feature", "properties": { "OBJECTID": 342.0, "LAYER": "Stream", "STREAM_ID": 4278, "IN_FLOW": 203.0, "OUT_FLOW": 268.0, "DRAIN_AREA": "0.2151 sq km", "STRAHLER": 1, "Shape_Leng": 0.0034109534037799999 }, "geometry": { "type": "MultiLineString", "coordinates": [ [ [ 75.743204895089889, 26.94231691749178 ], [ 75.743204895089889, 26.941777927709268 ], [ 75.743204895089889, 26.940699949942768 ], [ 75.742935400648264, 26.940430454601824 ], [ 75.742935400648264, 26.940160960160256 ], [ 75.742126917323446, 26.939352476835381 ] ] ] } },
{ "type": "Feature", "properties": { "OBJECTID": 343.0, "LAYER": "Stream", "STREAM_ID": 4285, "IN_FLOW": 205.0, "OUT_FLOW": 2787.0, "DRAIN_AREA": "2.237 sq km", "STRAHLER": 1, "Shape_Leng": 0.056388398310399997 }, "geometry": { "type": "MultiLineString", "coordinates": [ [ [ 75.800876736172484, 26.941777927709268 ], [ 75.800068252847666, 26.940969444384393 ], [ 75.800068252847666, 26.940160960160256 ], [ 75.800068252847666, 26.939891465718631 ], [ 75.799798758406041, 26.939621971277006 ], [ 75.799798758406041, 26.939352476835381 ], [ 75.799529263964416, 26.939082982393757 ], [ 75.799259768623472, 26.939082982393757 ], [ 75.798720779740222, 26.938543992611244 ], [ 75.798720779740222, 26.938005003727994 ], [ 75.798720779740222, 26.93773550928637 ], [ 75.798720779740222, 26.937466014844745 ], [ 75.798720779740222, 26.936927025062232 ], [ 75.798990274181847, 26.936657530620607 ], [ 75.798990274181847, 26.936388036178982 ], [ 75.798990274181847, 26.936118541737358 ], [ 75.798990274181847, 26.935849047295733 ], [ 75.798990274181847, 26.935579552854108 ], [ 75.798181790857029, 26.934771068629971 ], [ 75.798181790857029, 26.934232079746721 ], [ 75.798451285298654, 26.933962585305096 ], [ 75.798451285298654, 26.933423595522584 ], [ 75.797373306632835, 26.932345617756084 ], [ 75.79710381219121, 26.932345617756084 ], [ 75.796834317749642, 26.932076122415197 ], [ 75.796295328866393, 26.932076122415197 ], [ 75.796025834424768, 26.931806627973572 ], [ 75.796025834424768, 26.931267639090322 ], [ 75.795756339083823, 26.930998144648697 ], [ 75.795756339083823, 26.930728650207072 ], [ 75.795756339083823, 26.930459155765504 ], [ 75.796295328866393, 26.929920165982935 ], [ 75.796295328866393, 26.929381177099685 ], [ 75.796025834424768, 26.929111682658061 ], [ 75.796025834424768, 26.928572692875548 ], [ 75.796025834424768, 26.927764209550674 ], [ 75.795486844642198, 26.927225220667424 ], [ 75.795486844642198, 26.926955725326536 ], [ 75.795756339083823, 26.926686230884911 ], [ 75.795756339083823, 26.926147242001662 ], [ 75.796025834424768, 26.925877747560037 ], [ 75.796295328866393, 26.925608253118412 ], [ 75.796295328866393, 26.92453027445265 ], [ 75.796295328866393, 26.923452295786888 ], [ 75.796025834424768, 26.923182801345263 ], [ 75.796025834424768, 26.922643812462013 ], [ 75.796564823308017, 26.92210482357882 ], [ 75.796834317749642, 26.92210482357882 ], [ 75.79710381219121, 26.921835328237876 ], [ 75.79710381219121, 26.921565833796251 ], [ 75.79710381219121, 26.921296339354626 ], [ 75.796564823308017, 26.920757350471376 ], [ 75.795756339083823, 26.920757350471376 ], [ 75.795486844642198, 26.920487856029808 ], [ 75.795486844642198, 26.919948866247239 ], [ 75.794408866875756, 26.918870888480797 ], [ 75.794139371534811, 26.918870888480797 ], [ 75.793600382651618, 26.918331898698227 ], [ 75.793330888209994, 26.918062404256602 ], [ 75.792252909544175, 26.91698442649016 ], [ 75.792791899326744, 26.91644543670759 ], [ 75.792791899326744, 26.915906447824341 ], [ 75.793061393768369, 26.915636953382716 ], [ 75.793061393768369, 26.914828469158579 ], [ 75.792791899326744, 26.914558974716954 ], [ 75.792252909544175, 26.914558974716954 ], [ 75.791713920660982, 26.914019985833704 ], [ 75.791444426219357, 26.914019985833704 ], [ 75.791174931777732, 26.914289480275329 ], [ 75.790905437336107, 26.914019985833704 ], [ 75.790905437336107, 26.912942007167942 ], [ 75.790905437336107, 26.912672512726317 ], [ 75.790905437336107, 26.912133523843124 ], [ 75.790905437336107, 26.91132503961893 ], [ 75.790905437336107, 26.909977566511543 ], [ 75.790635941995163, 26.909708072069918 ], [ 75.790635941995163, 26.908899588745101 ], [ 75.790366447553595, 26.908630094303476 ], [ 75.79009695311197, 26.908630094303476 ], [ 75.789288469787095, 26.907821610079282 ], [ 75.789288469787095, 26.907552115637657 ], [ 75.789288469787095, 26.907013126754464 ], [ 75.78955796422872, 26.906743631413519 ], [ 75.78955796422872, 26.906474136971894 ], [ 75.789827458670345, 26.90620464253027 ], [ 75.789827458670345, 26.905935148088645 ], [ 75.79009695311197, 26.905665653647077 ], [ 75.79009695311197, 26.905396159205452 ], [ 75.79009695311197, 26.90377919165644 ], [ 75.790635941995163, 26.903240201873871 ], [ 75.791174931777732, 26.902701212990621 ], [ 75.791174931777732, 26.902162224107428 ], [ 75.790635941995163, 26.901623234324859 ], [ 75.790635941995163, 26.901084245441609 ], [ 75.79009695311197, 26.900545256558416 ], [ 75.789827458670345, 26.900545256558416 ], [ 75.78955796422872, 26.900275762116792 ], [ 75.788210491121333, 26.900275762116792 ], [ 75.787940996679708, 26.900006266775847 ], [ 75.787940996679708, 26.899736772334222 ], [ 75.787402006897139, 26.899197783450973 ] ] ] } },
{ "type": "Feature", "properties": { "OBJECTID": 344.0, "LAYER": "Stream", "STREAM_ID": 4291, "IN_FLOW": 201.0, "OUT_FLOW": 242.0, "DRAIN_AREA": "0.1942 sq km", "STRAHLER": 1, "Shape_Leng": 0.00298359250988 }, "geometry": { "type": "MultiLineString", "coordinates": [ [ [ 75.740509949774435, 26.941508433267643 ], [ 75.740509949774435, 26.941238938826018 ], [ 75.740779444216059, 26.940969444384393 ], [ 75.741048938657627, 26.940969444384393 ], [ 75.741318433099252, 26.940699949942768 ], [ 75.741857421982502, 26.940160960160256 ], [ 75.741857421982502, 26.939621971277006 ], [ 75.742126917323446, 26.939352476835381 ] ] ] } },
{ "type": "Feature", "properties": { "OBJECTID": 345.0, "LAYER": "Stream", "STREAM_ID": 4292, "IN_FLOW": 231.0, "OUT_FLOW": 1212.0, "DRAIN_AREA": "0.973 sq km", "STRAHLER": 1, "Shape_Leng": 0.020664294014099999 }, "geometry": { "type": "MultiLineString", "coordinates": [ [ [ 75.893043884667577, 26.941508433267643 ], [ 75.893582873550827, 26.940969444384393 ], [ 75.893852368891771, 26.940969444384393 ], [ 75.894121863333396, 26.940969444384393 ], [ 75.895199841099839, 26.939891465718631 ], [ 75.896547314207226, 26.938543992611244 ], [ 75.898164281756237, 26.938543992611244 ], [ 75.898433776197862, 26.938274498169619 ], [ 75.899511754863624, 26.93719652040312 ], [ 75.900050743746874, 26.93719652040312 ], [ 75.901667711295886, 26.93719652040312 ], [ 75.902206701078455, 26.93773550928637 ], [ 75.90247619552008, 26.93773550928637 ], [ 75.903284678844898, 26.936927025062232 ], [ 75.903284678844898, 26.936657530620607 ], [ 75.903554173286523, 26.936388036178982 ], [ 75.903823667728147, 26.936388036178982 ], [ 75.904362657510717, 26.936388036178982 ], [ 75.905171140835535, 26.935579552854108 ], [ 75.905710130618104, 26.935040563071595 ], [ 75.906249119501297, 26.935040563071595 ], [ 75.907327098167116, 26.933962585305096 ], [ 75.907596592608741, 26.933962585305096 ], [ 75.907866087050309, 26.933962585305096 ], [ 75.908405075933558, 26.933423595522584 ], [ 75.908944064816808, 26.932884606639334 ], [ 75.908944064816808, 26.932345617756084 ], [ 75.908944064816808, 26.932296977923215 ] ] ] } },
{ "type": "Feature", "properties": { "OBJECTID": 346.0, "LAYER": "Stream", "STREAM_ID": 4293, "IN_FLOW": 68717.0, "OUT_FLOW": 69359.0, "DRAIN_AREA": "55.659 sq km", "STRAHLER": 5, "Shape_Leng": 0.0011760267897399999 }, "geometry": { "type": "MultiLineString", "coordinates": [ [ [ 75.910189512536022, 26.937029051349668 ], [ 75.910830527706764, 26.936388036178982 ], [ 75.910830527706764, 26.936118541737358 ] ] ] } },
{ "type": "Feature", "properties": { "OBJECTID": 347.0, "LAYER": "Stream", "STREAM_ID": 4299, "IN_FLOW": 208.0, "OUT_FLOW": 371.0, "DRAIN_AREA": "0.2977 sq km", "STRAHLER": 1, "Shape_Leng": 0.0047313417003199999 }, "geometry": { "type": "MultiLineString", "coordinates": [ [ [ 75.705475653478686, 26.941238938826018 ], [ 75.70305020170548, 26.938813487052812 ], [ 75.702511212822287, 26.938813487052812 ], [ 75.701972223939038, 26.939352476835381 ] ] ] } },
{ "type": "Feature", "properties": { "OBJECTID": 348.0, "LAYER": "Stream", "STREAM_ID": 4300, "IN_FLOW": 247.0, "OUT_FLOW": 252.0, "DRAIN_AREA": "0.2022 sq km", "STRAHLER": 1, "Shape_Leng": 0.00076224538865999995 }, "geometry": { "type": "MultiLineString", "coordinates": [ [ [ 75.780934137600411, 26.941238938826018 ], [ 75.781203632042036, 26.940969444384393 ], [ 75.781473126483661, 26.940699949942768 ] ] ] } },
{ "type": "Feature", "properties": { "OBJECTID": 349.0, "LAYER": "Stream", "STREAM_ID": 4301, "IN_FLOW": 10986.0, "OUT_FLOW": 10996.0, "DRAIN_AREA": "8.824 sq km", "STRAHLER": 3, "Shape_Leng": 0.00092011221349499995 }, "geometry": { "type": "MultiLineString", "coordinates": [ [ [ 75.832946591811833, 26.940699949942768 ], [ 75.832946591811833, 26.941238938826018 ], [ 75.833216087152778, 26.941508433267643 ] ] ] } },
{ "type": "Feature", "properties": { "OBJECTID": 350.0, "LAYER": "Stream", "STREAM_ID": 4302, "IN_FLOW": 206.0, "OUT_FLOW": 718.0, "DRAIN_AREA": "0.576 sq km", "STRAHLER": 1, "Shape_Leng": 0.0135513393872 }, "geometry": { "type": "MultiLineString", "coordinates": [ [ [ 75.836989011133994, 26.93018966042456 ], [ 75.836719516692426, 26.930459155765504 ], [ 75.836719516692426, 26.930728650207072 ], [ 75.836180526909857, 26.931267639090322 ], [ 75.836180526909857, 26.931537133531947 ], [ 75.836180526909857, 26.931806627973572 ], [ 75.836180526909857, 26.932345617756084 ], [ 75.835102549143357, 26.933423595522584 ], [ 75.835102549143357, 26.933693089964208 ], [ 75.834833054701789, 26.933962585305096 ], [ 75.83429406491922, 26.934501574188346 ], [ 75.83429406491922, 26.934771068629971 ], [ 75.834563559360845, 26.935040563071595 ], [ 75.834563559360845, 26.93531005751322 ], [ 75.83429406491922, 26.935579552854108 ], [ 75.83429406491922, 26.935849047295733 ], [ 75.834563559360845, 26.936118541737358 ], [ 75.834563559360845, 26.936388036178982 ], [ 75.834833054701789, 26.936657530620607 ], [ 75.834833054701789, 26.936927025062232 ], [ 75.834833054701789, 26.937466014844745 ], [ 75.834563559360845, 26.93773550928637 ], [ 75.834563559360845, 26.938274498169619 ], [ 75.834563559360845, 26.938813487052812 ], [ 75.834563559360845, 26.939621971277006 ], [ 75.833485581594346, 26.940699949942768 ], [ 75.833485581594346, 26.941238938826018 ], [ 75.833216087152778, 26.941508433267643 ] ] ] } },
{ "type": "Feature", "properties": { "OBJECTID": 351.0, "LAYER": "Stream", "STREAM_ID": 4306, "IN_FLOW": 205.0, "OUT_FLOW": 304.0, "DRAIN_AREA": "0.244 sq km", "STRAHLER": 1, "Shape_Leng": 0.0035688202286499999 }, "geometry": { "type": "MultiLineString", "coordinates": [ [ [ 75.829712657613129, 26.940969444384393 ], [ 75.829982152054754, 26.940969444384393 ], [ 75.830251646496322, 26.940969444384393 ], [ 75.830521140937947, 26.940969444384393 ], [ 75.830790635379572, 26.940969444384393 ], [ 75.831868614045334, 26.940969444384393 ], [ 75.832407602928583, 26.940430454601824 ], [ 75.832677097370208, 26.940430454601824 ], [ 75.832946591811833, 26.940699949942768 ] ] ] } },
{ "type": "Feature", "properties": { "OBJECTID": 352.0, "LAYER": "Stream", "STREAM_ID": 4312, "IN_FLOW": 34468.0, "OUT_FLOW": 34599.0, "DRAIN_AREA": "27.765 sq km", "STRAHLER": 4, "Shape_Leng": 0.0025562327786699999 }, "geometry": { "type": "MultiLineString", "coordinates": [ [ [ 75.781473126483661, 26.940699949942768 ], [ 75.782551105149423, 26.939621971277006 ], [ 75.783090094032673, 26.939082982393757 ], [ 75.783090094032673, 26.938813487052812 ] ] ] } },
{ "type": "Feature", "properties": { "OBJECTID": 353.0, "LAYER": "Stream", "STREAM_ID": 4313, "IN_FLOW": 200.0, "OUT_FLOW": 1092.0, "DRAIN_AREA": "0.876 sq km", "STRAHLER": 1, "Shape_Leng": 0.014645815396199999 }, "geometry": { "type": "MultiLineString", "coordinates": [ [ [ 75.882803090490313, 26.93954008350812 ], [ 75.882803090490313, 26.939621971277006 ], [ 75.882803090490313, 26.940160960160256 ], [ 75.883342079373506, 26.940699949942768 ], [ 75.883611573815131, 26.940699949942768 ], [ 75.883881069156075, 26.940699949942768 ], [ 75.884420058039325, 26.940699949942768 ], [ 75.884689552480893, 26.940699949942768 ], [ 75.884959046922518, 26.940699949942768 ], [ 75.885228541364143, 26.940430454601824 ], [ 75.886037025588337, 26.940430454601824 ], [ 75.886306520029905, 26.940160960160256 ], [ 75.886306520029905, 26.939891465718631 ], [ 75.88657601447153, 26.939621971277006 ], [ 75.88657601447153, 26.939352476835381 ], [ 75.886845508913154, 26.939082982393757 ], [ 75.887115004254099, 26.939082982393757 ], [ 75.887384498695724, 26.938813487052812 ], [ 75.887653993137349, 26.938813487052812 ], [ 75.888462476462166, 26.938005003727994 ], [ 75.888462476462166, 26.937466014844745 ], [ 75.888731971803111, 26.93719652040312 ], [ 75.888731971803111, 26.936388036178982 ], [ 75.889001466244736, 26.936118541737358 ], [ 75.88927096068636, 26.936118541737358 ], [ 75.889540455127985, 26.935849047295733 ], [ 75.890348938452803, 26.935040563071595 ], [ 75.89169641156019, 26.935040563071595 ], [ 75.891965906001815, 26.934771068629971 ], [ 75.892504895784384, 26.934771068629971 ], [ 75.893043884667577, 26.934771068629971 ] ] ] } },
{ "type": "Feature", "properties": { "OBJECTID": 354.0, "LAYER": "Stream", "STREAM_ID": 4316, "IN_FLOW": 10286.0, "OUT_FLOW": 10679.0, "DRAIN_AREA": "8.57 sq km", "STRAHLER": 3, "Shape_Leng": 0.0072030304012600001 }, "geometry": { "type": "MultiLineString", "coordinates": [ [ [ 75.829443162272185, 26.935579552854108 ], [ 75.829712657613129, 26.935849047295733 ], [ 75.829712657613129, 26.936118541737358 ], [ 75.829712657613129, 26.936388036178982 ], [ 75.831060129821196, 26.93773550928637 ], [ 75.832138108486959, 26.93773550928637 ], [ 75.832407602928583, 26.938005003727994 ], [ 75.832407602928583, 26.938813487052812 ], [ 75.832407602928583, 26.939082982393757 ], [ 75.832946591811833, 26.939621971277006 ], [ 75.832946591811833, 26.940699949942768 ] ] ] } },
{ "type": "Feature", "properties": { "OBJECTID": 355.0, "LAYER": "Stream", "STREAM_ID": 4325, "IN_FLOW": 200.0, "OUT_FLOW": 229.0, "DRAIN_AREA": "0.1838 sq km", "STRAHLER": 1, "Shape_Leng": 0.0019518529430599999 }, "geometry": { "type": "MultiLineString", "coordinates": [ [ [ 75.804110671270507, 26.939891465718631 ], [ 75.804380166611452, 26.939891465718631 ], [ 75.804649661053077, 26.939621971277006 ], [ 75.804919155494701, 26.939621971277006 ], [ 75.805188649936326, 26.939352476835381 ], [ 75.805188649936326, 26.939082982393757 ], [ 75.805458144377894, 26.938813487052812 ] ] ] } },
{ "type": "Feature", "properties": { "OBJECTID": 356.0, "LAYER": "Stream", "STREAM_ID": 4326, "IN_FLOW": 250.0, "OUT_FLOW": 978.0, "DRAIN_AREA": "0.785 sq km", "STRAHLER": 1, "Shape_Leng": 0.018867906525900001 }, "geometry": { "type": "MultiLineString", "coordinates": [ [ [ 75.813812476564578, 26.939891465718631 ], [ 75.812734497898816, 26.939891465718631 ], [ 75.812195509015567, 26.939352476835381 ], [ 75.811656520132374, 26.939352476835381 ], [ 75.811387025690749, 26.939352476835381 ], [ 75.81030904702493, 26.939352476835381 ], [ 75.80842258503435, 26.937466014844745 ], [ 75.80842258503435, 26.93719652040312 ], [ 75.808153090592725, 26.936927025062232 ], [ 75.808153090592725, 26.936657530620607 ], [ 75.807614100810156, 26.936118541737358 ], [ 75.807344606368531, 26.935849047295733 ], [ 75.807075111926906, 26.935579552854108 ], [ 75.807075111926906, 26.93531005751322 ], [ 75.806805617485338, 26.935040563071595 ], [ 75.806536123043713, 26.934771068629971 ], [ 75.806536123043713, 26.934501574188346 ], [ 75.807614100810156, 26.933423595522584 ], [ 75.8078835961511, 26.933423595522584 ], [ 75.80842258503435, 26.933423595522584 ], [ 75.809231068359168, 26.932615112197709 ], [ 75.809500563700112, 26.932345617756084 ], [ 75.809500563700112, 26.931267639090322 ], [ 75.809770058141737, 26.930998144648697 ], [ 75.81030904702493, 26.930998144648697 ], [ 75.810578541466555, 26.930998144648697 ], [ 75.81084803590818, 26.930728650207072 ], [ 75.811387025690749, 26.93018966042456 ], [ 75.811656520132374, 26.93018966042456 ], [ 75.811926014573942, 26.929920165982935 ], [ 75.812734497898816, 26.929920165982935 ] ] ] } },
{ "type": "Feature", "properties": { "OBJECTID": 357.0, "LAYER": "Stream", "STREAM_ID": 4334, "IN_FLOW": 514.0, "OUT_FLOW": 808.0, "DRAIN_AREA": "0.648 sq km", "STRAHLER": 2, "Shape_Leng": 0.0077420211922499997 }, "geometry": { "type": "MultiLineString", "coordinates": [ [ [ 75.742126917323446, 26.939352476835381 ], [ 75.741857421982502, 26.939082982393757 ], [ 75.742126917323446, 26.938813487052812 ], [ 75.743743884872458, 26.938813487052812 ], [ 75.744552368197276, 26.939621971277006 ], [ 75.74536085242147, 26.939621971277006 ], [ 75.745630346863095, 26.939352476835381 ], [ 75.747516808853675, 26.939352476835381 ], [ 75.748325292178549, 26.938543992611244 ] ] ] } },
{ "type": "Feature", "properties": { "OBJECTID": 358.0, "LAYER": "Stream", "STREAM_ID": 4337, "IN_FLOW": 499.0, "OUT_FLOW": 783.0, "DRAIN_AREA": "0.628 sq km", "STRAHLER": 2, "Shape_Leng": 0.000936087213429 }, "geometry": { "type": "MultiLineString", "coordinates": [ [ [ 75.911492441323162, 26.936780455353755 ], [ 75.910830527706764, 26.936118541737358 ] ] ] } },
{ "type": "Feature", "properties": { "OBJECTID": 359.0, "LAYER": "Stream", "STREAM_ID": 4340, "IN_FLOW": 822.0, "OUT_FLOW": 1139.0, "DRAIN_AREA": "0.914 sq km", "STRAHLER": 2, "Shape_Leng": 0.00098328994687299997 }, "geometry": { "type": "MultiLineString", "coordinates": [ [ [ 75.701972223939038, 26.939352476835381 ], [ 75.700988933992164, 26.939352476835381 ] ] ] } },
{ "type": "Feature", "properties": { "OBJECTID": 360.0, "LAYER": "Stream", "STREAM_ID": 4344, "IN_FLOW": 224.0, "OUT_FLOW": 224.0, "DRAIN_AREA": "0.1798 sq km", "STRAHLER": 1, "Shape_Leng": 0.00026949444162499998 }, "geometry": { "type": "MultiLineString", "coordinates": [ [ [ 75.851272223734213, 26.939082982393757 ], [ 75.851002729292588, 26.939082982393757 ] ] ] } },
{ "type": "Feature", "properties": { "OBJECTID": 361.0, "LAYER": "Stream", "STREAM_ID": 4348, "IN_FLOW": 6541.0, "OUT_FLOW": 6708.0, "DRAIN_AREA": "5.383 sq km", "STRAHLER": 3, "Shape_Leng": 0.00341095314039 }, "geometry": { "type": "MultiLineString", "coordinates": [ [ [ 75.719489371637223, 26.938813487052812 ], [ 75.718950382754031, 26.938274498169619 ], [ 75.718411393870781, 26.938274498169619 ], [ 75.718141898529836, 26.938543992611244 ], [ 75.716794426321769, 26.938543992611244 ], [ 75.716524930980825, 26.938274498169619 ] ] ] } },
{ "type": "Feature", "properties": { "OBJECTID": 362.0, "LAYER": "Stream", "STREAM_ID": 4349, "IN_FLOW": 36128.0, "OUT_FLOW": 36283.0, "DRAIN_AREA": "29.116 sq km", "STRAHLER": 4, "Shape_Leng": 0.0032530865789799999 }, "geometry": { "type": "MultiLineString", "coordinates": [ [ [ 75.783090094032673, 26.938813487052812 ], [ 75.783090094032673, 26.938274498169619 ], [ 75.783090094032673, 26.93773550928637 ], [ 75.783629082915922, 26.93719652040312 ], [ 75.783629082915922, 26.936927025062232 ], [ 75.782820599591048, 26.936118541737358 ] ] ] } },
{ "type": "Feature", "properties": { "OBJECTID": 363.0, "LAYER": "Stream", "STREAM_ID": 4350, "IN_FLOW": 1284.0, "OUT_FLOW": 2540.0, "DRAIN_AREA": "2.038 sq km", "STRAHLER": 2, "Shape_Leng": 0.031302961478300001 }, "geometry": { "type": "MultiLineString", "coordinates": [ [ [ 75.805458144377894, 26.938813487052812 ], [ 75.804110671270507, 26.937466014844745 ], [ 75.804110671270507, 26.936657530620607 ], [ 75.804380166611452, 26.936388036178982 ], [ 75.804380166611452, 26.935849047295733 ], [ 75.804380166611452, 26.935040563071595 ], [ 75.804110671270507, 26.934771068629971 ], [ 75.804110671270507, 26.934501574188346 ], [ 75.804110671270507, 26.934232079746721 ], [ 75.80330218794569, 26.933423595522584 ], [ 75.80330218794569, 26.932884606639334 ], [ 75.803571682387314, 26.932615112197709 ], [ 75.803571682387314, 26.931806627973572 ], [ 75.80330218794569, 26.931537133531947 ], [ 75.803571682387314, 26.931267639090322 ], [ 75.803571682387314, 26.930998144648697 ], [ 75.803841176828882, 26.930728650207072 ], [ 75.804110671270507, 26.930728650207072 ], [ 75.804380166611452, 26.930459155765504 ], [ 75.805188649936326, 26.92965067154131 ], [ 75.805188649936326, 26.929381177099685 ], [ 75.805188649936326, 26.928033703992298 ], [ 75.805188649936326, 26.927764209550674 ], [ 75.805188649936326, 26.926955725326536 ], [ 75.805458144377894, 26.926686230884911 ], [ 75.805458144377894, 26.926416736443286 ], [ 75.804919155494701, 26.925877747560037 ], [ 75.804919155494701, 26.925608253118412 ], [ 75.805727638819519, 26.924799768894275 ], [ 75.805727638819519, 26.923721791127832 ], [ 75.805458144377894, 26.923452295786888 ], [ 75.805458144377894, 26.922374318020388 ], [ 75.805458144377894, 26.921026844913001 ], [ 75.805188649936326, 26.920757350471376 ], [ 75.805188649936326, 26.920487856029808 ], [ 75.805188649936326, 26.920218360688864 ], [ 75.805188649936326, 26.919948866247239 ], [ 75.804919155494701, 26.919679371805614 ], [ 75.804919155494701, 26.919409877363989 ], [ 75.804919155494701, 26.918331898698227 ], [ 75.805188649936326, 26.918062404256602 ], [ 75.805188649936326, 26.917792909814978 ], [ 75.804649661053077, 26.917253920931785 ], [ 75.804649661053077, 26.91698442649016 ], [ 75.804110671270507, 26.91644543670759 ], [ 75.804110671270507, 26.915636953382716 ], [ 75.80276319906244, 26.914289480275329 ], [ 75.80276319906244, 26.914019985833704 ], [ 75.802224209279871, 26.913480996051192 ], [ 75.802224209279871, 26.912672512726317 ], [ 75.802224209279871, 26.912403018284692 ], [ 75.802224209279871, 26.912133523843124 ] ] ] } },
{ "type": "Feature", "properties": { "OBJECTID": 364.0, "LAYER": "Stream", "STREAM_ID": 4351, "IN_FLOW": 202.0, "OUT_FLOW": 1020.0, "DRAIN_AREA": "0.819 sq km", "STRAHLER": 1, "Shape_Leng": 0.0064224231947599998 }, "geometry": { "type": "MultiLineString", "coordinates": [ [ [ 75.852220213492103, 26.934232079746721 ], [ 75.851811213516726, 26.934232079746721 ], [ 75.851541718175838, 26.934501574188346 ], [ 75.851272223734213, 26.934501574188346 ], [ 75.851002729292588, 26.934771068629971 ], [ 75.851002729292588, 26.935040563071595 ], [ 75.850733234850964, 26.93531005751322 ], [ 75.850733234850964, 26.936388036178982 ], [ 75.851002729292588, 26.936657530620607 ], [ 75.851002729292588, 26.936927025062232 ], [ 75.851272223734213, 26.93719652040312 ], [ 75.851272223734213, 26.937466014844745 ], [ 75.851541718175838, 26.93773550928637 ], [ 75.851541718175838, 26.938005003727994 ], [ 75.851541718175838, 26.938274498169619 ], [ 75.851272223734213, 26.938543992611244 ], [ 75.851272223734213, 26.938813487052812 ], [ 75.851002729292588, 26.939082982393757 ] ] ] } },
{ "type": "Feature", "properties": { "OBJECTID": 365.0, "LAYER": "Stream", "STREAM_ID": 4358, "IN_FLOW": 205.0, "OUT_FLOW": 437.0, "DRAIN_AREA": "0.3507 sq km", "STRAHLER": 1, "Shape_Leng": 0.0049816832800299998 }, "geometry": { "type": "MultiLineString", "coordinates": [ [ [ 75.723801285401066, 26.938274498169619 ], [ 75.723531790959441, 26.938543992611244 ], [ 75.722184317852054, 26.938543992611244 ], [ 75.721645328968805, 26.938005003727994 ], [ 75.721106339186235, 26.938005003727994 ], [ 75.720836844744667, 26.938005003727994 ], [ 75.720297855861418, 26.938543992611244 ], [ 75.719758866078848, 26.938543992611244 ], [ 75.719489371637223, 26.938813487052812 ] ] ] } },
{ "type": "Feature", "properties": { "OBJECTID": 366.0, "LAYER": "Stream", "STREAM_ID": 4359, "IN_FLOW": 1540.0, "OUT_FLOW": 2209.0, "DRAIN_AREA": "1.773 sq km", "STRAHLER": 2, "Shape_Leng": 0.0151683060369 }, "geometry": { "type": "MultiLineString", "coordinates": [ [ [ 75.748325292178549, 26.938543992611244 ], [ 75.748594786620174, 26.938274498169619 ], [ 75.748864281961119, 26.938274498169619 ], [ 75.749133776402743, 26.938274498169619 ], [ 75.749403270844311, 26.938274498169619 ], [ 75.749942259727561, 26.93773550928637 ], [ 75.749942259727561, 26.936927025062232 ], [ 75.749942259727561, 26.936657530620607 ], [ 75.750211754169186, 26.936388036178982 ], [ 75.750211754169186, 26.935849047295733 ], [ 75.750750743951755, 26.93531005751322 ], [ 75.750750743951755, 26.935040563071595 ], [ 75.751020238393323, 26.934771068629971 ], [ 75.751828721718198, 26.934771068629971 ], [ 75.752098217059142, 26.934501574188346 ], [ 75.752367711500767, 26.934232079746721 ], [ 75.75344568926721, 26.934232079746721 ], [ 75.753984679049779, 26.933693089964208 ], [ 75.754254173491347, 26.933423595522584 ], [ 75.754523667932972, 26.933423595522584 ], [ 75.754793162374597, 26.933154101080959 ], [ 75.755062656816222, 26.933154101080959 ], [ 75.755601646598791, 26.933154101080959 ], [ 75.755871141040359, 26.933423595522584 ], [ 75.756140635481984, 26.933423595522584 ], [ 75.756410129923609, 26.933154101080959 ], [ 75.756410129923609, 26.932884606639334 ], [ 75.756410129923609, 26.932345617756084 ], [ 75.756679624365233, 26.932076122415197 ], [ 75.756679624365233, 26.931806627973572 ], [ 75.756949118806858, 26.931537133531947 ], [ 75.756949118806858, 26.930998144648697 ], [ 75.757488108589371, 26.930459155765504 ], [ 75.757757603030996, 26.93018966042456 ] ] ] } },
{ "type": "Feature", "properties": { "OBJECTID": 367.0, "LAYER": "Stream", "STREAM_ID": 4364, "IN_FLOW": 9564.0, "OUT_FLOW": 9782.0, "DRAIN_AREA": "7.85 sq km", "STRAHLER": 3, "Shape_Leng": 0.00579016761334 }, "geometry": { "type": "MultiLineString", "coordinates": [ [ [ 75.716524930980825, 26.938274498169619 ], [ 75.716524930980825, 26.93773550928637 ], [ 75.716524930980825, 26.937466014844745 ], [ 75.716794426321769, 26.93719652040312 ], [ 75.716794426321769, 26.936927025062232 ], [ 75.716524930980825, 26.936657530620607 ], [ 75.7162554365392, 26.936657530620607 ], [ 75.715985942097632, 26.936388036178982 ], [ 75.715177458772757, 26.936388036178982 ], [ 75.714907964331132, 26.936657530620607 ], [ 75.71382998566537, 26.936657530620607 ], [ 75.713560491223745, 26.936388036178982 ], [ 75.713290996782121, 26.936388036178982 ], [ 75.713021501441176, 26.936118541737358 ] ] ] } },
{ "type": "Feature", "properties": { "OBJECTID": 368.0, "LAYER": "Stream", "STREAM_ID": 4365, "IN_FLOW": 201.0, "OUT_FLOW": 212.0, "DRAIN_AREA": "0.1701 sq km", "STRAHLER": 1, "Shape_Leng": 0.0013012351711900001 }, "geometry": { "type": "MultiLineString", "coordinates": [ [ [ 75.755332151257846, 26.938274498169619 ], [ 75.755601646598791, 26.938274498169619 ], [ 75.755871141040359, 26.938005003727994 ], [ 75.756140635481984, 26.938005003727994 ], [ 75.756410129923609, 26.93773550928637 ] ] ] } },
{ "type": "Feature", "properties": { "OBJECTID": 369.0, "LAYER": "Stream", "STREAM_ID": 4366, "IN_FLOW": 278.0, "OUT_FLOW": 795.0, "DRAIN_AREA": "0.638 sq km", "STRAHLER": 1, "Shape_Leng": 0.013551337852 }, "geometry": { "type": "MultiLineString", "coordinates": [ [ [ 75.768806880533191, 26.938274498169619 ], [ 75.768537386091566, 26.938005003727994 ], [ 75.768267891649941, 26.93773550928637 ], [ 75.767459408325067, 26.93773550928637 ], [ 75.766381429659305, 26.936657530620607 ], [ 75.76611193521768, 26.936657530620607 ], [ 75.765842440776055, 26.936388036178982 ], [ 75.765842440776055, 26.936118541737358 ], [ 75.765033956551918, 26.93531005751322 ], [ 75.764764462110293, 26.93531005751322 ], [ 75.763955978785475, 26.934501574188346 ], [ 75.763955978785475, 26.934232079746721 ], [ 75.76368648344453, 26.933962585305096 ], [ 75.763147494561281, 26.933423595522584 ], [ 75.763147494561281, 26.933154101080959 ], [ 75.762608505678031, 26.932615112197709 ], [ 75.760452549245827, 26.932615112197709 ], [ 75.760183053904882, 26.932884606639334 ], [ 75.759374570580007, 26.932884606639334 ], [ 75.759105076138383, 26.932615112197709 ], [ 75.758296591914245, 26.932615112197709 ] ] ] } },
{ "type": "Feature", "properties": { "OBJECTID": 370.0, "LAYER": "Stream", "STREAM_ID": 4373, "IN_FLOW": 874.0, "OUT_FLOW": 922.0, "DRAIN_AREA": "0.74 sq km", "STRAHLER": 2, "Shape_Leng": 0.0032068499146300001 }, "geometry": { "type": "MultiLineString", "coordinates": [ [ [ 75.756410129923609, 26.93773550928637 ], [ 75.756949118806858, 26.93719652040312 ], [ 75.757218614147803, 26.93719652040312 ], [ 75.757757603030996, 26.936657530620607 ], [ 75.75802709747262, 26.936657530620607 ], [ 75.758835581696815, 26.935849047295733 ] ] ] } },
{ "type": "Feature", "properties": { "OBJECTID": 371.0, "LAYER": "Stream", "STREAM_ID": 4380, "IN_FLOW": 210.0, "OUT_FLOW": 686.0, "DRAIN_AREA": "0.551 sq km", "STRAHLER": 1, "Shape_Leng": 0.0129469601875 }, "geometry": { "type": "MultiLineString", "coordinates": [ [ [ 75.739970959991865, 26.93719652040312 ], [ 75.74024045533281, 26.936927025062232 ], [ 75.740779444216059, 26.936388036178982 ], [ 75.740779444216059, 26.935849047295733 ], [ 75.739970959991865, 26.935040563071595 ], [ 75.739431971108615, 26.934501574188346 ], [ 75.739431971108615, 26.934232079746721 ], [ 75.739970959991865, 26.933693089964208 ], [ 75.739970959991865, 26.931806627973572 ], [ 75.74024045533281, 26.931537133531947 ], [ 75.74024045533281, 26.930998144648697 ], [ 75.739970959991865, 26.930728650207072 ], [ 75.739431971108615, 26.930728650207072 ], [ 75.738892982225423, 26.930728650207072 ], [ 75.738623487783798, 26.930459155765504 ], [ 75.738353992442853, 26.930459155765504 ], [ 75.737815003559604, 26.929920165982935 ], [ 75.737815003559604, 26.92965067154131 ], [ 75.737276014676411, 26.929111682658061 ], [ 75.737276014676411, 26.928572692875548 ], [ 75.737276014676411, 26.928303198433923 ], [ 75.737276014676411, 26.927494715109049 ] ] ] } },
{ "type": "Feature", "properties": { "OBJECTID": 372.0, "LAYER": "Stream", "STREAM_ID": 4383, "IN_FLOW": 220.0, "OUT_FLOW": 943.0, "DRAIN_AREA": "0.757 sq km", "STRAHLER": 1, "Shape_Leng": 0.014490602818200001 }, "geometry": { "type": "MultiLineString", "coordinates": [ [ [ 75.706823126586073, 26.936927025062232 ], [ 75.706823126586073, 26.936657530620607 ], [ 75.706553632144448, 26.936388036178982 ], [ 75.706014642361936, 26.935849047295733 ], [ 75.704936664595436, 26.935849047295733 ], [ 75.704667169254492, 26.936118541737358 ], [ 75.704128180371299, 26.935579552854108 ], [ 75.704128180371299, 26.935040563071595 ], [ 75.703858685929674, 26.934771068629971 ], [ 75.703858685929674, 26.934501574188346 ], [ 75.704128180371299, 26.934232079746721 ], [ 75.705206159037061, 26.933154101080959 ], [ 75.705206159037061, 26.932615112197709 ], [ 75.703858685929674, 26.931267639090322 ], [ 75.703858685929674, 26.930459155765504 ], [ 75.704397674812924, 26.929920165982935 ], [ 75.704397674812924, 26.92965067154131 ], [ 75.704936664595436, 26.929111682658061 ], [ 75.704936664595436, 26.928842188216436 ], [ 75.705206159037061, 26.928572692875548 ], [ 75.705206159037061, 26.928033703992298 ], [ 75.706284136803504, 26.926955725326536 ] ] ] } },
{ "type": "Feature", "properties": { "OBJECTID": 373.0, "LAYER": "Stream", "STREAM_ID": 4386, "IN_FLOW": 206.0, "OUT_FLOW": 212.0, "DRAIN_AREA": "0.1701 sq km", "STRAHLER": 1, "Shape_Leng": 0.00092011221345500004 }, "geometry": { "type": "MultiLineString", "coordinates": [ [ [ 75.777161212719875, 26.936657530620607 ], [ 75.777161212719875, 26.936388036178982 ], [ 75.777161212719875, 26.936118541737358 ], [ 75.777430708060763, 26.935849047295733 ] ] ] } },
{ "type": "Feature", "properties": { "OBJECTID": 374.0, "LAYER": "Stream", "STREAM_ID": 4387, "IN_FLOW": 200.0, "OUT_FLOW": 385.0, "DRAIN_AREA": "0.309 sq km", "STRAHLER": 1, "Shape_Leng": 0.0041731987924500001 }, "geometry": { "type": "MultiLineString", "coordinates": [ [ [ 75.821358325426445, 26.936657530620607 ], [ 75.821358325426445, 26.936388036178982 ], [ 75.82162781986807, 26.936118541737358 ], [ 75.821897314309638, 26.936118541737358 ], [ 75.822166808751263, 26.935849047295733 ], [ 75.822436303192887, 26.935849047295733 ], [ 75.822975292975457, 26.935849047295733 ], [ 75.823244787417082, 26.935849047295733 ], [ 75.824053270741899, 26.935040563071595 ], [ 75.824053270741899, 26.934771068629971 ], [ 75.824322765183524, 26.934501574188346 ] ] ] } },
{ "type": "Feature", "properties": { "OBJECTID": 375.0, "LAYER": "Stream", "STREAM_ID": 4395, "IN_FLOW": 32265.0, "OUT_FLOW": 32827.0, "DRAIN_AREA": "26.343 sq km", "STRAHLER": 4, "Shape_Leng": 0.00722218251806 }, "geometry": { "type": "MultiLineString", "coordinates": [ [ [ 75.713021501441176, 26.936118541737358 ], [ 75.712482512557983, 26.935579552854108 ], [ 75.712482512557983, 26.935040563071595 ], [ 75.712482512557983, 26.934771068629971 ], [ 75.712482512557983, 26.933693089964208 ], [ 75.70924857745996, 26.930459155765504 ] ] ] } },
{ "type": "Feature", "properties": { "OBJECTID": 376.0, "LAYER": "Stream", "STREAM_ID": 4396, "IN_FLOW": 36637.0, "OUT_FLOW": 37040.0, "DRAIN_AREA": "29.724 sq km", "STRAHLER": 4, "Shape_Leng": 0.0059480322670199997 }, "geometry": { "type": "MultiLineString", "coordinates": [ [ [ 75.782820599591048, 26.936118541737358 ], [ 75.782551105149423, 26.936118541737358 ], [ 75.782281609808479, 26.935849047295733 ], [ 75.782012115366911, 26.935849047295733 ], [ 75.781742620925286, 26.935579552854108 ], [ 75.781203632042036, 26.935579552854108 ], [ 75.779047675609775, 26.935579552854108 ], [ 75.778508685827262, 26.936118541737358 ], [ 75.777700202502388, 26.936118541737358 ], [ 75.777430708060763, 26.935849047295733 ] ] ] } },
{ "type": "Feature", "properties": { "OBJECTID": 377.0, "LAYER": "Stream", "STREAM_ID": 4397, "IN_FLOW": 208.0, "OUT_FLOW": 240.0, "DRAIN_AREA": "0.1926 sq km", "STRAHLER": 1, "Shape_Leng": 0.0019056147434 }, "geometry": { "type": "MultiLineString", "coordinates": [ [ [ 75.89169641156019, 26.936118541737358 ], [ 75.893043884667577, 26.934771068629971 ] ] ] } },
{ "type": "Feature", "properties": { "OBJECTID": 378.0, "LAYER": "Stream", "STREAM_ID": 4398, "IN_FLOW": 70145.0, "OUT_FLOW": 70326.0, "DRAIN_AREA": "56.435 sq km", "STRAHLER": 5, "Shape_Leng": 0.00060609719361099995 }, "geometry": { "type": "MultiLineString", "coordinates": [ [ [ 75.910830527706764, 26.936118541737358 ], [ 75.910830527706764, 26.935512444543747 ] ] ] } },
{ "type": "Feature", "properties": { "OBJECTID": 379.0, "LAYER": "Stream", "STREAM_ID": 4400, "IN_FLOW": 21338.0, "OUT_FLOW": 21479.0, "DRAIN_AREA": "17.236 sq km", "STRAHLER": 4, "Shape_Leng": 0.0039037049867800002 }, "geometry": { "type": "MultiLineString", "coordinates": [ [ [ 75.758835581696815, 26.935849047295733 ], [ 75.758835581696815, 26.93531005751322 ], [ 75.757757603030996, 26.934232079746721 ], [ 75.757757603030996, 26.933962585305096 ], [ 75.75802709747262, 26.933693089964208 ], [ 75.75802709747262, 26.932884606639334 ], [ 75.758296591914245, 26.932615112197709 ] ] ] } },
{ "type": "Feature", "properties": { "OBJECTID": 380.0, "LAYER": "Stream", "STREAM_ID": 4401, "IN_FLOW": 37255.0, "OUT_FLOW": 38210.0, "DRAIN_AREA": "30.663 sq km", "STRAHLER": 4, "Shape_Leng": 0.0099171291054199993 }, "geometry": { "type": "MultiLineString", "coordinates": [ [ [ 75.777430708060763, 26.935849047295733 ], [ 75.777430708060763, 26.935579552854108 ], [ 75.776622223836625, 26.934771068629971 ], [ 75.776622223836625, 26.932345617756084 ], [ 75.776622223836625, 26.931806627973572 ], [ 75.776352729395001, 26.931537133531947 ], [ 75.776352729395001, 26.931267639090322 ], [ 75.775274750729238, 26.93018966042456 ], [ 75.775274750729238, 26.92965067154131 ], [ 75.775005256287614, 26.929381177099685 ], [ 75.774735761845989, 26.929111682658061 ], [ 75.774466267404364, 26.928842188216436 ], [ 75.773927277621794, 26.928842188216436 ], [ 75.773118794296977, 26.928033703992298 ] ] ] } },
{ "type": "Feature", "properties": { "OBJECTID": 381.0, "LAYER": "Stream", "STREAM_ID": 4402, "IN_FLOW": 284.0, "OUT_FLOW": 351.0, "DRAIN_AREA": "0.2817 sq km", "STRAHLER": 1, "Shape_Leng": 0.0047121892108800004 }, "geometry": { "type": "MultiLineString", "coordinates": [ [ [ 75.786863018013946, 26.935579552854108 ], [ 75.786324029130697, 26.935040563071595 ], [ 75.785246050464934, 26.935040563071595 ], [ 75.784707061581685, 26.935579552854108 ], [ 75.78443756714006, 26.935849047295733 ], [ 75.784168072698435, 26.935849047295733 ], [ 75.78389857735749, 26.935849047295733 ], [ 75.783629082915922, 26.935849047295733 ], [ 75.783359588474298, 26.935849047295733 ], [ 75.783090094032673, 26.935849047295733 ], [ 75.782820599591048, 26.936118541737358 ] ] ] } },
{ "type": "Feature", "properties": { "OBJECTID": 382.0, "LAYER": "Stream", "STREAM_ID": 4410, "IN_FLOW": 6188.0, "OUT_FLOW": 6415.0, "DRAIN_AREA": "5.148 sq km", "STRAHLER": 3, "Shape_Leng": 0.00320684965118 }, "geometry": { "type": "MultiLineString", "coordinates": [ [ [ 75.827017711398298, 26.933693089964208 ], [ 75.827556700281548, 26.933693089964208 ], [ 75.829443162272185, 26.935579552854108 ] ] ] } },
{ "type": "Feature", "properties": { "OBJECTID": 383.0, "LAYER": "Stream", "STREAM_ID": 4411, "IN_FLOW": 3684.0, "OUT_FLOW": 3866.0, "DRAIN_AREA": "3.102 sq km", "STRAHLER": 2, "Shape_Leng": 0.0060134238552899998 }, "geometry": { "type": "MultiLineString", "coordinates": [ [ [ 75.831868614045334, 26.930728650207072 ], [ 75.831868614045334, 26.931267639090322 ], [ 75.831868614045334, 26.931537133531947 ], [ 75.831868614045334, 26.932076122415197 ], [ 75.831599119603766, 26.932345617756084 ], [ 75.831599119603766, 26.932615112197709 ], [ 75.831329625162141, 26.932884606639334 ], [ 75.831060129821196, 26.932884606639334 ], [ 75.830521140937947, 26.933423595522584 ], [ 75.829712657613129, 26.934232079746721 ], [ 75.829712657613129, 26.93531005751322 ], [ 75.829443162272185, 26.935579552854108 ] ] ] } },
{ "type": "Feature", "properties": { "OBJECTID": 384.0, "LAYER": "Stream", "STREAM_ID": 4419, "IN_FLOW": 204.0, "OUT_FLOW": 1053.0, "DRAIN_AREA": "0.845 sq km", "STRAHLER": 1, "Shape_Leng": 0.012250104106900001 }, "geometry": { "type": "MultiLineString", "coordinates": [ [ [ 75.814081971006203, 26.932345617756084 ], [ 75.814620960788773, 26.932345617756084 ], [ 75.814890455230397, 26.932345617756084 ], [ 75.81542944411359, 26.932884606639334 ], [ 75.815698938555215, 26.932884606639334 ], [ 75.81596843299684, 26.932884606639334 ], [ 75.816237928337785, 26.933154101080959 ], [ 75.816507422779409, 26.933154101080959 ], [ 75.817315906104227, 26.933962585305096 ], [ 75.817854895886796, 26.934501574188346 ], [ 75.818663379211614, 26.934501574188346 ], [ 75.818932873653239, 26.934232079746721 ], [ 75.819202368094864, 26.934501574188346 ], [ 75.819471862536489, 26.934232079746721 ], [ 75.819741357877433, 26.934232079746721 ], [ 75.820819335643876, 26.934232079746721 ], [ 75.8210888300855, 26.933962585305096 ], [ 75.821358325426445, 26.933962585305096 ], [ 75.82162781986807, 26.933693089964208 ], [ 75.821897314309638, 26.933693089964208 ], [ 75.822705797634512, 26.934501574188346 ], [ 75.822975292975457, 26.934501574188346 ], [ 75.823244787417082, 26.934771068629971 ], [ 75.823783776300274, 26.934771068629971 ], [ 75.824053270741899, 26.934501574188346 ], [ 75.824322765183524, 26.934501574188346 ] ] ] } },
{ "type": "Feature", "properties": { "OBJECTID": 385.0, "LAYER": "Stream", "STREAM_ID": 4420, "IN_FLOW": 1341.0, "OUT_FLOW": 1672.0, "DRAIN_AREA": "1.342 sq km", "STRAHLER": 2, "Shape_Leng": 0.0087733975873299994 }, "geometry": { "type": "MultiLineString", "coordinates": [ [ [ 75.893043884667577, 26.934771068629971 ], [ 75.893582873550827, 26.934232079746721 ], [ 75.896008325324033, 26.934232079746721 ], [ 75.896547314207226, 26.933693089964208 ], [ 75.89681680864885, 26.933693089964208 ], [ 75.897086303090475, 26.933693089964208 ], [ 75.89735579843142, 26.933693089964208 ], [ 75.897625292873045, 26.933423595522584 ], [ 75.898164281756237, 26.933423595522584 ], [ 75.898703270639487, 26.932884606639334 ], [ 75.898972765980432, 26.932884606639334 ], [ 75.899781249305249, 26.932076122415197 ], [ 75.899781249305249, 26.931806627973572 ], [ 75.899511754863624, 26.931537133531947 ], [ 75.899511754863624, 26.931268001517083 ] ] ] } },
{ "type": "Feature", "properties": { "OBJECTID": 386.0, "LAYER": "Stream", "STREAM_ID": 4423, "IN_FLOW": 206.0, "OUT_FLOW": 506.0, "DRAIN_AREA": "0.4061 sq km", "STRAHLER": 1, "Shape_Leng": 0.0070451634221699996 }, "geometry": { "type": "MultiLineString", "coordinates": [ [ [ 75.7477863032953, 26.934501574188346 ], [ 75.748055797736924, 26.934232079746721 ], [ 75.748325292178549, 26.934232079746721 ], [ 75.748594786620174, 26.933962585305096 ], [ 75.749133776402743, 26.933423595522584 ], [ 75.749133776402743, 26.932884606639334 ], [ 75.749133776402743, 26.932345617756084 ], [ 75.749403270844311, 26.932076122415197 ], [ 75.749403270844311, 26.931267639090322 ], [ 75.748325292178549, 26.93018966042456 ], [ 75.748325292178549, 26.92965067154131 ], [ 75.748325292178549, 26.929381177099685 ], [ 75.748325292178549, 26.929111682658061 ], [ 75.748055797736924, 26.928842188216436 ] ] ] } },
{ "type": "Feature", "properties": { "OBJECTID": 387.0, "LAYER": "Stream", "STREAM_ID": 4424, "IN_FLOW": 1441.0, "OUT_FLOW": 1455.0, "DRAIN_AREA": "1.168 sq km", "STRAHLER": 2, "Shape_Leng": 0.00134747310739 }, "geometry": { "type": "MultiLineString", "coordinates": [ [ [ 75.824322765183524, 26.934501574188346 ], [ 75.825670238290911, 26.934501574188346 ] ] ] } },
{ "type": "Feature", "properties": { "OBJECTID": 388.0, "LAYER": "Stream", "STREAM_ID": 4425, "IN_FLOW": 2621.0, "OUT_FLOW": 2695.0, "DRAIN_AREA": "2.163 sq km", "STRAHLER": 2, "Shape_Leng": 0.0016823585013899999 }, "geometry": { "type": "MultiLineString", "coordinates": [ [ [ 75.825670238290911, 26.934501574188346 ], [ 75.826209227174161, 26.933962585305096 ], [ 75.82674821695673, 26.933962585305096 ], [ 75.827017711398298, 26.933693089964208 ] ] ] } },
{ "type": "Feature", "properties": { "OBJECTID": 389.0, "LAYER": "Stream", "STREAM_ID": 4432, "IN_FLOW": 312.0, "OUT_FLOW": 662.0, "DRAIN_AREA": "0.531 sq km", "STRAHLER": 1, "Shape_Leng": 0.0102982520631 }, "geometry": { "type": "MultiLineString", "coordinates": [ [ [ 75.792522404885119, 26.934232079746721 ], [ 75.791444426219357, 26.933154101080959 ], [ 75.790905437336107, 26.933154101080959 ], [ 75.790366447553595, 26.932615112197709 ], [ 75.790366447553595, 26.932076122415197 ], [ 75.789827458670345, 26.931537133531947 ], [ 75.789018974446151, 26.931537133531947 ], [ 75.788479985562958, 26.931537133531947 ], [ 75.787940996679708, 26.930998144648697 ], [ 75.787671502238084, 26.930998144648697 ], [ 75.787402006897139, 26.930728650207072 ], [ 75.787402006897139, 26.929920165982935 ], [ 75.786324029130697, 26.928842188216436 ], [ 75.786324029130697, 26.928303198433923 ], [ 75.786324029130697, 26.928033703992298 ], [ 75.786324029130697, 26.927764209550674 ] ] ] } },
{ "type": "Feature", "properties": { "OBJECTID": 390.0, "LAYER": "Stream", "STREAM_ID": 4446, "IN_FLOW": 203.0, "OUT_FLOW": 247.0, "DRAIN_AREA": "0.1982 sq km", "STRAHLER": 1, "Shape_Leng": 0.0019980902433400002 }, "geometry": { "type": "MultiLineString", "coordinates": [ [ [ 75.77177132118959, 26.933423595522584 ], [ 75.771501826747965, 26.933154101080959 ], [ 75.771501826747965, 26.932884606639334 ], [ 75.771501826747965, 26.932615112197709 ], [ 75.771501826747965, 26.932345617756084 ], [ 75.771501826747965, 26.932076122415197 ], [ 75.771501826747965, 26.931537133531947 ] ] ] } },
{ "type": "Feature", "properties": { "OBJECTID": 391.0, "LAYER": "Stream", "STREAM_ID": 4447, "IN_FLOW": 3490.0, "OUT_FLOW": 3490.0, "DRAIN_AREA": "2.801 sq km", "STRAHLER": 2, "Shape_Leng": 0.00038112269429000002 }, "geometry": { "type": "MultiLineString", "coordinates": [ [ [ 75.82674821695673, 26.933423595522584 ], [ 75.827017711398298, 26.933693089964208 ] ] ] } },
{ "type": "Feature", "properties": { "OBJECTID": 392.0, "LAYER": "Stream", "STREAM_ID": 4451, "IN_FLOW": 213.0, "OUT_FLOW": 412.0, "DRAIN_AREA": "0.3306 sq km", "STRAHLER": 1, "Shape_Leng": 0.00390370525013 }, "geometry": { "type": "MultiLineString", "coordinates": [ [ [ 75.768267891649941, 26.933154101080959 ], [ 75.768806880533191, 26.932615112197709 ], [ 75.769615364757328, 26.932615112197709 ], [ 75.770154353640578, 26.932076122415197 ], [ 75.77069334342309, 26.932076122415197 ], [ 75.77123233230634, 26.931537133531947 ], [ 75.771501826747965, 26.931537133531947 ] ] ] } },
{ "type": "Feature", "properties": { "OBJECTID": 393.0, "LAYER": "Stream", "STREAM_ID": 4452, "IN_FLOW": 2468.0, "OUT_FLOW": 2644.0, "DRAIN_AREA": "2.122 sq km", "STRAHLER": 2, "Shape_Leng": 0.0050933107425400002 }, "geometry": { "type": "MultiLineString", "coordinates": [ [ [ 75.82351428185865, 26.930459155765504 ], [ 75.824053270741899, 26.930998144648697 ], [ 75.824053270741899, 26.932076122415197 ], [ 75.824592260524469, 26.932615112197709 ], [ 75.825939732732536, 26.932615112197709 ], [ 75.82674821695673, 26.933423595522584 ] ] ] } },
{ "type": "Feature", "properties": { "OBJECTID": 394.0, "LAYER": "Stream", "STREAM_ID": 4453, "IN_FLOW": 244.0, "OUT_FLOW": 841.0, "DRAIN_AREA": "0.675 sq km", "STRAHLER": 1, "Shape_Leng": 0.0152799329086 }, "geometry": { "type": "MultiLineString", "coordinates": [ [ [ 75.827556700281548, 26.92210482357882 ], [ 75.827287205839923, 26.922374318020388 ], [ 75.827017711398298, 26.922643812462013 ], [ 75.82674821695673, 26.922913306903638 ], [ 75.826478722515105, 26.923182801345263 ], [ 75.826209227174161, 26.923452295786888 ], [ 75.825400743849286, 26.924260780011025 ], [ 75.825131249407718, 26.92453027445265 ], [ 75.824861754966093, 26.92453027445265 ], [ 75.824592260524469, 26.924799768894275 ], [ 75.824592260524469, 26.925608253118412 ], [ 75.824861754966093, 26.925877747560037 ], [ 75.825400743849286, 26.925877747560037 ], [ 75.825939732732536, 26.926416736443286 ], [ 75.82674821695673, 26.926416736443286 ], [ 75.827017711398298, 26.926686230884911 ], [ 75.827017711398298, 26.926955725326536 ], [ 75.827287205839923, 26.927225220667424 ], [ 75.827017711398298, 26.927494715109049 ], [ 75.827017711398298, 26.927764209550674 ], [ 75.827017711398298, 26.928033703992298 ], [ 75.827287205839923, 26.928303198433923 ], [ 75.827287205839923, 26.928572692875548 ], [ 75.827287205839923, 26.93018966042456 ], [ 75.827287205839923, 26.930459155765504 ], [ 75.827556700281548, 26.930728650207072 ], [ 75.827556700281548, 26.930998144648697 ], [ 75.827287205839923, 26.931267639090322 ], [ 75.827287205839923, 26.931806627973572 ], [ 75.827287205839923, 26.932615112197709 ], [ 75.82674821695673, 26.933154101080959 ], [ 75.82674821695673, 26.933423595522584 ] ] ] } },
{ "type": "Feature", "properties": { "OBJECTID": 395.0, "LAYER": "Stream", "STREAM_ID": 4458, "IN_FLOW": 2691.0, "OUT_FLOW": 2866.0, "DRAIN_AREA": "2.3 sq km", "STRAHLER": 2, "Shape_Leng": 0.0050279209527600002 }, "geometry": { "type": "MultiLineString", "coordinates": [ [ [ 75.840222946232018, 26.928572692875548 ], [ 75.840222946232018, 26.92965067154131 ], [ 75.83995345179045, 26.929920165982935 ], [ 75.83995345179045, 26.930998144648697 ], [ 75.840222946232018, 26.931267639090322 ], [ 75.840222946232018, 26.932076122415197 ], [ 75.840761935115268, 26.932615112197709 ], [ 75.840761935115268, 26.932884606639334 ], [ 75.840761935115268, 26.933154101080959 ] ] ] } },
{ "type": "Feature", "properties": { "OBJECTID": 396.0, "LAYER": "Stream", "STREAM_ID": 4459, "IN_FLOW": 256.0, "OUT_FLOW": 302.0, "DRAIN_AREA": "0.2423 sq km", "STRAHLER": 1, "Shape_Leng": 0.0021751094484099998 }, "geometry": { "type": "MultiLineString", "coordinates": [ [ [ 75.842109408222655, 26.931537133531947 ], [ 75.841570419339462, 26.932076122415197 ], [ 75.841570419339462, 26.932345617756084 ], [ 75.840761935115268, 26.933154101080959 ] ] ] } },
{ "type": "Feature", "properties": { "OBJECTID": 397.0, "LAYER": "Stream", "STREAM_ID": 4460, "IN_FLOW": 202.0, "OUT_FLOW": 280.0, "DRAIN_AREA": "0.2247 sq km", "STRAHLER": 1, "Shape_Leng": 0.00145615898233 }, "geometry": { "type": "MultiLineString", "coordinates": [ [ [ 75.900050743746874, 26.932884606639334 ], [ 75.901080403637764, 26.931854946748444 ] ] ] } },
{ "type": "Feature", "properties": { "OBJECTID": 398.0, "LAYER": "Stream", "STREAM_ID": 4462, "IN_FLOW": 214.0, "OUT_FLOW": 638.0, "DRAIN_AREA": "0.512 sq km", "STRAHLER": 1, "Shape_Leng": 0.0101866248189 }, "geometry": { "type": "MultiLineString", "coordinates": [ [ [ 75.717872404088212, 26.932615112197709 ], [ 75.716794426321769, 26.931537133531947 ], [ 75.716524930980825, 26.931806627973572 ], [ 75.7162554365392, 26.931806627973572 ], [ 75.715985942097632, 26.931537133531947 ], [ 75.715716447656007, 26.931537133531947 ], [ 75.71436897454862, 26.93018966042456 ], [ 75.713560491223745, 26.93018966042456 ], [ 75.713290996782121, 26.930459155765504 ], [ 75.712752006999608, 26.930459155765504 ], [ 75.710596050567347, 26.930459155765504 ], [ 75.710326556125722, 26.93018966042456 ], [ 75.709518071901527, 26.93018966042456 ], [ 75.70924857745996, 26.930459155765504 ] ] ] } },
{ "type": "Feature", "properties": { "OBJECTID": 399.0, "LAYER": "Stream", "STREAM_ID": 4463, "IN_FLOW": 22354.0, "OUT_FLOW": 22381.0, "DRAIN_AREA": "17.96 sq km", "STRAHLER": 4, "Shape_Leng": 0.0026487080151699999 }, "geometry": { "type": "MultiLineString", "coordinates": [ [ [ 75.758296591914245, 26.932615112197709 ], [ 75.757757603030996, 26.932076122415197 ], [ 75.757757603030996, 26.930728650207072 ], [ 75.757757603030996, 26.930459155765504 ], [ 75.757757603030996, 26.93018966042456 ] ] ] } },
{ "type": "Feature", "properties": { "OBJECTID": 400.0, "LAYER": "Stream", "STREAM_ID": 4467, "IN_FLOW": 206.0, "OUT_FLOW": 402.0, "DRAIN_AREA": "0.3226 sq km", "STRAHLER": 1, "Shape_Leng": 0.00190561474344 }, "geometry": { "type": "MultiLineString", "coordinates": [ [ [ 75.724070779842691, 26.932345617756084 ], [ 75.722723306735247, 26.930998144648697 ] ] ] } },
{ "type": "Feature", "properties": { "OBJECTID": 401.0, "LAYER": "Stream", "STREAM_ID": 4476, "IN_FLOW": 664.0, "OUT_FLOW": 867.0, "DRAIN_AREA": "0.696 sq km", "STRAHLER": 2, "Shape_Leng": 0.0047121883116000001 }, "geometry": { "type": "MultiLineString", "coordinates": [ [ [ 75.771501826747965, 26.931537133531947 ], [ 75.77177132118959, 26.931267639090322 ], [ 75.77177132118959, 26.930459155765504 ], [ 75.772040815631215, 26.93018966042456 ], [ 75.77177132118959, 26.929920165982935 ], [ 75.77177132118959, 26.929111682658061 ], [ 75.772040815631215, 26.928842188216436 ], [ 75.772579805413727, 26.928842188216436 ], [ 75.772849299855352, 26.928572692875548 ], [ 75.773118794296977, 26.928303198433923 ], [ 75.773118794296977, 26.928033703992298 ] ] ] } },
{ "type": "Feature", "properties": { "OBJECTID": 402.0, "LAYER": "Stream", "STREAM_ID": 4484, "IN_FLOW": 221.0, "OUT_FLOW": 1252.0, "DRAIN_AREA": "1.005 sq km", "STRAHLER": 1, "Shape_Leng": 0.018933298223400001 }, "geometry": { "type": "MultiLineString", "coordinates": [ [ [ 75.7011637397149, 26.931267639090322 ], [ 75.7011637397149, 26.930998144648697 ], [ 75.7011637397149, 26.930728650207072 ], [ 75.701433235055788, 26.930459155765504 ], [ 75.7011637397149, 26.93018966042456 ], [ 75.700894245273275, 26.929920165982935 ], [ 75.700355256390026, 26.929381177099685 ], [ 75.699277277724264, 26.929381177099685 ], [ 75.698468794399389, 26.928572692875548 ], [ 75.698199299957764, 26.928572692875548 ], [ 75.69792980461682, 26.928303198433923 ], [ 75.69792980461682, 26.928033703992298 ], [ 75.697121321292002, 26.927225220667424 ], [ 75.697660310175252, 26.926686230884911 ], [ 75.697660310175252, 26.925877747560037 ], [ 75.696851826850377, 26.925069263335899 ], [ 75.696851826850377, 26.92453027445265 ], [ 75.698199299957764, 26.923182801345263 ], [ 75.698199299957764, 26.922913306903638 ], [ 75.697390815733627, 26.92210482357882 ], [ 75.696312837067808, 26.92210482357882 ], [ 75.69550435374299, 26.921296339354626 ], [ 75.69550435374299, 26.920487856029808 ], [ 75.69496536485974, 26.919948866247239 ], [ 75.69496536485974, 26.919409877363989 ], [ 75.694426375077228, 26.918870888480797 ], [ 75.694426375077228, 26.918331898698227 ] ] ] } },
{ "type": "Feature", "properties": { "OBJECTID": 403.0, "LAYER": "Stream", "STREAM_ID": 4485, "IN_FLOW": 201.0, "OUT_FLOW": 312.0, "DRAIN_AREA": "0.2504 sq km", "STRAHLER": 1, "Shape_Leng": 0.00547443396365 }, "geometry": { "type": "MultiLineString", "coordinates": [ [ [ 75.744821862638901, 26.931267639090322 ], [ 75.744282873755651, 26.930728650207072 ], [ 75.744282873755651, 26.930459155765504 ], [ 75.744821862638901, 26.929920165982935 ], [ 75.745899841304663, 26.929920165982935 ], [ 75.746708324629537, 26.929111682658061 ], [ 75.746977819970482, 26.929111682658061 ], [ 75.7477863032953, 26.929111682658061 ], [ 75.748055797736924, 26.928842188216436 ] ] ] } },
{ "type": "Feature", "properties": { "OBJECTID": 404.0, "LAYER": "Stream", "STREAM_ID": 4492, "IN_FLOW": 2100.0, "OUT_FLOW": 3122.0, "DRAIN_AREA": "2.505 sq km", "STRAHLER": 2, "Shape_Leng": 0.021266271953000002 }, "geometry": { "type": "MultiLineString", "coordinates": [ [ [ 75.722723306735247, 26.930998144648697 ], [ 75.722453812293679, 26.930728650207072 ], [ 75.720297855861418, 26.928572692875548 ], [ 75.719489371637223, 26.928572692875548 ], [ 75.718141898529836, 26.927225220667424 ], [ 75.717872404088212, 26.927225220667424 ], [ 75.717063920763394, 26.928033703992298 ], [ 75.715985942097632, 26.928033703992298 ], [ 75.715716447656007, 26.927764209550674 ], [ 75.714099480106995, 26.926147242001662 ], [ 75.713290996782121, 26.926147242001662 ], [ 75.712482512557983, 26.925338757777524 ], [ 75.712213018116358, 26.925338757777524 ], [ 75.711404533892164, 26.92453027445265 ], [ 75.70870958857671, 26.92453027445265 ], [ 75.708440094135085, 26.924260780011025 ], [ 75.708440094135085, 26.9239912855694 ], [ 75.707901104352516, 26.923452295786888 ], [ 75.707362115469323, 26.923452295786888 ], [ 75.707092621027698, 26.923182801345263 ], [ 75.706823126586073, 26.923182801345263 ], [ 75.706553632144448, 26.922913306903638 ], [ 75.706284136803504, 26.922913306903638 ], [ 75.706014642361936, 26.922913306903638 ], [ 75.705745147920311, 26.922643812462013 ] ] ] } },
{ "type": "Feature", "properties": { "OBJECTID": 405.0, "LAYER": "Stream", "STREAM_ID": 4497, "IN_FLOW": 201.0, "OUT_FLOW": 390.0, "DRAIN_AREA": "0.313 sq km", "STRAHLER": 1, "Shape_Leng": 0.0036804484813700001 }, "geometry": { "type": "MultiLineString", "coordinates": [ [ [ 75.736198036010592, 26.930728650207072 ], [ 75.736737024893841, 26.93018966042456 ], [ 75.736737024893841, 26.92965067154131 ], [ 75.736737024893841, 26.929381177099685 ], [ 75.736737024893841, 26.928033703992298 ], [ 75.737276014676411, 26.927494715109049 ] ] ] } },
{ "type": "Feature", "properties": { "OBJECTID": 406.0, "LAYER": "Stream", "STREAM_ID": 4498, "IN_FLOW": 251.0, "OUT_FLOW": 1333.0, "DRAIN_AREA": "1.07 sq km", "STRAHLER": 1, "Shape_Leng": 0.022929479391199999 }, "geometry": { "type": "MultiLineString", "coordinates": [ [ [ 75.802224209279871, 26.930728650207072 ], [ 75.802493703721495, 26.930459155765504 ], [ 75.802493703721495, 26.93018966042456 ], [ 75.802493703721495, 26.929920165982935 ], [ 75.802493703721495, 26.929381177099685 ], [ 75.803032693504065, 26.928842188216436 ], [ 75.803032693504065, 26.928572692875548 ], [ 75.803571682387314, 26.928033703992298 ], [ 75.803032693504065, 26.927494715109049 ], [ 75.802493703721495, 26.927494715109049 ], [ 75.801685220396678, 26.926686230884911 ], [ 75.801685220396678, 26.926416736443286 ], [ 75.800876736172484, 26.925608253118412 ], [ 75.800876736172484, 26.925338757777524 ], [ 75.800607241730859, 26.925069263335899 ], [ 75.800607241730859, 26.9239912855694 ], [ 75.800607241730859, 26.922913306903638 ], [ 75.801146231513428, 26.922374318020388 ], [ 75.801146231513428, 26.92210482357882 ], [ 75.801146231513428, 26.921565833796251 ], [ 75.801146231513428, 26.921026844913001 ], [ 75.801685220396678, 26.920487856029808 ], [ 75.801685220396678, 26.919409877363989 ], [ 75.802224209279871, 26.918870888480797 ], [ 75.802224209279871, 26.918601393139852 ], [ 75.80276319906244, 26.918062404256602 ], [ 75.802493703721495, 26.917792909814978 ], [ 75.802493703721495, 26.917523415373353 ], [ 75.802224209279871, 26.917253920931785 ], [ 75.801415725955053, 26.91644543670759 ], [ 75.801415725955053, 26.915097963600203 ], [ 75.801685220396678, 26.914828469158579 ], [ 75.801146231513428, 26.914289480275329 ], [ 75.801146231513428, 26.914019985833704 ], [ 75.801146231513428, 26.913211501609567 ], [ 75.801954714838303, 26.912403018284692 ], [ 75.802224209279871, 26.912133523843124 ] ] ] } },
{ "type": "Feature", "properties": { "OBJECTID": 407.0, "LAYER": "Stream", "STREAM_ID": 4501, "IN_FLOW": 33470.0, "OUT_FLOW": 33708.0, "DRAIN_AREA": "27.05 sq km", "STRAHLER": 4, "Shape_Leng": 0.0047313417003299997 }, "geometry": { "type": "MultiLineString", "coordinates": [ [ [ 75.70924857745996, 26.930459155765504 ], [ 75.708440094135085, 26.92965067154131 ], [ 75.708440094135085, 26.929111682658061 ], [ 75.706284136803504, 26.926955725326536 ] ] ] } },
{ "type": "Feature", "properties": { "OBJECTID": 408.0, "LAYER": "Stream", "STREAM_ID": 4502, "IN_FLOW": 277.0, "OUT_FLOW": 408.0, "DRAIN_AREA": "0.3274 sq km", "STRAHLER": 1, "Shape_Leng": 0.0061058993551199999 }, "geometry": { "type": "MultiLineString", "coordinates": [ [ [ 75.831868614045334, 26.925069263335899 ], [ 75.831868614045334, 26.925338757777524 ], [ 75.831868614045334, 26.927494715109049 ], [ 75.831868614045334, 26.927764209550674 ], [ 75.831868614045334, 26.928572692875548 ], [ 75.831329625162141, 26.929111682658061 ], [ 75.831329625162141, 26.929381177099685 ], [ 75.831329625162141, 26.92965067154131 ], [ 75.831329625162141, 26.929920165982935 ], [ 75.831868614045334, 26.930459155765504 ], [ 75.831868614045334, 26.930728650207072 ] ] ] } },
{ "type": "Feature", "properties": { "OBJECTID": 409.0, "LAYER": "Stream", "STREAM_ID": 4503, "IN_FLOW": 3009.0, "OUT_FLOW": 3273.0, "DRAIN_AREA": "2.627 sq km", "STRAHLER": 2, "Shape_Leng": 0.0078074094467500002 }, "geometry": { "type": "MultiLineString", "coordinates": [ [ [ 75.834833054701789, 26.92453027445265 ], [ 75.83429406491922, 26.925069263335899 ], [ 75.833216087152778, 26.926147242001662 ], [ 75.833216087152778, 26.926686230884911 ], [ 75.832677097370208, 26.927225220667424 ], [ 75.832677097370208, 26.928572692875548 ], [ 75.832946591811833, 26.928842188216436 ], [ 75.832946591811833, 26.929111682658061 ], [ 75.832946591811833, 26.929920165982935 ], [ 75.832677097370208, 26.93018966042456 ], [ 75.832407602928583, 26.93018966042456 ], [ 75.832138108486959, 26.930459155765504 ], [ 75.831868614045334, 26.930728650207072 ] ] ] } },
{ "type": "Feature", "properties": { "OBJECTID": 410.0, "LAYER": "Stream", "STREAM_ID": 4512, "IN_FLOW": 24595.0, "OUT_FLOW": 24694.0, "DRAIN_AREA": "19.816 sq km", "STRAHLER": 4, "Shape_Leng": 0.0025562318793400001 }, "geometry": { "type": "MultiLineString", "coordinates": [ [ [ 75.757757603030996, 26.93018966042456 ], [ 75.758835581696815, 26.929111682658061 ], [ 75.759105076138383, 26.929111682658061 ], [ 75.759644065021632, 26.928572692875548 ] ] ] } },
{ "type": "Feature", "properties": { "OBJECTID": 411.0, "LAYER": "Stream", "STREAM_ID": 4513, "IN_FLOW": 1235.0, "OUT_FLOW": 2036.0, "DRAIN_AREA": "1.634 sq km", "STRAHLER": 2, "Shape_Leng": 0.0145639279999 }, "geometry": { "type": "MultiLineString", "coordinates": [ [ [ 75.812734497898816, 26.929920165982935 ], [ 75.813003993239761, 26.92965067154131 ], [ 75.813273487681386, 26.929381177099685 ], [ 75.81354298212301, 26.929381177099685 ], [ 75.813812476564578, 26.92965067154131 ], [ 75.814081971006203, 26.929381177099685 ], [ 75.814081971006203, 26.928572692875548 ], [ 75.814351465447828, 26.928303198433923 ], [ 75.814620960788773, 26.928033703992298 ], [ 75.814890455230397, 26.928033703992298 ], [ 75.815159949672022, 26.928033703992298 ], [ 75.815698938555215, 26.928572692875548 ], [ 75.81596843299684, 26.928572692875548 ], [ 75.816237928337785, 26.928842188216436 ], [ 75.817046411662602, 26.928842188216436 ], [ 75.818393884770046, 26.928842188216436 ], [ 75.818663379211614, 26.928572692875548 ], [ 75.819202368094864, 26.928572692875548 ], [ 75.819741357877433, 26.928033703992298 ], [ 75.820280346760626, 26.928033703992298 ], [ 75.820549841202251, 26.928033703992298 ], [ 75.821358325426445, 26.928033703992298 ], [ 75.82162781986807, 26.928303198433923 ], [ 75.82162781986807, 26.929111682658061 ], [ 75.82162781986807, 26.929381177099685 ], [ 75.822166808751263, 26.929920165982935 ], [ 75.822975292975457, 26.929920165982935 ], [ 75.823244787417082, 26.93018966042456 ], [ 75.82351428185865, 26.930459155765504 ] ] ] } },
{ "type": "Feature", "properties": { "OBJECTID": 412.0, "LAYER": "Stream", "STREAM_ID": 4514, "IN_FLOW": 269.0, "OUT_FLOW": 426.0, "DRAIN_AREA": "0.3419 sq km", "STRAHLER": 1, "Shape_Leng": 0.0077611742085000003 }, "geometry": { "type": "MultiLineString", "coordinates": [ [ [ 75.821897314309638, 26.925338757777524 ], [ 75.822705797634512, 26.926147242001662 ], [ 75.822975292975457, 26.926147242001662 ], [ 75.823244787417082, 26.926147242001662 ], [ 75.823783776300274, 26.926147242001662 ], [ 75.824592260524469, 26.926955725326536 ], [ 75.824053270741899, 26.927494715109049 ], [ 75.824053270741899, 26.927764209550674 ], [ 75.824322765183524, 26.928033703992298 ], [ 75.824322765183524, 26.928303198433923 ], [ 75.824592260524469, 26.928572692875548 ], [ 75.824592260524469, 26.929111682658061 ], [ 75.824322765183524, 26.929381177099685 ], [ 75.82351428185865, 26.93018966042456 ], [ 75.82351428185865, 26.930459155765504 ] ] ] } },
{ "type": "Feature", "properties": { "OBJECTID": 413.0, "LAYER": "Stream", "STREAM_ID": 4524, "IN_FLOW": 211.0, "OUT_FLOW": 418.0, "DRAIN_AREA": "0.3354 sq km", "STRAHLER": 1, "Shape_Leng": 0.00702601029687 }, "geometry": { "type": "MultiLineString", "coordinates": [ [ [ 75.790635941995163, 26.92965067154131 ], [ 75.790366447553595, 26.929920165982935 ], [ 75.789827458670345, 26.929920165982935 ], [ 75.78955796422872, 26.929920165982935 ], [ 75.789288469787095, 26.92965067154131 ], [ 75.789288469787095, 26.927494715109049 ], [ 75.789018974446151, 26.927225220667424 ], [ 75.788210491121333, 26.927225220667424 ], [ 75.787940996679708, 26.927494715109049 ], [ 75.787402006897139, 26.927494715109049 ], [ 75.786593523572321, 26.927494715109049 ], [ 75.786324029130697, 26.927764209550674 ] ] ] } },
{ "type": "Feature", "properties": { "OBJECTID": 414.0, "LAYER": "Stream", "STREAM_ID": 4527, "IN_FLOW": 203.0, "OUT_FLOW": 685.0, "DRAIN_AREA": "0.55 sq km", "STRAHLER": 1, "Shape_Leng": 0.014740945297200001 }, "geometry": { "type": "MultiLineString", "coordinates": [ [ [ 75.782551105149423, 26.929111682658061 ], [ 75.782281609808479, 26.929111682658061 ], [ 75.782012115366911, 26.929111682658061 ], [ 75.781473126483661, 26.929111682658061 ], [ 75.781203632042036, 26.929381177099685 ], [ 75.780664642259467, 26.929381177099685 ], [ 75.780395147817899, 26.92965067154131 ], [ 75.779586664493024, 26.928842188216436 ], [ 75.779317170051399, 26.928842188216436 ], [ 75.779047675609775, 26.928572692875548 ], [ 75.779047675609775, 26.928303198433923 ], [ 75.778778180268887, 26.928033703992298 ], [ 75.778239191385637, 26.927494715109049 ], [ 75.778239191385637, 26.926955725326536 ], [ 75.778508685827262, 26.926686230884911 ], [ 75.778508685827262, 26.926416736443286 ], [ 75.778778180268887, 26.926147242001662 ], [ 75.778778180268887, 26.925877747560037 ], [ 75.778508685827262, 26.925608253118412 ], [ 75.778508685827262, 26.924799768894275 ], [ 75.77689171827825, 26.923182801345263 ], [ 75.776083234953376, 26.923182801345263 ], [ 75.774735761845989, 26.923182801345263 ], [ 75.774466267404364, 26.923452295786888 ], [ 75.774196772962739, 26.923452295786888 ], [ 75.773927277621794, 26.923182801345263 ], [ 75.773657783180226, 26.923182801345263 ], [ 75.773388288738602, 26.923452295786888 ] ] ] } },
{ "type": "Feature", "properties": { "OBJECTID": 415.0, "LAYER": "Stream", "STREAM_ID": 4528, "IN_FLOW": 243.0, "OUT_FLOW": 252.0, "DRAIN_AREA": "0.2022 sq km", "STRAHLER": 1, "Shape_Leng": 0.00168235696618 }, "geometry": { "type": "MultiLineString", "coordinates": [ [ [ 75.811387025690749, 26.929111682658061 ], [ 75.811656520132374, 26.929381177099685 ], [ 75.812195509015567, 26.929381177099685 ], [ 75.812734497898816, 26.929920165982935 ] ] ] } },
{ "type": "Feature", "properties": { "OBJECTID": 416.0, "LAYER": "Stream", "STREAM_ID": 4542, "IN_FLOW": 202.0, "OUT_FLOW": 204.0, "DRAIN_AREA": "0.1637 sq km", "STRAHLER": 1, "Shape_Leng": 0.00065061777183000001 }, "geometry": { "type": "MultiLineString", "coordinates": [ [ [ 75.759913559463257, 26.929111682658061 ], [ 75.759913559463257, 26.928842188216436 ], [ 75.759644065021632, 26.928572692875548 ] ] ] } },
{ "type": "Feature", "properties": { "OBJECTID": 417.0, "LAYER": "Stream", "STREAM_ID": 4548, "IN_FLOW": 226.0, "OUT_FLOW": 392.0, "DRAIN_AREA": "0.3146 sq km", "STRAHLER": 1, "Shape_Leng": 0.0078536470103800007 }, "geometry": { "type": "MultiLineString", "coordinates": [ [ [ 75.74536085242147, 26.928842188216436 ], [ 75.746169335746288, 26.928033703992298 ], [ 75.746169335746288, 26.927494715109049 ], [ 75.746169335746288, 26.927225220667424 ], [ 75.746708324629537, 26.926686230884911 ], [ 75.746708324629537, 26.926416736443286 ], [ 75.747247314412107, 26.925877747560037 ], [ 75.747516808853675, 26.925877747560037 ], [ 75.7477863032953, 26.925608253118412 ], [ 75.748594786620174, 26.925608253118412 ], [ 75.748864281961119, 26.925877747560037 ], [ 75.749133776402743, 26.925877747560037 ], [ 75.750750743951755, 26.925877747560037 ], [ 75.751020238393323, 26.925608253118412 ] ] ] } },
{ "type": "Feature", "properties": { "OBJECTID": 418.0, "LAYER": "Stream", "STREAM_ID": 4549, "IN_FLOW": 821.0, "OUT_FLOW": 977.0, "DRAIN_AREA": "0.784 sq km", "STRAHLER": 2, "Shape_Leng": 0.0061712896717100001 }, "geometry": { "type": "MultiLineString", "coordinates": [ [ [ 75.748055797736924, 26.928842188216436 ], [ 75.748055797736924, 26.928303198433923 ], [ 75.748325292178549, 26.928033703992298 ], [ 75.748594786620174, 26.927764209550674 ], [ 75.749403270844311, 26.927764209550674 ], [ 75.749672765285936, 26.927764209550674 ], [ 75.750211754169186, 26.928303198433923 ], [ 75.750750743951755, 26.927764209550674 ], [ 75.750750743951755, 26.927225220667424 ], [ 75.751020238393323, 26.926955725326536 ], [ 75.751020238393323, 26.925608253118412 ] ] ] } },
{ "type": "Feature", "properties": { "OBJECTID": 419.0, "LAYER": "Stream", "STREAM_ID": 4552, "IN_FLOW": 24901.0, "OUT_FLOW": 25217.0, "DRAIN_AREA": "20.236 sq km", "STRAHLER": 4, "Shape_Leng": 0.0093127486339299997 }, "geometry": { "type": "MultiLineString", "coordinates": [ [ [ 75.759644065021632, 26.928572692875548 ], [ 75.759644065021632, 26.928303198433923 ], [ 75.759644065021632, 26.927764209550674 ], [ 75.759913559463257, 26.927494715109049 ], [ 75.759374570580007, 26.926955725326536 ], [ 75.759374570580007, 26.926686230884911 ], [ 75.759105076138383, 26.926416736443286 ], [ 75.759105076138383, 26.926147242001662 ], [ 75.758835581696815, 26.925877747560037 ], [ 75.75856608635587, 26.925877747560037 ], [ 75.757488108589371, 26.925877747560037 ], [ 75.756410129923609, 26.924799768894275 ], [ 75.756410129923609, 26.92453027445265 ], [ 75.755871141040359, 26.9239912855694 ], [ 75.755871141040359, 26.921835328237876 ] ] ] } },
{ "type": "Feature", "properties": { "OBJECTID": 420.0, "LAYER": "Stream", "STREAM_ID": 4557, "IN_FLOW": 229.0, "OUT_FLOW": 301.0, "DRAIN_AREA": "0.2415 sq km", "STRAHLER": 1, "Shape_Leng": 0.0041731990558 }, "geometry": { "type": "MultiLineString", "coordinates": [ [ [ 75.840761935115268, 26.925069263335899 ], [ 75.840492440673643, 26.925338757777524 ], [ 75.840492440673643, 26.925608253118412 ], [ 75.840222946232018, 26.925877747560037 ], [ 75.840492440673643, 26.926147242001662 ], [ 75.840222946232018, 26.926416736443286 ], [ 75.840222946232018, 26.926686230884911 ], [ 75.83995345179045, 26.926955725326536 ], [ 75.83995345179045, 26.927225220667424 ], [ 75.83995345179045, 26.928303198433923 ], [ 75.840222946232018, 26.928572692875548 ] ] ] } },
{ "type": "Feature", "properties": { "OBJECTID": 421.0, "LAYER": "Stream", "STREAM_ID": 4558, "IN_FLOW": 2075.0, "OUT_FLOW": 2387.0, "DRAIN_AREA": "1.916 sq km", "STRAHLER": 2, "Shape_Leng": 0.0067565161186900003 }, "geometry": { "type": "MultiLineString", "coordinates": [ [ [ 75.846421321087178, 26.927225220667424 ], [ 75.846151826645553, 26.927494715109049 ], [ 75.845882332203928, 26.927494715109049 ], [ 75.845073848879053, 26.927494715109049 ], [ 75.844804353538166, 26.927494715109049 ], [ 75.841300923998517, 26.927494715109049 ], [ 75.840222946232018, 26.928572692875548 ] ] ] } },
{ "type": "Feature", "properties": { "OBJECTID": 422.0, "LAYER": "Stream", "STREAM_ID": 4561, "IN_FLOW": 39084.0, "OUT_FLOW": 39358.0, "DRAIN_AREA": "31.584 sq km", "STRAHLER": 4, "Shape_Leng": 0.0046930364581199997 }, "geometry": { "type": "MultiLineString", "coordinates": [ [ [ 75.773118794296977, 26.928033703992298 ], [ 75.773388288738602, 26.927764209550674 ], [ 75.773388288738602, 26.927494715109049 ], [ 75.773388288738602, 26.927225220667424 ], [ 75.773388288738602, 26.925877747560037 ], [ 75.773388288738602, 26.923452295786888 ] ] ] } },
{ "type": "Feature", "properties": { "OBJECTID": 423.0, "LAYER": "Stream", "STREAM_ID": 4569, "IN_FLOW": 269.0, "OUT_FLOW": 349.0, "DRAIN_AREA": "0.2801 sq km", "STRAHLER": 1, "Shape_Leng": 0.00475842688365 }, "geometry": { "type": "MultiLineString", "coordinates": [ [ [ 75.75344568926721, 26.927764209550674 ], [ 75.753715184608154, 26.927494715109049 ], [ 75.753715184608154, 26.925877747560037 ], [ 75.754254173491347, 26.925338757777524 ], [ 75.754254173491347, 26.923721791127832 ], [ 75.753984679049779, 26.923452295786888 ] ] ] } },
{ "type": "Feature", "properties": { "OBJECTID": 424.0, "LAYER": "Stream", "STREAM_ID": 4570, "IN_FLOW": 1085.0, "OUT_FLOW": 2161.0, "DRAIN_AREA": "1.734 sq km", "STRAHLER": 2, "Shape_Leng": 0.020958473014200001 }, "geometry": { "type": "MultiLineString", "coordinates": [ [ [ 75.786324029130697, 26.927764209550674 ], [ 75.786054534689072, 26.927494715109049 ], [ 75.786054534689072, 26.927225220667424 ], [ 75.785785040247447, 26.926955725326536 ], [ 75.785785040247447, 26.925877747560037 ], [ 75.785515544906502, 26.925608253118412 ], [ 75.785246050464934, 26.925608253118412 ], [ 75.78497655602331, 26.925608253118412 ], [ 75.78443756714006, 26.925069263335899 ], [ 75.78389857735749, 26.925069263335899 ], [ 75.783629082915922, 26.925069263335899 ], [ 75.783359588474298, 26.924799768894275 ], [ 75.783359588474298, 26.92453027445265 ], [ 75.783090094032673, 26.924260780011025 ], [ 75.782820599591048, 26.9239912855694 ], [ 75.782012115366911, 26.923182801345263 ], [ 75.780934137600411, 26.923182801345263 ], [ 75.780125653376274, 26.922374318020388 ], [ 75.780125653376274, 26.920757350471376 ], [ 75.779317170051399, 26.919948866247239 ], [ 75.779317170051399, 26.919409877363989 ], [ 75.779047675609775, 26.919140382922365 ], [ 75.779047675609775, 26.918870888480797 ], [ 75.779047675609775, 26.918062404256602 ], [ 75.778508685827262, 26.917523415373353 ], [ 75.776622223836625, 26.917523415373353 ], [ 75.775274750729238, 26.916175942265966 ], [ 75.775274750729238, 26.915097963600203 ], [ 75.775544245170806, 26.914828469158579 ], [ 75.775544245170806, 26.914019985833704 ] ] ] } },
{ "type": "Feature", "properties": { "OBJECTID": 425.0, "LAYER": "Stream", "STREAM_ID": 4579, "IN_FLOW": 1083.0, "OUT_FLOW": 1480.0, "DRAIN_AREA": "1.188 sq km", "STRAHLER": 2, "Shape_Leng": 0.0056785389880800001 }, "geometry": { "type": "MultiLineString", "coordinates": [ [ [ 75.737276014676411, 26.927494715109049 ], [ 75.738084498001228, 26.926686230884911 ], [ 75.738623487783798, 26.926686230884911 ], [ 75.739162476667047, 26.926147242001662 ], [ 75.742396411765071, 26.926147242001662 ] ] ] } },
{ "type": "Feature", "properties": { "OBJECTID": 426.0, "LAYER": "Stream", "STREAM_ID": 4588, "IN_FLOW": 207.0, "OUT_FLOW": 582.0, "DRAIN_AREA": "0.467 sq km", "STRAHLER": 1, "Shape_Leng": 0.0108563925364 }, "geometry": { "type": "MultiLineString", "coordinates": [ [ [ 75.732425112029375, 26.927225220667424 ], [ 75.73215561758775, 26.926955725326536 ], [ 75.73215561758775, 26.926686230884911 ], [ 75.731347133363556, 26.925877747560037 ], [ 75.730808144480363, 26.925338757777524 ], [ 75.730538650038739, 26.925069263335899 ], [ 75.730269155597114, 26.925069263335899 ], [ 75.729730165814544, 26.92453027445265 ], [ 75.728113198265532, 26.922913306903638 ], [ 75.728113198265532, 26.922374318020388 ], [ 75.72703522049909, 26.921296339354626 ], [ 75.72703522049909, 26.921026844913001 ], [ 75.726765726057465, 26.920757350471376 ], [ 75.726765726057465, 26.918870888480797 ] ] ] } },
{ "type": "Feature", "properties": { "OBJECTID": 427.0, "LAYER": "Stream", "STREAM_ID": 4599, "IN_FLOW": 34654.0, "OUT_FLOW": 34893.0, "DRAIN_AREA": "28.001 sq km", "STRAHLER": 4, "Shape_Leng": 0.00453516910651 }, "geometry": { "type": "MultiLineString", "coordinates": [ [ [ 75.706284136803504, 26.926955725326536 ], [ 75.706284136803504, 26.926416736443286 ], [ 75.706284136803504, 26.926147242001662 ], [ 75.706284136803504, 26.9239912855694 ], [ 75.705745147920311, 26.923452295786888 ], [ 75.705745147920311, 26.922643812462013 ] ] ] } },
{ "type": "Feature", "properties": { "OBJECTID": 428.0, "LAYER": "Stream", "STREAM_ID": 4600, "IN_FLOW": 1701.0, "OUT_FLOW": 1803.0, "DRAIN_AREA": "1.447 sq km", "STRAHLER": 2, "Shape_Leng": 0.0040615714389899997 }, "geometry": { "type": "MultiLineString", "coordinates": [ [ [ 75.847768794194565, 26.923721791127832 ], [ 75.847768794194565, 26.924799768894275 ], [ 75.847229805311315, 26.925338757777524 ], [ 75.847229805311315, 26.925608253118412 ], [ 75.84696031086969, 26.925877747560037 ], [ 75.84696031086969, 26.926147242001662 ], [ 75.846421321087178, 26.926686230884911 ], [ 75.846421321087178, 26.927225220667424 ] ] ] } },
{ "type": "Feature", "properties": { "OBJECTID": 429.0, "LAYER": "Stream", "STREAM_ID": 4601, "IN_FLOW": 208.0, "OUT_FLOW": 264.0, "DRAIN_AREA": "0.2119 sq km", "STRAHLER": 1, "Shape_Leng": 0.00264870865105 }, "geometry": { "type": "MultiLineString", "coordinates": [ [ [ 75.848846772860327, 26.926686230884911 ], [ 75.848577278418702, 26.926686230884911 ], [ 75.848307783977077, 26.926955725326536 ], [ 75.848038288636189, 26.926955725326536 ], [ 75.847229805311315, 26.926955725326536 ], [ 75.84696031086969, 26.926955725326536 ], [ 75.846690816428065, 26.926955725326536 ], [ 75.846421321087178, 26.927225220667424 ] ] ] } },
{ "type": "Feature", "properties": { "OBJECTID": 430.0, "LAYER": "Stream", "STREAM_ID": 4619, "IN_FLOW": 253.0, "OUT_FLOW": 400.0, "DRAIN_AREA": "0.321 sq km", "STRAHLER": 1, "Shape_Leng": 0.0034301055206800001 }, "geometry": { "type": "MultiLineString", "coordinates": [ [ [ 75.724609768725884, 26.926416736443286 ], [ 75.723531790959441, 26.925338757777524 ], [ 75.722184317852054, 26.9239912855694 ] ] ] } },
{ "type": "Feature", "properties": { "OBJECTID": 431.0, "LAYER": "Stream", "STREAM_ID": 4627, "IN_FLOW": 1739.0, "OUT_FLOW": 2267.0, "DRAIN_AREA": "1.819 sq km", "STRAHLER": 2, "Shape_Leng": 0.0124079700323 }, "geometry": { "type": "MultiLineString", "coordinates": [ [ [ 75.742396411765071, 26.926147242001662 ], [ 75.742665906206639, 26.926147242001662 ], [ 75.744282873755651, 26.92453027445265 ], [ 75.744552368197276, 26.92453027445265 ], [ 75.74536085242147, 26.923721791127832 ], [ 75.745630346863095, 26.923721791127832 ], [ 75.745899841304663, 26.923721791127832 ], [ 75.747247314412107, 26.923721791127832 ], [ 75.748055797736924, 26.922913306903638 ], [ 75.749133776402743, 26.922913306903638 ], [ 75.750481249510131, 26.924260780011025 ], [ 75.75290670038396, 26.924260780011025 ] ] ] } },
{ "type": "Feature", "properties": { "OBJECTID": 432.0, "LAYER": "Stream", "STREAM_ID": 4632, "IN_FLOW": 219.0, "OUT_FLOW": 256.0, "DRAIN_AREA": "0.2054 sq km", "STRAHLER": 1, "Shape_Leng": 0.0025562318793499999 }, "geometry": { "type": "MultiLineString", "coordinates": [ [ [ 75.740779444216059, 26.924260780011025 ], [ 75.741318433099252, 26.924799768894275 ], [ 75.741318433099252, 26.925069263335899 ], [ 75.742396411765071, 26.926147242001662 ] ] ] } },
{ "type": "Feature", "properties": { "OBJECTID": 433.0, "LAYER": "Stream", "STREAM_ID": 4638, "IN_FLOW": 1374.0, "OUT_FLOW": 1426.0, "DRAIN_AREA": "1.144 sq km", "STRAHLER": 2, "Shape_Leng": 0.0024446038900499999 }, "geometry": { "type": "MultiLineString", "coordinates": [ [ [ 75.751020238393323, 26.925608253118412 ], [ 75.751828721718198, 26.924799768894275 ], [ 75.752367711500767, 26.924799768894275 ], [ 75.75290670038396, 26.924260780011025 ] ] ] } },
{ "type": "Feature", "properties": { "OBJECTID": 434.0, "LAYER": "Stream", "STREAM_ID": 4648, "IN_FLOW": 213.0, "OUT_FLOW": 242.0, "DRAIN_AREA": "0.1942 sq km", "STRAHLER": 1, "Shape_Leng": 0.0015244914132399999 }, "geometry": { "type": "MultiLineString", "coordinates": [ [ [ 75.760722043687451, 26.925069263335899 ], [ 75.759913559463257, 26.924260780011025 ], [ 75.759644065021632, 26.9239912855694 ] ] ] } },
{ "type": "Feature", "properties": { "OBJECTID": 435.0, "LAYER": "Stream", "STREAM_ID": 4649, "IN_FLOW": 200.0, "OUT_FLOW": 665.0, "DRAIN_AREA": "0.534 sq km", "STRAHLER": 1, "Shape_Leng": 0.0099171294779299996 }, "geometry": { "type": "MultiLineString", "coordinates": [ [ [ 75.789288469787095, 26.925069263335899 ], [ 75.788749480004583, 26.92453027445265 ], [ 75.788479985562958, 26.92453027445265 ], [ 75.788210491121333, 26.924260780011025 ], [ 75.788210491121333, 26.923721791127832 ], [ 75.787940996679708, 26.923452295786888 ], [ 75.787940996679708, 26.923182801345263 ], [ 75.787671502238084, 26.922913306903638 ], [ 75.787671502238084, 26.922643812462013 ], [ 75.787402006897139, 26.922374318020388 ], [ 75.787671502238084, 26.92210482357882 ], [ 75.787671502238084, 26.921835328237876 ], [ 75.787671502238084, 26.921565833796251 ], [ 75.787940996679708, 26.921296339354626 ], [ 75.787940996679708, 26.921026844913001 ], [ 75.787940996679708, 26.920757350471376 ], [ 75.787402006897139, 26.920218360688864 ], [ 75.787132512455514, 26.920218360688864 ], [ 75.786863018013946, 26.919948866247239 ], [ 75.786863018013946, 26.918331898698227 ], [ 75.787402006897139, 26.917792909814978 ], [ 75.787402006897139, 26.917523415373353 ], [ 75.787671502238084, 26.917253920931785 ] ] ] } },
{ "type": "Feature", "properties": { "OBJECTID": 436.0, "LAYER": "Stream", "STREAM_ID": 4653, "IN_FLOW": 203.0, "OUT_FLOW": 884.0, "DRAIN_AREA": "0.709 sq km", "STRAHLER": 1, "Shape_Leng": 0.0062366797247999997 }, "geometry": { "type": "MultiLineString", "coordinates": [ [ [ 75.767728902766692, 26.924799768894275 ], [ 75.767459408325067, 26.92453027445265 ], [ 75.767459408325067, 26.923721791127832 ], [ 75.767459408325067, 26.922913306903638 ], [ 75.768267891649941, 26.92210482357882 ], [ 75.768537386091566, 26.921835328237876 ], [ 75.768806880533191, 26.921835328237876 ], [ 75.769345870315703, 26.921296339354626 ], [ 75.769345870315703, 26.921026844913001 ], [ 75.769615364757328, 26.920757350471376 ], [ 75.769615364757328, 26.920487856029808 ], [ 75.770154353640578, 26.919948866247239 ] ] ] } },
{ "type": "Feature", "properties": { "OBJECTID": 437.0, "LAYER": "Stream", "STREAM_ID": 4661, "IN_FLOW": 3699.0, "OUT_FLOW": 3726.0, "DRAIN_AREA": "2.99 sq km", "STRAHLER": 3, "Shape_Leng": 0.0014128637964000001 }, "geometry": { "type": "MultiLineString", "coordinates": [ [ [ 75.75290670038396, 26.924260780011025 ], [ 75.753176194825585, 26.9239912855694 ], [ 75.75344568926721, 26.9239912855694 ], [ 75.753984679049779, 26.923452295786888 ] ] ] } },
{ "type": "Feature", "properties": { "OBJECTID": 438.0, "LAYER": "Stream", "STREAM_ID": 4662, "IN_FLOW": 203.0, "OUT_FLOW": 227.0, "DRAIN_AREA": "0.1822 sq km", "STRAHLER": 1, "Shape_Leng": 0.0015707302487100001 }, "geometry": { "type": "MultiLineString", "coordinates": [ [ [ 75.83429406491922, 26.923182801345263 ], [ 75.83429406491922, 26.923452295786888 ], [ 75.83429406491922, 26.9239912855694 ], [ 75.834833054701789, 26.92453027445265 ] ] ] } },
{ "type": "Feature", "properties": { "OBJECTID": 439.0, "LAYER": "Stream", "STREAM_ID": 4663, "IN_FLOW": 2717.0, "OUT_FLOW": 2770.0, "DRAIN_AREA": "2.223 sq km", "STRAHLER": 2, "Shape_Leng": 0.0019056141074800001 }, "geometry": { "type": "MultiLineString", "coordinates": [ [ [ 75.836180526909857, 26.923182801345263 ], [ 75.834833054701789, 26.92453027445265 ] ] ] } },
{ "type": "Feature", "properties": { "OBJECTID": 440.0, "LAYER": "Stream", "STREAM_ID": 4669, "IN_FLOW": 627.0, "OUT_FLOW": 903.0, "DRAIN_AREA": "0.725 sq km", "STRAHLER": 2, "Shape_Leng": 0.0083001615564299996 }, "geometry": { "type": "MultiLineString", "coordinates": [ [ [ 75.722184317852054, 26.9239912855694 ], [ 75.72191482341043, 26.923721791127832 ], [ 75.72137583362786, 26.923721791127832 ], [ 75.721106339186235, 26.923721791127832 ], [ 75.720567350303043, 26.923182801345263 ], [ 75.720297855861418, 26.923182801345263 ], [ 75.720028361419793, 26.923452295786888 ], [ 75.719758866078848, 26.923452295786888 ], [ 75.719489371637223, 26.923182801345263 ], [ 75.718950382754031, 26.923182801345263 ], [ 75.717602909646644, 26.921835328237876 ], [ 75.717602909646644, 26.921565833796251 ], [ 75.717063920763394, 26.921026844913001 ], [ 75.717063920763394, 26.920487856029808 ], [ 75.716794426321769, 26.920218360688864 ], [ 75.716794426321769, 26.919948866247239 ], [ 75.716524930980825, 26.919679371805614 ] ] ] } },
{ "type": "Feature", "properties": { "OBJECTID": 441.0, "LAYER": "Stream", "STREAM_ID": 4670, "IN_FLOW": 200.0, "OUT_FLOW": 216.0, "DRAIN_AREA": "0.1733 sq km", "STRAHLER": 1, "Shape_Leng": 0.00145910136007 }, "geometry": { "type": "MultiLineString", "coordinates": [ [ [ 75.723531790959441, 26.923721791127832 ], [ 75.722723306735247, 26.923721791127832 ], [ 75.722453812293679, 26.9239912855694 ], [ 75.722184317852054, 26.9239912855694 ] ] ] } },
{ "type": "Feature", "properties": { "OBJECTID": 442.0, "LAYER": "Stream", "STREAM_ID": 4671, "IN_FLOW": 474.0, "OUT_FLOW": 638.0, "DRAIN_AREA": "0.512 sq km", "STRAHLER": 2, "Shape_Leng": 0.0046659510112800002 }, "geometry": { "type": "MultiLineString", "coordinates": [ [ [ 75.759644065021632, 26.9239912855694 ], [ 75.758835581696815, 26.923182801345263 ], [ 75.757218614147803, 26.923182801345263 ], [ 75.755871141040359, 26.921835328237876 ] ] ] } },
{ "type": "Feature", "properties": { "OBJECTID": 443.0, "LAYER": "Stream", "STREAM_ID": 4672, "IN_FLOW": 217.0, "OUT_FLOW": 222.0, "DRAIN_AREA": "0.1782 sq km", "STRAHLER": 1, "Shape_Leng": 0.0010317411020700001 }, "geometry": { "type": "MultiLineString", "coordinates": [ [ [ 75.760452549245827, 26.923452295786888 ], [ 75.759913559463257, 26.9239912855694 ], [ 75.759644065021632, 26.9239912855694 ] ] ] } },
{ "type": "Feature", "properties": { "OBJECTID": 444.0, "LAYER": "Stream", "STREAM_ID": 4676, "IN_FLOW": 214.0, "OUT_FLOW": 325.0, "DRAIN_AREA": "0.2608 sq km", "STRAHLER": 1, "Shape_Leng": 0.0053628063469500003 }, "geometry": { "type": "MultiLineString", "coordinates": [ [ [ 75.811387025690749, 26.923721791127832 ], [ 75.81084803590818, 26.923182801345263 ], [ 75.81084803590818, 26.922643812462013 ], [ 75.81030904702493, 26.92210482357882 ], [ 75.81030904702493, 26.921565833796251 ], [ 75.81030904702493, 26.921296339354626 ], [ 75.810578541466555, 26.921026844913001 ], [ 75.810578541466555, 26.920757350471376 ], [ 75.81030904702493, 26.920487856029808 ], [ 75.81030904702493, 26.919409877363989 ], [ 75.810578541466555, 26.919140382922365 ] ] ] } },
{ "type": "Feature", "properties": { "OBJECTID": 445.0, "LAYER": "Stream", "STREAM_ID": 4677, "IN_FLOW": 877.0, "OUT_FLOW": 1311.0, "DRAIN_AREA": "1.052 sq km", "STRAHLER": 2, "Shape_Leng": 0.0049241952938599998 }, "geometry": { "type": "MultiLineString", "coordinates": [ [ [ 75.851911591346948, 26.923452295786888 ], [ 75.851811213516726, 26.923452295786888 ], [ 75.851541718175838, 26.923182801345263 ], [ 75.851272223734213, 26.923182801345263 ], [ 75.851002729292588, 26.923182801345263 ], [ 75.850733234850964, 26.923182801345263 ], [ 75.850463740409339, 26.922913306903638 ], [ 75.850194245967714, 26.922913306903638 ], [ 75.849924751526146, 26.923182801345263 ], [ 75.849655256185201, 26.923182801345263 ], [ 75.849385761743576, 26.922913306903638 ], [ 75.849116267301952, 26.922913306903638 ], [ 75.848846772860327, 26.922913306903638 ], [ 75.848577278418702, 26.923182801345263 ], [ 75.848307783977077, 26.923452295786888 ], [ 75.848038288636189, 26.923452295786888 ], [ 75.847768794194565, 26.923721791127832 ] ] ] } },
{ "type": "Feature", "properties": { "OBJECTID": 446.0, "LAYER": "Stream", "STREAM_ID": 4683, "IN_FLOW": 4080.0, "OUT_FLOW": 4263.0, "DRAIN_AREA": "3.421 sq km", "STRAHLER": 3, "Shape_Leng": 0.00320684901527 }, "geometry": { "type": "MultiLineString", "coordinates": [ [ [ 75.753984679049779, 26.923452295786888 ], [ 75.754254173491347, 26.923182801345263 ], [ 75.754254173491347, 26.922643812462013 ], [ 75.755871141040359, 26.921026844913001 ] ] ] } },
{ "type": "Feature", "properties": { "OBJECTID": 447.0, "LAYER": "Stream", "STREAM_ID": 4684, "IN_FLOW": 40049.0, "OUT_FLOW": 40457.0, "DRAIN_AREA": "32.466 sq km", "STRAHLER": 4, "Shape_Leng": 0.0056323007884399997 }, "geometry": { "type": "MultiLineString", "coordinates": [ [ [ 75.773388288738602, 26.923452295786888 ], [ 75.772579805413727, 26.922643812462013 ], [ 75.772579805413727, 26.92210482357882 ], [ 75.77177132118959, 26.921296339354626 ], [ 75.770423848082203, 26.921296339354626 ], [ 75.770154353640578, 26.921026844913001 ], [ 75.770154353640578, 26.919948866247239 ] ] ] } },
{ "type": "Feature", "properties": { "OBJECTID": 448.0, "LAYER": "Stream", "STREAM_ID": 4685, "IN_FLOW": 201.0, "OUT_FLOW": 387.0, "DRAIN_AREA": "0.3106 sq km", "STRAHLER": 1, "Shape_Leng": 0.0076957817208199997 }, "geometry": { "type": "MultiLineString", "coordinates": [ [ [ 75.849655256185201, 26.919409877363989 ], [ 75.849385761743576, 26.919409877363989 ], [ 75.849116267301952, 26.919409877363989 ], [ 75.848307783977077, 26.920218360688864 ], [ 75.848038288636189, 26.920218360688864 ], [ 75.847768794194565, 26.920218360688864 ], [ 75.84749929975294, 26.920218360688864 ], [ 75.847229805311315, 26.920487856029808 ], [ 75.84696031086969, 26.920487856029808 ], [ 75.846690816428065, 26.920487856029808 ], [ 75.846421321087178, 26.920487856029808 ], [ 75.846151826645553, 26.920757350471376 ], [ 75.846151826645553, 26.921026844913001 ], [ 75.846151826645553, 26.921296339354626 ], [ 75.846151826645553, 26.921565833796251 ], [ 75.84696031086969, 26.922374318020388 ], [ 75.84696031086969, 26.922913306903638 ], [ 75.84749929975294, 26.923452295786888 ], [ 75.847768794194565, 26.923721791127832 ] ] ] } },
{ "type": "Feature", "properties": { "OBJECTID": 449.0, "LAYER": "Stream", "STREAM_ID": 4688, "IN_FLOW": 208.0, "OUT_FLOW": 389.0, "DRAIN_AREA": "0.3122 sq km", "STRAHLER": 1, "Shape_Leng": 0.0058093190942499996 }, "geometry": { "type": "MultiLineString", "coordinates": [ [ [ 75.691461935320092, 26.922913306903638 ], [ 75.691461935320092, 26.921835328237876 ], [ 75.692270418644966, 26.921026844913001 ], [ 75.692270418644966, 26.920487856029808 ], [ 75.694426375077228, 26.918331898698227 ] ] ] } },
{ "type": "Feature", "properties": { "OBJECTID": 450.0, "LAYER": "Stream", "STREAM_ID": 4689, "IN_FLOW": 230.0, "OUT_FLOW": 562.0, "DRAIN_AREA": "0.451 sq km", "STRAHLER": 1, "Shape_Leng": 0.0046005594230400003 }, "geometry": { "type": "MultiLineString", "coordinates": [ [ [ 75.835641538026607, 26.919409877363989 ], [ 75.835372043584982, 26.919409877363989 ], [ 75.835102549143357, 26.919679371805614 ], [ 75.835102549143357, 26.920218360688864 ], [ 75.835102549143357, 26.920757350471376 ], [ 75.835102549143357, 26.921026844913001 ], [ 75.835102549143357, 26.921835328237876 ], [ 75.835641538026607, 26.922374318020388 ], [ 75.835911032468232, 26.922643812462013 ], [ 75.835911032468232, 26.922913306903638 ], [ 75.836180526909857, 26.923182801345263 ] ] ] } },
{ "type": "Feature", "properties": { "OBJECTID": 451.0, "LAYER": "Stream", "STREAM_ID": 4690, "IN_FLOW": 1635.0, "OUT_FLOW": 2109.0, "DRAIN_AREA": "1.692 sq km", "STRAHLER": 2, "Shape_Leng": 0.0083463994926499998 }, "geometry": { "type": "MultiLineString", "coordinates": [ [ [ 75.843187386888474, 26.919948866247239 ], [ 75.842648397105904, 26.919948866247239 ], [ 75.84183991378103, 26.919948866247239 ], [ 75.841300923998517, 26.920487856029808 ], [ 75.841031429556892, 26.920487856029808 ], [ 75.840761935115268, 26.920757350471376 ], [ 75.840222946232018, 26.921296339354626 ], [ 75.839414462007881, 26.92210482357882 ], [ 75.838875473124631, 26.92210482357882 ], [ 75.838336484241438, 26.92210482357882 ], [ 75.838066988900493, 26.92210482357882 ], [ 75.837797494458869, 26.922374318020388 ], [ 75.837528000017244, 26.922643812462013 ], [ 75.836719516692426, 26.922643812462013 ], [ 75.836180526909857, 26.923182801345263 ] ] ] } },
{ "type": "Feature", "properties": { "OBJECTID": 452.0, "LAYER": "Stream", "STREAM_ID": 4693, "IN_FLOW": 38458.0, "OUT_FLOW": 38706.0, "DRAIN_AREA": "31.061 sq km", "STRAHLER": 4, "Shape_Leng": 0.0043964556703699996 }, "geometry": { "type": "MultiLineString", "coordinates": [ [ [ 75.705745147920311, 26.922643812462013 ], [ 75.705475653478686, 26.922374318020388 ], [ 75.704936664595436, 26.922374318020388 ], [ 75.704667169254492, 26.922643812462013 ], [ 75.704128180371299, 26.922643812462013 ], [ 75.70305020170548, 26.921565833796251 ], [ 75.70305020170548, 26.921296339354626 ], [ 75.702511212822287, 26.920757350471376 ] ] ] } },
{ "type": "Feature", "properties": { "OBJECTID": 453.0, "LAYER": "Stream", "STREAM_ID": 4694, "IN_FLOW": 205.0, "OUT_FLOW": 438.0, "DRAIN_AREA": "0.3515 sq km", "STRAHLER": 1, "Shape_Leng": 0.0088853886392299998 }, "geometry": { "type": "MultiLineString", "coordinates": [ [ [ 75.713290996782121, 26.922643812462013 ], [ 75.713021501441176, 26.922374318020388 ], [ 75.712752006999608, 26.922374318020388 ], [ 75.712482512557983, 26.92210482357882 ], [ 75.711404533892164, 26.92210482357882 ], [ 75.710865545008971, 26.921565833796251 ], [ 75.710596050567347, 26.921565833796251 ], [ 75.710326556125722, 26.921835328237876 ], [ 75.70870958857671, 26.921835328237876 ], [ 75.70817059969346, 26.921296339354626 ], [ 75.707901104352516, 26.921296339354626 ], [ 75.707631609910948, 26.921296339354626 ], [ 75.707362115469323, 26.921296339354626 ], [ 75.706284136803504, 26.922374318020388 ], [ 75.706014642361936, 26.922374318020388 ], [ 75.705745147920311, 26.922643812462013 ] ] ] } },
{ "type": "Feature", "properties": { "OBJECTID": 454.0, "LAYER": "Stream", "STREAM_ID": 4701, "IN_FLOW": 204.0, "OUT_FLOW": 286.0, "DRAIN_AREA": "0.2295 sq km", "STRAHLER": 1, "Shape_Leng": 0.0038574667871799999 }, "geometry": { "type": "MultiLineString", "coordinates": [ [ [ 75.812734497898816, 26.92210482357882 ], [ 75.812465003457191, 26.921835328237876 ], [ 75.811656520132374, 26.921026844913001 ], [ 75.811656520132374, 26.920757350471376 ], [ 75.811117531249124, 26.920218360688864 ], [ 75.811117531249124, 26.919948866247239 ], [ 75.81084803590818, 26.919679371805614 ], [ 75.81084803590818, 26.919409877363989 ], [ 75.810578541466555, 26.919140382922365 ] ] ] } },
{ "type": "Feature", "properties": { "OBJECTID": 455.0, "LAYER": "Stream", "STREAM_ID": 4707, "IN_FLOW": 25860.0, "OUT_FLOW": 25866.0, "DRAIN_AREA": "20.757 sq km", "STRAHLER": 4, "Shape_Leng": 0.00080848332487400002 }, "geometry": { "type": "MultiLineString", "coordinates": [ [ [ 75.755871141040359, 26.921835328237876 ], [ 75.755871141040359, 26.921026844913001 ] ] ] } },
{ "type": "Feature", "properties": { "OBJECTID": 456.0, "LAYER": "Stream", "STREAM_ID": 4723, "IN_FLOW": 203.0, "OUT_FLOW": 348.0, "DRAIN_AREA": "0.2793 sq km", "STRAHLER": 1, "Shape_Leng": 0.0038574661511700001 }, "geometry": { "type": "MultiLineString", "coordinates": [ [ [ 75.729730165814544, 26.921026844913001 ], [ 75.728921682489727, 26.920218360688864 ], [ 75.728652188048102, 26.920218360688864 ], [ 75.727843703823908, 26.919409877363989 ], [ 75.727304714940715, 26.919409877363989 ], [ 75.726765726057465, 26.918870888480797 ] ] ] } },
{ "type": "Feature", "properties": { "OBJECTID": 457.0, "LAYER": "Stream", "STREAM_ID": 4724, "IN_FLOW": 30135.0, "OUT_FLOW": 30452.0, "DRAIN_AREA": "24.437 sq km", "STRAHLER": 4, "Shape_Leng": 0.0069797736324299997 }, "geometry": { "type": "MultiLineString", "coordinates": [ [ [ 75.755871141040359, 26.921026844913001 ], [ 75.756140635481984, 26.920757350471376 ], [ 75.756140635481984, 26.920487856029808 ], [ 75.756410129923609, 26.920218360688864 ], [ 75.756410129923609, 26.919948866247239 ], [ 75.756410129923609, 26.918870888480797 ], [ 75.756679624365233, 26.918601393139852 ], [ 75.756679624365233, 26.918331898698227 ], [ 75.756679624365233, 26.918062404256602 ], [ 75.756679624365233, 26.916714931149215 ], [ 75.757757603030996, 26.915636953382716 ], [ 75.757757603030996, 26.915367458941148 ], [ 75.757757603030996, 26.915097963600203 ], [ 75.757757603030996, 26.914828469158579 ] ] ] } },
{ "type": "Feature", "properties": { "OBJECTID": 458.0, "LAYER": "Stream", "STREAM_ID": 4729, "IN_FLOW": 39040.0, "OUT_FLOW": 39542.0, "DRAIN_AREA": "31.732 sq km", "STRAHLER": 4, "Shape_Leng": 0.011645724643699999 }, "geometry": { "type": "MultiLineString", "coordinates": [ [ [ 75.702511212822287, 26.920757350471376 ], [ 75.702241718380662, 26.920487856029808 ], [ 75.702241718380662, 26.920218360688864 ], [ 75.701702729497413, 26.919679371805614 ], [ 75.700894245273275, 26.918870888480797 ], [ 75.700894245273275, 26.917253920931785 ], [ 75.700355256390026, 26.916714931149215 ], [ 75.699816267506776, 26.916714931149215 ], [ 75.699007783282639, 26.915906447824341 ], [ 75.696851826850377, 26.915906447824341 ], [ 75.696312837067808, 26.915367458941148 ], [ 75.695234859301365, 26.915367458941148 ], [ 75.69496536485974, 26.915097963600203 ], [ 75.694695870418116, 26.915097963600203 ], [ 75.694426375077228, 26.914828469158579 ] ] ] } },
{ "type": "Feature", "properties": { "OBJECTID": 459.0, "LAYER": "Stream", "STREAM_ID": 4730, "IN_FLOW": 276.0, "OUT_FLOW": 329.0, "DRAIN_AREA": "0.264 sq km", "STRAHLER": 1, "Shape_Leng": 0.0020634809323200002 }, "geometry": { "type": "MultiLineString", "coordinates": [ [ [ 75.704128180371299, 26.919679371805614 ], [ 75.703858685929674, 26.919679371805614 ], [ 75.702780707263912, 26.920757350471376 ], [ 75.702511212822287, 26.920757350471376 ] ] ] } },
{ "type": "Feature", "properties": { "OBJECTID": 460.0, "LAYER": "Stream", "STREAM_ID": 4739, "IN_FLOW": 203.0, "OUT_FLOW": 214.0, "DRAIN_AREA": "0.1717 sq km", "STRAHLER": 1, "Shape_Leng": 0.0013012342718700001 }, "geometry": { "type": "MultiLineString", "coordinates": [ [ [ 75.844265364654916, 26.919948866247239 ], [ 75.843995870213291, 26.920218360688864 ], [ 75.843726375771666, 26.920218360688864 ], [ 75.843456881330042, 26.920218360688864 ], [ 75.843187386888474, 26.919948866247239 ] ] ] } },
{ "type": "Feature", "properties": { "OBJECTID": 461.0, "LAYER": "Stream", "STREAM_ID": 4743, "IN_FLOW": 41388.0, "OUT_FLOW": 42367.0, "DRAIN_AREA": "33.999 sq km", "STRAHLER": 4, "Shape_Leng": 0.0143406695867 }, "geometry": { "type": "MultiLineString", "coordinates": [ [ [ 75.770154353640578, 26.919948866247239 ], [ 75.770423848082203, 26.919679371805614 ], [ 75.770962837864715, 26.919140382922365 ], [ 75.770962837864715, 26.917792909814978 ], [ 75.77123233230634, 26.917523415373353 ], [ 75.770423848082203, 26.916714931149215 ], [ 75.769615364757328, 26.915906447824341 ], [ 75.768267891649941, 26.915906447824341 ], [ 75.767459408325067, 26.915097963600203 ], [ 75.767459408325067, 26.91078605073568 ], [ 75.767728902766692, 26.910516556294112 ], [ 75.767728902766692, 26.908899588745101 ], [ 75.767998397208316, 26.908630094303476 ] ] ] } },
{ "type": "Feature", "properties": { "OBJECTID": 462.0, "LAYER": "Stream", "STREAM_ID": 4747, "IN_FLOW": 1173.0, "OUT_FLOW": 1862.0, "DRAIN_AREA": "1.494 sq km", "STRAHLER": 2, "Shape_Leng": 0.0105677459779 }, "geometry": { "type": "MultiLineString", "coordinates": [ [ [ 75.716524930980825, 26.919679371805614 ], [ 75.7162554365392, 26.919679371805614 ], [ 75.715716447656007, 26.919140382922365 ], [ 75.715716447656007, 26.918601393139852 ], [ 75.715985942097632, 26.918331898698227 ], [ 75.715985942097632, 26.917523415373353 ], [ 75.7162554365392, 26.917253920931785 ], [ 75.7162554365392, 26.91698442649016 ], [ 75.715716447656007, 26.91644543670759 ], [ 75.715446953214382, 26.91644543670759 ], [ 75.714099480106995, 26.915097963600203 ], [ 75.71382998566537, 26.915097963600203 ], [ 75.713560491223745, 26.915367458941148 ], [ 75.711943523674734, 26.915367458941148 ], [ 75.711404533892164, 26.914828469158579 ], [ 75.710596050567347, 26.914828469158579 ], [ 75.710326556125722, 26.914558974716954 ] ] ] } },
{ "type": "Feature", "properties": { "OBJECTID": 463.0, "LAYER": "Stream", "STREAM_ID": 4748, "IN_FLOW": 226.0, "OUT_FLOW": 263.0, "DRAIN_AREA": "0.2111 sq km", "STRAHLER": 1, "Shape_Leng": 0.0024254517732099998 }, "geometry": { "type": "MultiLineString", "coordinates": [ [ [ 75.718950382754031, 26.919679371805614 ], [ 75.718141898529836, 26.919679371805614 ], [ 75.717872404088212, 26.919679371805614 ], [ 75.716524930980825, 26.919679371805614 ] ] ] } },
{ "type": "Feature", "properties": { "OBJECTID": 464.0, "LAYER": "Stream", "STREAM_ID": 4749, "IN_FLOW": 209.0, "OUT_FLOW": 1001.0, "DRAIN_AREA": "0.803 sq km", "STRAHLER": 1, "Shape_Leng": 0.013690052450799999 }, "geometry": { "type": "MultiLineString", "coordinates": [ [ [ 75.742935400648264, 26.918601393139852 ], [ 75.744013379314083, 26.918601393139852 ], [ 75.744552368197276, 26.918062404256602 ], [ 75.744821862638901, 26.918062404256602 ], [ 75.745630346863095, 26.918062404256602 ], [ 75.745899841304663, 26.918331898698227 ], [ 75.745899841304663, 26.919140382922365 ], [ 75.746169335746288, 26.919409877363989 ], [ 75.746708324629537, 26.919409877363989 ], [ 75.746977819970482, 26.919679371805614 ], [ 75.747516808853675, 26.919679371805614 ], [ 75.7477863032953, 26.919679371805614 ], [ 75.748325292178549, 26.919140382922365 ], [ 75.748325292178549, 26.918870888480797 ], [ 75.748325292178549, 26.918601393139852 ], [ 75.748325292178549, 26.917792909814978 ], [ 75.749133776402743, 26.91698442649016 ], [ 75.750750743951755, 26.91698442649016 ], [ 75.751020238393323, 26.916714931149215 ], [ 75.751020238393323, 26.915636953382716 ], [ 75.751828721718198, 26.914828469158579 ] ] ] } },
{ "type": "Feature", "properties": { "OBJECTID": 465.0, "LAYER": "Stream", "STREAM_ID": 4750, "IN_FLOW": 1242.0, "OUT_FLOW": 1418.0, "DRAIN_AREA": "1.138 sq km", "STRAHLER": 2, "Shape_Leng": 0.0053165681471799998 }, "geometry": { "type": "MultiLineString", "coordinates": [ [ [ 75.843995870213291, 26.916175942265966 ], [ 75.843456881330042, 26.916714931149215 ], [ 75.842917891547529, 26.916714931149215 ], [ 75.842648397105904, 26.91698442649016 ], [ 75.842648397105904, 26.917523415373353 ], [ 75.842378902664279, 26.917792909814978 ], [ 75.842378902664279, 26.918062404256602 ], [ 75.842917891547529, 26.918601393139852 ], [ 75.843187386888474, 26.918870888480797 ], [ 75.843456881330042, 26.919140382922365 ], [ 75.843456881330042, 26.919679371805614 ], [ 75.843187386888474, 26.919948866247239 ] ] ] } },
{ "type": "Feature", "properties": { "OBJECTID": 466.0, "LAYER": "Stream", "STREAM_ID": 4758, "IN_FLOW": 616.0, "OUT_FLOW": 1322.0, "DRAIN_AREA": "1.061 sq km", "STRAHLER": 2, "Shape_Leng": 0.0098246539780400006 }, "geometry": { "type": "MultiLineString", "coordinates": [ [ [ 75.810578541466555, 26.919140382922365 ], [ 75.811117531249124, 26.918601393139852 ], [ 75.811117531249124, 26.918331898698227 ], [ 75.811387025690749, 26.918062404256602 ], [ 75.811117531249124, 26.917792909814978 ], [ 75.81030904702493, 26.91698442649016 ], [ 75.810039552583362, 26.91698442649016 ], [ 75.808961573917543, 26.91698442649016 ], [ 75.808692079475918, 26.916714931149215 ], [ 75.808692079475918, 26.91644543670759 ], [ 75.80842258503435, 26.916175942265966 ], [ 75.807614100810156, 26.915367458941148 ], [ 75.8078835961511, 26.915097963600203 ], [ 75.808153090592725, 26.915097963600203 ], [ 75.80842258503435, 26.914828469158579 ], [ 75.808692079475918, 26.914828469158579 ], [ 75.809231068359168, 26.914289480275329 ], [ 75.809231068359168, 26.913750491392136 ], [ 75.809770058141737, 26.913211501609567 ] ] ] } },
{ "type": "Feature", "properties": { "OBJECTID": 467.0, "LAYER": "Stream", "STREAM_ID": 4761, "IN_FLOW": 933.0, "OUT_FLOW": 1115.0, "DRAIN_AREA": "0.895 sq km", "STRAHLER": 2, "Shape_Leng": 0.0021097184960500001 }, "geometry": { "type": "MultiLineString", "coordinates": [ [ [ 75.726765726057465, 26.918870888480797 ], [ 75.726765726057465, 26.918331898698227 ], [ 75.72703522049909, 26.918062404256602 ], [ 75.727304714940715, 26.918062404256602 ], [ 75.72757420938234, 26.917792909814978 ], [ 75.72757420938234, 26.917253920931785 ] ] ] } },
{ "type": "Feature", "properties": { "OBJECTID": 468.0, "LAYER": "Stream", "STREAM_ID": 4762, "IN_FLOW": 203.0, "OUT_FLOW": 319.0, "DRAIN_AREA": "0.256 sq km", "STRAHLER": 1, "Shape_Leng": 0.0032993254145299998 }, "geometry": { "type": "MultiLineString", "coordinates": [ [ [ 75.789827458670345, 26.918870888480797 ], [ 75.789827458670345, 26.918601393139852 ], [ 75.78955796422872, 26.918331898698227 ], [ 75.788210491121333, 26.918331898698227 ], [ 75.787940996679708, 26.918062404256602 ], [ 75.787940996679708, 26.917523415373353 ], [ 75.787671502238084, 26.917253920931785 ] ] ] } },
{ "type": "Feature", "properties": { "OBJECTID": 469.0, "LAYER": "Stream", "STREAM_ID": 4769, "IN_FLOW": 253.0, "OUT_FLOW": 270.0, "DRAIN_AREA": "0.2167 sq km", "STRAHLER": 1, "Shape_Leng": 0.00053898888324999995 }, "geometry": { "type": "MultiLineString", "coordinates": [ [ [ 75.738353992442853, 26.918601393139852 ], [ 75.738353992442853, 26.918062404256602 ] ] ] } },
{ "type": "Feature", "properties": { "OBJECTID": 470.0, "LAYER": "Stream", "STREAM_ID": 4770, "IN_FLOW": 211.0, "OUT_FLOW": 510.0, "DRAIN_AREA": "0.4093 sq km", "STRAHLER": 1, "Shape_Leng": 0.00661780268245 }, "geometry": { "type": "MultiLineString", "coordinates": [ [ [ 75.817585400545852, 26.918601393139852 ], [ 75.817585400545852, 26.918062404256602 ], [ 75.817315906104227, 26.917792909814978 ], [ 75.817046411662602, 26.917523415373353 ], [ 75.81596843299684, 26.917523415373353 ], [ 75.81542944411359, 26.91698442649016 ], [ 75.815159949672022, 26.91698442649016 ], [ 75.814620960788773, 26.917523415373353 ], [ 75.814081971006203, 26.917523415373353 ], [ 75.813003993239761, 26.91644543670759 ], [ 75.812734497898816, 26.916175942265966 ] ] ] } },
{ "type": "Feature", "properties": { "OBJECTID": 471.0, "LAYER": "Stream", "STREAM_ID": 4774, "IN_FLOW": 1646.0, "OUT_FLOW": 2083.0, "DRAIN_AREA": "1.672 sq km", "STRAHLER": 2, "Shape_Leng": 0.00764954415705 }, "geometry": { "type": "MultiLineString", "coordinates": [ [ [ 75.694426375077228, 26.918331898698227 ], [ 75.694695870418116, 26.918062404256602 ], [ 75.694695870418116, 26.917792909814978 ], [ 75.693617891752353, 26.916714931149215 ], [ 75.693348397310729, 26.916714931149215 ], [ 75.693078902869104, 26.91644543670759 ], [ 75.691461935320092, 26.91644543670759 ], [ 75.68984496777108, 26.914828469158579 ], [ 75.68984496777108, 26.914558974716954 ], [ 75.689575472430192, 26.914289480275329 ], [ 75.689575472430192, 26.914019985833704 ] ] ] } },
{ "type": "Feature", "properties": { "OBJECTID": 472.0, "LAYER": "Stream", "STREAM_ID": 4778, "IN_FLOW": 541.0, "OUT_FLOW": 1553.0, "DRAIN_AREA": "1.246 sq km", "STRAHLER": 2, "Shape_Leng": 0.0216553277138 }, "geometry": { "type": "MultiLineString", "coordinates": [ [ [ 75.738353992442853, 26.918062404256602 ], [ 75.738892982225423, 26.917523415373353 ], [ 75.73970146555024, 26.916714931149215 ], [ 75.741318433099252, 26.916714931149215 ], [ 75.741857421982502, 26.916175942265966 ], [ 75.741857421982502, 26.915906447824341 ], [ 75.742126917323446, 26.915636953382716 ], [ 75.742126917323446, 26.915367458941148 ], [ 75.742396411765071, 26.915097963600203 ], [ 75.742935400648264, 26.915097963600203 ], [ 75.743204895089889, 26.914828469158579 ], [ 75.743204895089889, 26.912672512726317 ], [ 75.743474389531514, 26.912403018284692 ], [ 75.743474389531514, 26.912133523843124 ], [ 75.743474389531514, 26.91186402850218 ], [ 75.743474389531514, 26.910247061852488 ], [ 75.742935400648264, 26.909708072069918 ], [ 75.742396411765071, 26.909708072069918 ], [ 75.741857421982502, 26.909169083186669 ], [ 75.741857421982502, 26.908630094303476 ], [ 75.742935400648264, 26.907552115637657 ], [ 75.743743884872458, 26.907552115637657 ], [ 75.744282873755651, 26.907013126754464 ], [ 75.744821862638901, 26.907013126754464 ], [ 75.745091357080526, 26.907282621196089 ], [ 75.74536085242147, 26.907282621196089 ], [ 75.745630346863095, 26.907282621196089 ], [ 75.745899841304663, 26.907282621196089 ], [ 75.746169335746288, 26.907552115637657 ], [ 75.747516808853675, 26.907552115637657 ], [ 75.748055797736924, 26.908091104520906 ], [ 75.748594786620174, 26.908091104520906 ] ] ] } },
{ "type": "Feature", "properties": { "OBJECTID": 473.0, "LAYER": "Stream", "STREAM_ID": 4782, "IN_FLOW": 209.0, "OUT_FLOW": 255.0, "DRAIN_AREA": "0.2046 sq km", "STRAHLER": 1, "Shape_Leng": 0.0021097184959699999 }, "geometry": { "type": "MultiLineString", "coordinates": [ [ [ 75.729460671372919, 26.917792909814978 ], [ 75.728921682489727, 26.917792909814978 ], [ 75.728652188048102, 26.917792909814978 ], [ 75.728113198265532, 26.917792909814978 ], [ 75.72757420938234, 26.917253920931785 ] ] ] } },
{ "type": "Feature", "properties": { "OBJECTID": 474.0, "LAYER": "Stream", "STREAM_ID": 4783, "IN_FLOW": 254.0, "OUT_FLOW": 265.0, "DRAIN_AREA": "0.2127 sq km", "STRAHLER": 1, "Shape_Leng": 0.0011433680829099999 }, "geometry": { "type": "MultiLineString", "coordinates": [ [ [ 75.737545509118036, 26.917253920931785 ], [ 75.738353992442853, 26.918062404256602 ] ] ] } },
{ "type": "Feature", "properties": { "OBJECTID": 475.0, "LAYER": "Stream", "STREAM_ID": 4790, "IN_FLOW": 378.0, "OUT_FLOW": 499.0, "DRAIN_AREA": "0.4004 sq km", "STRAHLER": 1, "Shape_Leng": 0.00015169538921800001 }, "geometry": { "type": "MultiLineString", "coordinates": [ [ [ 75.689198713150176, 26.913857756230527 ], [ 75.689305977988568, 26.913750491392136 ] ] ] } },
{ "type": "Feature", "properties": { "OBJECTID": 476.0, "LAYER": "Stream", "STREAM_ID": 4791, "IN_FLOW": 214.0, "OUT_FLOW": 1229.0, "DRAIN_AREA": "0.986 sq km", "STRAHLER": 1, "Shape_Leng": 0.0091279576745800003 }, "geometry": { "type": "MultiLineString", "coordinates": [ [ [ 75.855314643056374, 26.911055545177305 ], [ 75.855584137497999, 26.91132503961893 ], [ 75.855584137497999, 26.911594534060555 ], [ 75.855314643056374, 26.91186402850218 ], [ 75.855314643056374, 26.912133523843124 ], [ 75.855045148614749, 26.912403018284692 ], [ 75.855045148614749, 26.912672512726317 ], [ 75.855045148614749, 26.912942007167942 ], [ 75.855045148614749, 26.913211501609567 ], [ 75.855314643056374, 26.913480996051192 ], [ 75.855314643056374, 26.913750491392136 ], [ 75.855314643056374, 26.914289480275329 ], [ 75.855314643056374, 26.914558974716954 ], [ 75.855584137497999, 26.914828469158579 ], [ 75.855584137497999, 26.915367458941148 ], [ 75.855584137497999, 26.915636953382716 ], [ 75.855853631939624, 26.915906447824341 ], [ 75.855853631939624, 26.916175942265966 ], [ 75.855853631939624, 26.91644543670759 ], [ 75.856123126381249, 26.916714931149215 ], [ 75.856123126381249, 26.91698442649016 ], [ 75.856215148610261, 26.917076447819852 ] ], [ [ 75.859254492900561, 26.91681749972787 ], [ 75.859357061479272, 26.916714931149215 ], [ 75.859928858530054, 26.916714931149215 ] ], [ [ 75.860208730248758, 26.916671746603868 ], [ 75.860435040145035, 26.91644543670759 ], [ 75.86070453458666, 26.91644543670759 ], [ 75.861513017911477, 26.91644543670759 ], [ 75.861635108073813, 26.916567525970606 ] ] ] } },
{ "type": "Feature", "properties": { "OBJECTID": 477.0, "LAYER": "Stream", "STREAM_ID": 4792, "IN_FLOW": 1617.0, "OUT_FLOW": 1861.0, "DRAIN_AREA": "1.493 sq km", "STRAHLER": 2, "Shape_Leng": 0.0059075545401900001 }, "geometry": { "type": "MultiLineString", "coordinates": [ [ [ 75.863626746677085, 26.916714931149215 ], [ 75.864477458567933, 26.916714931149215 ], [ 75.864746953009558, 26.91644543670759 ], [ 75.865016447451126, 26.91644543670759 ], [ 75.86528594279207, 26.91644543670759 ], [ 75.865555437233695, 26.916714931149215 ], [ 75.86582493167532, 26.916714931149215 ], [ 75.866633415000138, 26.916714931149215 ], [ 75.866902910341082, 26.91698442649016 ], [ 75.867441899224332, 26.91698442649016 ], [ 75.867711393665957, 26.917253920931785 ], [ 75.867980888107581, 26.91698442649016 ], [ 75.868250382549149, 26.91698442649016 ], [ 75.868519877890094, 26.91698442649016 ], [ 75.86884251776803, 26.917307066368096 ] ] ] } },
{ "type": "Feature", "properties": { "OBJECTID": 478.0, "LAYER": "Stream", "STREAM_ID": 4796, "IN_FLOW": 1382.0, "OUT_FLOW": 1771.0, "DRAIN_AREA": "1.421 sq km", "STRAHLER": 2, "Shape_Leng": 0.0078536481731299995 }, "geometry": { "type": "MultiLineString", "coordinates": [ [ [ 75.72757420938234, 26.917253920931785 ], [ 75.727304714940715, 26.91698442649016 ], [ 75.72703522049909, 26.91698442649016 ], [ 75.726496230716521, 26.91644543670759 ], [ 75.726496230716521, 26.914828469158579 ], [ 75.725957241833328, 26.914289480275329 ], [ 75.725957241833328, 26.914019985833704 ], [ 75.725957241833328, 26.913480996051192 ], [ 75.725687747391703, 26.913211501609567 ], [ 75.725687747391703, 26.91186402850218 ], [ 75.726765726057465, 26.91078605073568 ] ] ] } },
{ "type": "Feature", "properties": { "OBJECTID": 479.0, "LAYER": "Stream", "STREAM_ID": 4797, "IN_FLOW": 987.0, "OUT_FLOW": 1977.0, "DRAIN_AREA": "1.587 sq km", "STRAHLER": 2, "Shape_Leng": 0.019387744455000001 }, "geometry": { "type": "MultiLineString", "coordinates": [ [ [ 75.787671502238084, 26.917253920931785 ], [ 75.787671502238084, 26.916714931149215 ], [ 75.787671502238084, 26.916175942265966 ], [ 75.787402006897139, 26.915906447824341 ], [ 75.787402006897139, 26.914828469158579 ], [ 75.787402006897139, 26.914289480275329 ], [ 75.787671502238084, 26.914019985833704 ], [ 75.787671502238084, 26.913480996051192 ], [ 75.786593523572321, 26.912403018284692 ], [ 75.786593523572321, 26.912133523843124 ], [ 75.786324029130697, 26.91186402850218 ], [ 75.786324029130697, 26.91078605073568 ], [ 75.786054534689072, 26.910516556294112 ], [ 75.785515544906502, 26.910516556294112 ], [ 75.78497655602331, 26.911055545177305 ], [ 75.784707061581685, 26.911055545177305 ], [ 75.78443756714006, 26.91132503961893 ], [ 75.784168072698435, 26.91132503961893 ], [ 75.78389857735749, 26.911594534060555 ], [ 75.782820599591048, 26.911594534060555 ], [ 75.782551105149423, 26.91186402850218 ], [ 75.782281609808479, 26.91186402850218 ], [ 75.782012115366911, 26.911594534060555 ], [ 75.782012115366911, 26.91132503961893 ], [ 75.781742620925286, 26.911055545177305 ], [ 75.781473126483661, 26.91078605073568 ], [ 75.781203632042036, 26.910516556294112 ], [ 75.779047675609775, 26.910516556294112 ], [ 75.778778180268887, 26.910516556294112 ], [ 75.777430708060763, 26.909169083186669 ], [ 75.77689171827825, 26.909169083186669 ], [ 75.776352729395001, 26.908630094303476 ] ] ] } },
{ "type": "Feature", "properties": { "OBJECTID": 480.0, "LAYER": "Stream", "STREAM_ID": 4806, "IN_FLOW": 360.0, "OUT_FLOW": 436.0, "DRAIN_AREA": "0.3499 sq km", "STRAHLER": 1, "Shape_Leng": 0.0033647161035299999 }, "geometry": { "type": "MultiLineString", "coordinates": [ [ [ 75.760452549245827, 26.91644543670759 ], [ 75.759644065021632, 26.915636953382716 ], [ 75.75856608635587, 26.915636953382716 ], [ 75.758296591914245, 26.915367458941148 ], [ 75.75802709747262, 26.915097963600203 ], [ 75.757757603030996, 26.914828469158579 ] ] ] } },
{ "type": "Feature", "properties": { "OBJECTID": 481.0, "LAYER": "Stream", "STREAM_ID": 4807, "IN_FLOW": 202.0, "OUT_FLOW": 672.0, "DRAIN_AREA": "0.539 sq km", "STRAHLER": 1, "Shape_Leng": 0.011553249034799999 }, "geometry": { "type": "MultiLineString", "coordinates": [ [ [ 75.82351428185865, 26.915906447824341 ], [ 75.823244787417082, 26.916175942265966 ], [ 75.822975292975457, 26.91644543670759 ], [ 75.822705797634512, 26.91644543670759 ], [ 75.822436303192887, 26.916175942265966 ], [ 75.822166808751263, 26.916175942265966 ], [ 75.821897314309638, 26.916175942265966 ], [ 75.82162781986807, 26.916175942265966 ], [ 75.821358325426445, 26.916175942265966 ], [ 75.8210888300855, 26.916175942265966 ], [ 75.820280346760626, 26.915367458941148 ], [ 75.818932873653239, 26.914019985833704 ], [ 75.818663379211614, 26.914019985833704 ], [ 75.818124390328421, 26.914558974716954 ], [ 75.817854895886796, 26.914558974716954 ], [ 75.817046411662602, 26.915367458941148 ], [ 75.815698938555215, 26.915367458941148 ], [ 75.815159949672022, 26.914828469158579 ], [ 75.814351465447828, 26.914828469158579 ], [ 75.814081971006203, 26.915097963600203 ] ] ] } },
{ "type": "Feature", "properties": { "OBJECTID": 482.0, "LAYER": "Stream", "STREAM_ID": 4813, "IN_FLOW": 200.0, "OUT_FLOW": 280.0, "DRAIN_AREA": "0.2247 sq km", "STRAHLER": 1, "Shape_Leng": 0.0041731991650200001 }, "geometry": { "type": "MultiLineString", "coordinates": [ [ [ 75.778508685827262, 26.916175942265966 ], [ 75.777969696944012, 26.916175942265966 ], [ 75.777700202502388, 26.915906447824341 ], [ 75.777700202502388, 26.915636953382716 ], [ 75.777161212719875, 26.915097963600203 ], [ 75.777161212719875, 26.914828469158579 ], [ 75.77689171827825, 26.914558974716954 ], [ 75.776622223836625, 26.914289480275329 ], [ 75.775813740511751, 26.914289480275329 ], [ 75.775544245170806, 26.914019985833704 ] ] ] } },
{ "type": "Feature", "properties": { "OBJECTID": 483.0, "LAYER": "Stream", "STREAM_ID": 4814, "IN_FLOW": 9504.0, "OUT_FLOW": 9680.0, "DRAIN_AREA": "7.768 sq km", "STRAHLER": 3, "Shape_Leng": 0.0046659503753600003 }, "geometry": { "type": "MultiLineString", "coordinates": [ [ [ 75.812734497898816, 26.916175942265966 ], [ 75.812465003457191, 26.915906447824341 ], [ 75.812465003457191, 26.915636953382716 ], [ 75.812195509015567, 26.915367458941148 ], [ 75.811117531249124, 26.914289480275329 ], [ 75.81030904702493, 26.914289480275329 ], [ 75.810039552583362, 26.914019985833704 ], [ 75.810039552583362, 26.913750491392136 ], [ 75.809770058141737, 26.913480996051192 ], [ 75.809770058141737, 26.913211501609567 ] ] ] } },
{ "type": "Feature", "properties": { "OBJECTID": 484.0, "LAYER": "Stream", "STREAM_ID": 4815, "IN_FLOW": 264.0, "OUT_FLOW": 404.0, "DRAIN_AREA": "0.3242 sq km", "STRAHLER": 1, "Shape_Leng": 0.00502792185211 }, "geometry": { "type": "MultiLineString", "coordinates": [ [ [ 75.848577278418702, 26.915097963600203 ], [ 75.848307783977077, 26.915097963600203 ], [ 75.848038288636189, 26.915097963600203 ], [ 75.847768794194565, 26.915097963600203 ], [ 75.84749929975294, 26.915097963600203 ], [ 75.847229805311315, 26.915097963600203 ], [ 75.84696031086969, 26.915097963600203 ], [ 75.846421321087178, 26.915097963600203 ], [ 75.845612837762303, 26.915906447824341 ], [ 75.845343343320678, 26.915906447824341 ], [ 75.845073848879053, 26.916175942265966 ], [ 75.844804353538166, 26.916175942265966 ], [ 75.844534859096541, 26.916175942265966 ], [ 75.844265364654916, 26.916175942265966 ], [ 75.843995870213291, 26.916175942265966 ] ] ] } },
{ "type": "Feature", "properties": { "OBJECTID": 485.0, "LAYER": "Stream", "STREAM_ID": 4824, "IN_FLOW": 284.0, "OUT_FLOW": 892.0, "DRAIN_AREA": "0.716 sq km", "STRAHLER": 1, "Shape_Leng": 0.011487857555600001 }, "geometry": { "type": "MultiLineString", "coordinates": [ [ [ 75.702511212822287, 26.915906447824341 ], [ 75.701702729497413, 26.915097963600203 ], [ 75.701702729497413, 26.914558974716954 ], [ 75.701972223939038, 26.914289480275329 ], [ 75.701972223939038, 26.913750491392136 ], [ 75.700894245273275, 26.912672512726317 ], [ 75.699546772165831, 26.912672512726317 ], [ 75.698468794399389, 26.913750491392136 ], [ 75.696582332408752, 26.913750491392136 ], [ 75.69604334262624, 26.914289480275329 ], [ 75.695773848184615, 26.914289480275329 ], [ 75.69550435374299, 26.914558974716954 ], [ 75.694695870418116, 26.914558974716954 ], [ 75.694426375077228, 26.914828469158579 ] ] ] } },
{ "type": "Feature", "properties": { "OBJECTID": 486.0, "LAYER": "Stream", "STREAM_ID": 4825, "IN_FLOW": 8971.0, "OUT_FLOW": 8989.0, "DRAIN_AREA": "7.213 sq km", "STRAHLER": 3, "Shape_Leng": 0.0017939864907 }, "geometry": { "type": "MultiLineString", "coordinates": [ [ [ 75.814081971006203, 26.915097963600203 ], [ 75.81354298212301, 26.915636953382716 ], [ 75.813273487681386, 26.915636953382716 ], [ 75.812734497898816, 26.916175942265966 ] ] ] } },
{ "type": "Feature", "properties": { "OBJECTID": 487.0, "LAYER": "Stream", "STREAM_ID": 4826, "IN_FLOW": 207.0, "OUT_FLOW": 732.0, "DRAIN_AREA": "0.587 sq km", "STRAHLER": 1, "Shape_Leng": 0.010837241473199999 }, "geometry": { "type": "MultiLineString", "coordinates": [ [ [ 75.850733234850964, 26.909708072069918 ], [ 75.850463740409339, 26.909977566511543 ], [ 75.850194245967714, 26.909977566511543 ], [ 75.849924751526146, 26.910247061852488 ], [ 75.849655256185201, 26.910247061852488 ], [ 75.849385761743576, 26.910247061852488 ], [ 75.849116267301952, 26.910247061852488 ], [ 75.848577278418702, 26.91078605073568 ], [ 75.848038288636189, 26.91078605073568 ], [ 75.84696031086969, 26.91186402850218 ], [ 75.84696031086969, 26.912133523843124 ], [ 75.846690816428065, 26.912403018284692 ], [ 75.846151826645553, 26.912403018284692 ], [ 75.845882332203928, 26.912672512726317 ], [ 75.845612837762303, 26.912672512726317 ], [ 75.845073848879053, 26.913211501609567 ], [ 75.844804353538166, 26.913211501609567 ], [ 75.844265364654916, 26.913750491392136 ], [ 75.844265364654916, 26.914019985833704 ], [ 75.843995870213291, 26.914289480275329 ], [ 75.843995870213291, 26.915097963600203 ], [ 75.843995870213291, 26.915636953382716 ], [ 75.843995870213291, 26.916175942265966 ] ] ] } },
{ "type": "Feature", "properties": { "OBJECTID": 488.0, "LAYER": "Stream", "STREAM_ID": 4835, "IN_FLOW": 211.0, "OUT_FLOW": 227.0, "DRAIN_AREA": "0.1822 sq km", "STRAHLER": 1, "Shape_Leng": 0.00141286379639 }, "geometry": { "type": "MultiLineString", "coordinates": [ [ [ 75.709518071901527, 26.915636953382716 ], [ 75.709518071901527, 26.915367458941148 ], [ 75.710057061684097, 26.914828469158579 ], [ 75.710326556125722, 26.914558974716954 ] ] ] } },
{ "type": "Feature", "properties": { "OBJECTID": 489.0, "LAYER": "Stream", "STREAM_ID": 4836, "IN_FLOW": 265.0, "OUT_FLOW": 272.0, "DRAIN_AREA": "0.2183 sq km", "STRAHLER": 1, "Shape_Leng": 0.0010317411020700001 }, "geometry": { "type": "MultiLineString", "coordinates": [ [ [ 75.752367711500767, 26.915636953382716 ], [ 75.751828721718198, 26.915097963600203 ], [ 75.751828721718198, 26.914828469158579 ] ] ] } },
{ "type": "Feature", "properties": { "OBJECTID": 490.0, "LAYER": "Stream", "STREAM_ID": 4855, "IN_FLOW": 40437.0, "OUT_FLOW": 40579.0, "DRAIN_AREA": "32.564 sq km", "STRAHLER": 4, "Shape_Leng": 0.0051857874051500002 }, "geometry": { "type": "MultiLineString", "coordinates": [ [ [ 75.694426375077228, 26.914828469158579 ], [ 75.694156880635603, 26.914828469158579 ], [ 75.692809407528216, 26.914828469158579 ], [ 75.692000924203342, 26.914019985833704 ], [ 75.689575472430192, 26.914019985833704 ] ] ] } },
{ "type": "Feature", "properties": { "OBJECTID": 491.0, "LAYER": "Stream", "STREAM_ID": 4856, "IN_FLOW": 1276.0, "OUT_FLOW": 1299.0, "DRAIN_AREA": "1.042 sq km", "STRAHLER": 2, "Shape_Leng": 0.0015707287134800001 }, "geometry": { "type": "MultiLineString", "coordinates": [ [ [ 75.751828721718198, 26.914828469158579 ], [ 75.751828721718198, 26.914558974716954 ], [ 75.751559227276573, 26.914289480275329 ], [ 75.751289732834948, 26.914289480275329 ], [ 75.751020238393323, 26.914019985833704 ], [ 75.751020238393323, 26.913750491392136 ] ] ] } },
{ "type": "Feature", "properties": { "OBJECTID": 492.0, "LAYER": "Stream", "STREAM_ID": 4857, "IN_FLOW": 30895.0, "OUT_FLOW": 31009.0, "DRAIN_AREA": "24.884 sq km", "STRAHLER": 4, "Shape_Leng": 0.00291820155742 }, "geometry": { "type": "MultiLineString", "coordinates": [ [ [ 75.757757603030996, 26.914828469158579 ], [ 75.757488108589371, 26.914558974716954 ], [ 75.757488108589371, 26.913750491392136 ], [ 75.757218614147803, 26.913480996051192 ], [ 75.757218614147803, 26.912672512726317 ], [ 75.757218614147803, 26.912403018284692 ], [ 75.757218614147803, 26.912133523843124 ] ] ] } },
{ "type": "Feature", "properties": { "OBJECTID": 493.0, "LAYER": "Stream", "STREAM_ID": 4858, "IN_FLOW": 8096.0, "OUT_FLOW": 8277.0, "DRAIN_AREA": "6.642 sq km", "STRAHLER": 3, "Shape_Leng": 0.0055860625888400003 }, "geometry": { "type": "MultiLineString", "coordinates": [ [ [ 75.817315906104227, 26.91132503961893 ], [ 75.81542944411359, 26.913211501609567 ], [ 75.814890455230397, 26.913211501609567 ], [ 75.814620960788773, 26.913480996051192 ], [ 75.814351465447828, 26.913480996051192 ], [ 75.814081971006203, 26.913750491392136 ], [ 75.814081971006203, 26.915097963600203 ] ] ] } },
{ "type": "Feature", "properties": { "OBJECTID": 494.0, "LAYER": "Stream", "STREAM_ID": 4859, "IN_FLOW": 248.0, "OUT_FLOW": 302.0, "DRAIN_AREA": "0.2423 sq km", "STRAHLER": 1, "Shape_Leng": 0.0029835921374099998 }, "geometry": { "type": "MultiLineString", "coordinates": [ [ [ 75.831060129821196, 26.914828469158579 ], [ 75.830521140937947, 26.914289480275329 ], [ 75.830790635379572, 26.914019985833704 ], [ 75.830790635379572, 26.912942007167942 ], [ 75.830251646496322, 26.912403018284692 ] ] ] } },
{ "type": "Feature", "properties": { "OBJECTID": 495.0, "LAYER": "Stream", "STREAM_ID": 4863, "IN_FLOW": 2097.0, "OUT_FLOW": 2157.0, "DRAIN_AREA": "1.731 sq km", "STRAHLER": 2, "Shape_Leng": 0.0027140980682700002 }, "geometry": { "type": "MultiLineString", "coordinates": [ [ [ 75.710326556125722, 26.914558974716954 ], [ 75.709787566343152, 26.914019985833704 ], [ 75.709518071901527, 26.914019985833704 ], [ 75.708979083018335, 26.913480996051192 ], [ 75.708440094135085, 26.913480996051192 ], [ 75.70817059969346, 26.913211501609567 ] ] ] } },
{ "type": "Feature", "properties": { "OBJECTID": 496.0, "LAYER": "Stream", "STREAM_ID": 4864, "IN_FLOW": 233.0, "OUT_FLOW": 455.0, "DRAIN_AREA": "0.3651 sq km", "STRAHLER": 1, "Shape_Leng": 0.0091086448812900001 }, "geometry": { "type": "MultiLineString", "coordinates": [ [ [ 75.723262295618497, 26.914558974716954 ], [ 75.723262295618497, 26.914019985833704 ], [ 75.723262295618497, 26.913480996051192 ], [ 75.723262295618497, 26.912942007167942 ], [ 75.723262295618497, 26.912403018284692 ], [ 75.723531790959441, 26.912133523843124 ], [ 75.723531790959441, 26.911594534060555 ], [ 75.724609768725884, 26.910516556294112 ], [ 75.724340274284316, 26.910247061852488 ], [ 75.723801285401066, 26.910247061852488 ], [ 75.722992801176872, 26.909438577628293 ], [ 75.722723306735247, 26.909438577628293 ], [ 75.721645328968805, 26.908360598962531 ], [ 75.721645328968805, 26.908091104520906 ], [ 75.72137583362786, 26.907821610079282 ] ] ] } },
{ "type": "Feature", "properties": { "OBJECTID": 497.0, "LAYER": "Stream", "STREAM_ID": 4868, "IN_FLOW": 202.0, "OUT_FLOW": 209.0, "DRAIN_AREA": "0.1677 sq km", "STRAHLER": 1, "Shape_Leng": 0.00076224538858000004 }, "geometry": { "type": "MultiLineString", "coordinates": [ [ [ 75.750481249510131, 26.914289480275329 ], [ 75.750750743951755, 26.914019985833704 ], [ 75.751020238393323, 26.913750491392136 ] ] ] } },
{ "type": "Feature", "properties": { "OBJECTID": 498.0, "LAYER": "Stream", "STREAM_ID": 4869, "IN_FLOW": 202.0, "OUT_FLOW": 1021.0, "DRAIN_AREA": "0.819 sq km", "STRAHLER": 1, "Shape_Leng": 0.013728359491599999 }, "geometry": { "type": "MultiLineString", "coordinates": [ [ [ 75.871753812088798, 26.914289480275329 ], [ 75.872562296312992, 26.913480996051192 ], [ 75.873101285196185, 26.913480996051192 ], [ 75.87337077963781, 26.913211501609567 ], [ 75.873640274978754, 26.912942007167942 ], [ 75.873909769420379, 26.912672512726317 ], [ 75.873640274978754, 26.912403018284692 ], [ 75.873640274978754, 26.912133523843124 ], [ 75.873640274978754, 26.91186402850218 ], [ 75.873640274978754, 26.911594534060555 ], [ 75.873640274978754, 26.91132503961893 ], [ 75.87337077963781, 26.911055545177305 ], [ 75.873640274978754, 26.91078605073568 ], [ 75.873640274978754, 26.910516556294112 ], [ 75.873640274978754, 26.909977566511543 ], [ 75.87337077963781, 26.909708072069918 ], [ 75.87337077963781, 26.909438577628293 ], [ 75.87337077963781, 26.909169083186669 ], [ 75.873101285196185, 26.908899588745101 ], [ 75.873640274978754, 26.908360598962531 ], [ 75.873909769420379, 26.908360598962531 ], [ 75.874448758303629, 26.907821610079282 ], [ 75.874718252745197, 26.907821610079282 ], [ 75.874987747186822, 26.907552115637657 ], [ 75.875257242527766, 26.907552115637657 ], [ 75.876065725852641, 26.906743631413519 ], [ 75.876065725852641, 26.906474136971894 ], [ 75.876604714735834, 26.905935148088645 ], [ 75.876335220294266, 26.905665653647077 ], [ 75.876604714735834, 26.905396159205452 ], [ 75.877143704518403, 26.905396159205452 ], [ 75.877413198960028, 26.905126664763827 ] ] ] } },
{ "type": "Feature", "properties": { "OBJECTID": 499.0, "LAYER": "Stream", "STREAM_ID": 4871, "IN_FLOW": 42669.0, "OUT_FLOW": 42669.0, "DRAIN_AREA": "34.241 sq km", "STRAHLER": 4, "Shape_Leng": 0.00038112269429000002 }, "geometry": { "type": "MultiLineString", "coordinates": [ [ [ 75.689575472430192, 26.914019985833704 ], [ 75.689305977988568, 26.913750491392136 ] ] ] } },
{ "type": "Feature", "properties": { "OBJECTID": 500.0, "LAYER": "Stream", "STREAM_ID": 4872, "IN_FLOW": 2452.0, "OUT_FLOW": 2943.0, "DRAIN_AREA": "2.362 sq km", "STRAHLER": 2, "Shape_Leng": 0.0110413446989 }, "geometry": { "type": "MultiLineString", "coordinates": [ [ [ 75.775544245170806, 26.914019985833704 ], [ 75.775274750729238, 26.913750491392136 ], [ 75.774735761845989, 26.913211501609567 ], [ 75.774735761845989, 26.912672512726317 ], [ 75.774466267404364, 26.912403018284692 ], [ 75.774466267404364, 26.91186402850218 ], [ 75.774466267404364, 26.911594534060555 ], [ 75.774196772962739, 26.91132503961893 ], [ 75.773118794296977, 26.91132503961893 ], [ 75.772849299855352, 26.91132503961893 ], [ 75.772579805413727, 26.911055545177305 ], [ 75.769615364757328, 26.911055545177305 ], [ 75.768806880533191, 26.910247061852488 ], [ 75.768806880533191, 26.909708072069918 ], [ 75.768267891649941, 26.909169083186669 ], [ 75.768267891649941, 26.908899588745101 ], [ 75.767998397208316, 26.908630094303476 ] ] ] } },
{ "type": "Feature", "properties": { "OBJECTID": 501.0, "LAYER": "Stream", "STREAM_ID": 4873, "IN_FLOW": 203.0, "OUT_FLOW": 547.0, "DRAIN_AREA": "0.439 sq km", "STRAHLER": 1, "Shape_Leng": 0.0081693805509299999 }, "geometry": { "type": "MultiLineString", "coordinates": [ [ [ 75.826478722515105, 26.914019985833704 ], [ 75.824861754966093, 26.914019985833704 ], [ 75.824053270741899, 26.913211501609567 ], [ 75.824053270741899, 26.912672512726317 ], [ 75.82351428185865, 26.912133523843124 ], [ 75.822166808751263, 26.912133523843124 ], [ 75.820549841202251, 26.912133523843124 ], [ 75.819741357877433, 26.91132503961893 ] ] ] } },
{ "type": "Feature", "properties": { "OBJECTID": 502.0, "LAYER": "Stream", "STREAM_ID": 4878, "IN_FLOW": 43176.0, "OUT_FLOW": 43234.0, "DRAIN_AREA": "34.694 sq km", "STRAHLER": 4, "Shape_Leng": 0.00014797464052400001 }, "geometry": { "type": "MultiLineString", "coordinates": [ [ [ 75.689305977988568, 26.913750491392136 ], [ 75.68920134456647, 26.913645857070719 ] ] ] } },
{ "type": "Feature", "properties": { "OBJECTID": 503.0, "LAYER": "Stream", "STREAM_ID": 4879, "IN_FLOW": 1515.0, "OUT_FLOW": 1762.0, "DRAIN_AREA": "1.414 sq km", "STRAHLER": 2, "Shape_Leng": 0.0066178033184000002 }, "geometry": { "type": "MultiLineString", "coordinates": [ [ [ 75.751020238393323, 26.913750491392136 ], [ 75.751559227276573, 26.913211501609567 ], [ 75.752098217059142, 26.913211501609567 ], [ 75.753176194825585, 26.912133523843124 ], [ 75.753715184608154, 26.912133523843124 ], [ 75.754254173491347, 26.912672512726317 ], [ 75.754523667932972, 26.912672512726317 ], [ 75.754793162374597, 26.912672512726317 ], [ 75.755062656816222, 26.912403018284692 ], [ 75.755332151257846, 26.912403018284692 ], [ 75.755871141040359, 26.91186402850218 ], [ 75.756410129923609, 26.91186402850218 ] ] ] } },
{ "type": "Feature", "properties": { "OBJECTID": 504.0, "LAYER": "Stream", "STREAM_ID": 4886, "IN_FLOW": 202.0, "OUT_FLOW": 646.0, "DRAIN_AREA": "0.518 sq km", "STRAHLER": 1, "Shape_Leng": 0.0125195975401 }, "geometry": { "type": "MultiLineString", "coordinates": [ [ [ 75.794947855759006, 26.913480996051192 ], [ 75.794678361317381, 26.913211501609567 ], [ 75.794678361317381, 26.912672512726317 ], [ 75.795486844642198, 26.91186402850218 ], [ 75.795486844642198, 26.91132503961893 ], [ 75.794408866875756, 26.910247061852488 ], [ 75.794408866875756, 26.909708072069918 ], [ 75.794408866875756, 26.909169083186669 ], [ 75.794408866875756, 26.908899588745101 ], [ 75.794408866875756, 26.907821610079282 ], [ 75.794947855759006, 26.907282621196089 ], [ 75.794947855759006, 26.906743631413519 ], [ 75.794947855759006, 26.906474136971894 ], [ 75.79521735020063, 26.90620464253027 ], [ 75.79521735020063, 26.905396159205452 ], [ 75.794947855759006, 26.905126664763827 ], [ 75.794947855759006, 26.904857169422883 ], [ 75.795486844642198, 26.904318180539633 ], [ 75.795756339083823, 26.904048686098008 ], [ 75.796025834424768, 26.904048686098008 ], [ 75.796834317749642, 26.903240201873871 ] ] ] } },
{ "type": "Feature", "properties": { "OBJECTID": 505.0, "LAYER": "Stream", "STREAM_ID": 4887, "IN_FLOW": 292.0, "OUT_FLOW": 512.0, "DRAIN_AREA": "0.4109 sq km", "STRAHLER": 1, "Shape_Leng": 0.0022761675937200002 }, "geometry": { "type": "MultiLineString", "coordinates": [ [ [ 75.894352593397514, 26.911094309554812 ], [ 75.894660852216589, 26.91078605073568 ], [ 75.894660852216589, 26.910247061852488 ], [ 75.895199841099839, 26.909708072069918 ], [ 75.895199841099839, 26.909438577628293 ], [ 75.895199841099839, 26.909169083186669 ] ] ] } },
{ "type": "Feature", "properties": { "OBJECTID": 506.0, "LAYER": "Stream", "STREAM_ID": 4896, "IN_FLOW": 2429.0, "OUT_FLOW": 3145.0, "DRAIN_AREA": "2.524 sq km", "STRAHLER": 2, "Shape_Leng": 0.018244375100300001 }, "geometry": { "type": "MultiLineString", "coordinates": [ [ [ 75.70817059969346, 26.913211501609567 ], [ 75.707901104352516, 26.913211501609567 ], [ 75.706823126586073, 26.912133523843124 ], [ 75.705745147920311, 26.911055545177305 ], [ 75.703858685929674, 26.911055545177305 ], [ 75.703589191488049, 26.911055545177305 ], [ 75.702780707263912, 26.911055545177305 ], [ 75.702241718380662, 26.910516556294112 ], [ 75.702241718380662, 26.909977566511543 ], [ 75.702241718380662, 26.909438577628293 ], [ 75.701972223939038, 26.909169083186669 ], [ 75.701972223939038, 26.908360598962531 ], [ 75.701702729497413, 26.908091104520906 ], [ 75.700355256390026, 26.906743631413519 ], [ 75.700355256390026, 26.905935148088645 ], [ 75.700624750831651, 26.905665653647077 ], [ 75.700624750831651, 26.904048686098008 ], [ 75.700894245273275, 26.90377919165644 ], [ 75.700894245273275, 26.902970707432246 ], [ 75.700355256390026, 26.902431718548996 ], [ 75.698468794399389, 26.902431718548996 ] ] ] } },
{ "type": "Feature", "properties": { "OBJECTID": 507.0, "LAYER": "Stream", "STREAM_ID": 4897, "IN_FLOW": 227.0, "OUT_FLOW": 455.0, "DRAIN_AREA": "0.3651 sq km", "STRAHLER": 1, "Shape_Leng": 0.0063945464405199999 }, "geometry": { "type": "MultiLineString", "coordinates": [ [ [ 75.731886123146126, 26.912942007167942 ], [ 75.731347133363556, 26.912942007167942 ], [ 75.731077638921931, 26.913211501609567 ], [ 75.730808144480363, 26.913211501609567 ], [ 75.730269155597114, 26.912672512726317 ], [ 75.729999660256169, 26.912672512726317 ], [ 75.729730165814544, 26.912403018284692 ], [ 75.728652188048102, 26.912403018284692 ], [ 75.728113198265532, 26.912403018284692 ], [ 75.72703522049909, 26.91132503961893 ], [ 75.72703522049909, 26.911055545177305 ], [ 75.726765726057465, 26.91078605073568 ] ] ] } },
{ "type": "Feature", "properties": { "OBJECTID": 508.0, "LAYER": "Stream", "STREAM_ID": 4898, "IN_FLOW": 11009.0, "OUT_FLOW": 11021.0, "DRAIN_AREA": "8.844 sq km", "STRAHLER": 3, "Shape_Leng": 0.00114336871891 }, "geometry": { "type": "MultiLineString", "coordinates": [ [ [ 75.809770058141737, 26.913211501609567 ], [ 75.808961573917543, 26.912403018284692 ] ] ] } },
{ "type": "Feature", "properties": { "OBJECTID": 509.0, "LAYER": "Stream", "STREAM_ID": 4905, "IN_FLOW": 201.0, "OUT_FLOW": 269.0, "DRAIN_AREA": "0.2159 sq km", "STRAHLER": 1, "Shape_Leng": 0.0026487073793 }, "geometry": { "type": "MultiLineString", "coordinates": [ [ [ 75.710596050567347, 26.912672512726317 ], [ 75.709518071901527, 26.912672512726317 ], [ 75.70924857745996, 26.912672512726317 ], [ 75.708979083018335, 26.912942007167942 ], [ 75.708440094135085, 26.912942007167942 ], [ 75.70817059969346, 26.913211501609567 ] ] ] } },
{ "type": "Feature", "properties": { "OBJECTID": 510.0, "LAYER": "Stream", "STREAM_ID": 4919, "IN_FLOW": 11370.0, "OUT_FLOW": 11683.0, "DRAIN_AREA": "9.375 sq km", "STRAHLER": 3, "Shape_Leng": 0.00774201939355 }, "geometry": { "type": "MultiLineString", "coordinates": [ [ [ 75.808961573917543, 26.912403018284692 ], [ 75.80842258503435, 26.91186402850218 ], [ 75.808153090592725, 26.91186402850218 ], [ 75.807614100810156, 26.91132503961893 ], [ 75.806266628602089, 26.91132503961893 ], [ 75.805997133261144, 26.911594534060555 ], [ 75.805727638819519, 26.91186402850218 ], [ 75.805188649936326, 26.912403018284692 ], [ 75.804380166611452, 26.912403018284692 ], [ 75.804110671270507, 26.912133523843124 ], [ 75.802224209279871, 26.912133523843124 ] ] ] } },
{ "type": "Feature", "properties": { "OBJECTID": 511.0, "LAYER": "Stream", "STREAM_ID": 4920, "IN_FLOW": 306.0, "OUT_FLOW": 329.0, "DRAIN_AREA": "0.264 sq km", "STRAHLER": 1, "Shape_Leng": 0.0016823582379699999 }, "geometry": { "type": "MultiLineString", "coordinates": [ [ [ 75.81030904702493, 26.911594534060555 ], [ 75.810039552583362, 26.911594534060555 ], [ 75.809231068359168, 26.912403018284692 ], [ 75.808961573917543, 26.912403018284692 ] ] ] } },
{ "type": "Feature", "properties": { "OBJECTID": 512.0, "LAYER": "Stream", "STREAM_ID": 4921, "IN_FLOW": 1764.0, "OUT_FLOW": 2232.0, "DRAIN_AREA": "1.791 sq km", "STRAHLER": 2, "Shape_Leng": 0.012519598285 }, "geometry": { "type": "MultiLineString", "coordinates": [ [ [ 75.830251646496322, 26.912403018284692 ], [ 75.829982152054754, 26.912403018284692 ], [ 75.828904173388935, 26.91132503961893 ], [ 75.82863467894731, 26.91132503961893 ], [ 75.828095690064117, 26.91132503961893 ], [ 75.827556700281548, 26.91132503961893 ], [ 75.827017711398298, 26.91078605073568 ], [ 75.826478722515105, 26.91078605073568 ], [ 75.825939732732536, 26.910247061852488 ], [ 75.825400743849286, 26.910247061852488 ], [ 75.825131249407718, 26.909977566511543 ], [ 75.824861754966093, 26.909977566511543 ], [ 75.824592260524469, 26.909708072069918 ], [ 75.824322765183524, 26.909708072069918 ], [ 75.824053270741899, 26.909977566511543 ], [ 75.823783776300274, 26.909977566511543 ], [ 75.823244787417082, 26.910516556294112 ], [ 75.822975292975457, 26.910516556294112 ], [ 75.822705797634512, 26.910516556294112 ], [ 75.822436303192887, 26.91078605073568 ], [ 75.821897314309638, 26.91078605073568 ], [ 75.82162781986807, 26.910516556294112 ], [ 75.8210888300855, 26.911055545177305 ], [ 75.820010852319058, 26.911055545177305 ], [ 75.819741357877433, 26.91132503961893 ] ] ] } },
{ "type": "Feature", "properties": { "OBJECTID": 513.0, "LAYER": "Stream", "STREAM_ID": 4922, "IN_FLOW": 1386.0, "OUT_FLOW": 1459.0, "DRAIN_AREA": "1.171 sq km", "STRAHLER": 2, "Shape_Leng": 0.0030952207626000002 }, "geometry": { "type": "MultiLineString", "coordinates": [ [ [ 75.832677097370208, 26.91078605073568 ], [ 75.832138108486959, 26.91078605073568 ], [ 75.831868614045334, 26.911055545177305 ], [ 75.831599119603766, 26.91132503961893 ], [ 75.831329625162141, 26.911594534060555 ], [ 75.830521140937947, 26.912403018284692 ], [ 75.830251646496322, 26.912403018284692 ] ] ] } },
{ "type": "Feature", "properties": { "OBJECTID": 514.0, "LAYER": "Stream", "STREAM_ID": 4923, "IN_FLOW": 1333.0, "OUT_FLOW": 1740.0, "DRAIN_AREA": "1.396 sq km", "STRAHLER": 2, "Shape_Leng": 0.0060489554655399997 }, "geometry": { "type": "MultiLineString", "coordinates": [ [ [ 75.890212185743849, 26.911192298785636 ], [ 75.890887928235372, 26.910516556294112 ], [ 75.891157422676997, 26.910516556294112 ], [ 75.891965906001815, 26.909708072069918 ], [ 75.892774390226009, 26.909708072069918 ], [ 75.893313379109202, 26.909708072069918 ], [ 75.893582873550827, 26.909977566511543 ], [ 75.894121863333396, 26.909977566511543 ], [ 75.894660852216589, 26.909438577628293 ], [ 75.894930346658214, 26.909438577628293 ], [ 75.895199841099839, 26.909169083186669 ] ] ] } },
{ "type": "Feature", "properties": { "OBJECTID": 515.0, "LAYER": "Stream", "STREAM_ID": 4928, "IN_FLOW": 1974.0, "OUT_FLOW": 1983.0, "DRAIN_AREA": "1.591 sq km", "STRAHLER": 2, "Shape_Leng": 0.00092011311281500004 }, "geometry": { "type": "MultiLineString", "coordinates": [ [ [ 75.756410129923609, 26.91186402850218 ], [ 75.756679624365233, 26.912133523843124 ], [ 75.756949118806858, 26.912133523843124 ], [ 75.757218614147803, 26.912133523843124 ] ] ] } },
{ "type": "Feature", "properties": { "OBJECTID": 516.0, "LAYER": "Stream", "STREAM_ID": 4929, "IN_FLOW": 32998.0, "OUT_FLOW": 33223.0, "DRAIN_AREA": "26.661 sq km", "STRAHLER": 4, "Shape_Leng": 0.00473134042845 }, "geometry": { "type": "MultiLineString", "coordinates": [ [ [ 75.757218614147803, 26.912133523843124 ], [ 75.757488108589371, 26.91186402850218 ], [ 75.759644065021632, 26.909708072069918 ], [ 75.759644065021632, 26.909438577628293 ], [ 75.759913559463257, 26.909169083186669 ], [ 75.759913559463257, 26.908899588745101 ], [ 75.760183053904882, 26.908630094303476 ] ] ] } },
{ "type": "Feature", "properties": { "OBJECTID": 517.0, "LAYER": "Stream", "STREAM_ID": 4930, "IN_FLOW": 15636.0, "OUT_FLOW": 15883.0, "DRAIN_AREA": "12.746 sq km", "STRAHLER": 3, "Shape_Leng": 0.0054281972992599997 }, "geometry": { "type": "MultiLineString", "coordinates": [ [ [ 75.802224209279871, 26.912133523843124 ], [ 75.801146231513428, 26.911055545177305 ], [ 75.800876736172484, 26.911055545177305 ], [ 75.799798758406041, 26.909977566511543 ], [ 75.799529263964416, 26.909708072069918 ], [ 75.799529263964416, 26.909438577628293 ], [ 75.799259768623472, 26.909169083186669 ], [ 75.799259768623472, 26.908630094303476 ], [ 75.799259768623472, 26.908091104520906 ] ] ] } },
{ "type": "Feature", "properties": { "OBJECTID": 518.0, "LAYER": "Stream", "STREAM_ID": 4931, "IN_FLOW": 225.0, "OUT_FLOW": 814.0, "DRAIN_AREA": "0.653 sq km", "STRAHLER": 1, "Shape_Leng": 0.0147409455607 }, "geometry": { "type": "MultiLineString", "coordinates": [ [ [ 75.843995870213291, 26.909438577628293 ], [ 75.843726375771666, 26.909438577628293 ], [ 75.843456881330042, 26.909708072069918 ], [ 75.842378902664279, 26.909708072069918 ], [ 75.842109408222655, 26.909438577628293 ], [ 75.84183991378103, 26.909438577628293 ], [ 75.841300923998517, 26.909438577628293 ], [ 75.841031429556892, 26.909438577628293 ], [ 75.840761935115268, 26.909438577628293 ], [ 75.840222946232018, 26.909977566511543 ], [ 75.840222946232018, 26.911055545177305 ], [ 75.83995345179045, 26.91132503961893 ], [ 75.839683956449505, 26.91132503961893 ], [ 75.839144967566256, 26.91078605073568 ], [ 75.838875473124631, 26.91078605073568 ], [ 75.837528000017244, 26.912133523843124 ], [ 75.837258505575619, 26.912133523843124 ], [ 75.836989011133994, 26.912133523843124 ], [ 75.836450022250801, 26.911594534060555 ], [ 75.835641538026607, 26.91078605073568 ], [ 75.835102549143357, 26.91132503961893 ], [ 75.83375507603597, 26.91132503961893 ], [ 75.833485581594346, 26.911055545177305 ], [ 75.832946591811833, 26.911055545177305 ], [ 75.832677097370208, 26.91078605073568 ] ] ] } },
{ "type": "Feature", "properties": { "OBJECTID": 519.0, "LAYER": "Stream", "STREAM_ID": 4932, "IN_FLOW": 216.0, "OUT_FLOW": 557.0, "DRAIN_AREA": "0.447 sq km", "STRAHLER": 1, "Shape_Leng": 0.0071029890597999997 }, "geometry": { "type": "MultiLineString", "coordinates": [ [ [ 75.882533596048688, 26.908899588745101 ], [ 75.883072584931881, 26.908899588745101 ], [ 75.883611573815131, 26.908899588745101 ], [ 75.8841505635977, 26.908899588745101 ], [ 75.884689552480893, 26.908899588745101 ], [ 75.884959046922518, 26.908630094303476 ], [ 75.885228541364143, 26.908630094303476 ], [ 75.886306520029905, 26.909708072069918 ], [ 75.88657601447153, 26.909708072069918 ], [ 75.886845508913154, 26.909977566511543 ], [ 75.886845508913154, 26.910247061852488 ], [ 75.886845508913154, 26.910516556294112 ], [ 75.88657601447153, 26.91078605073568 ], [ 75.887115004254099, 26.91132503961893 ], [ 75.887384498695724, 26.91132503961893 ], [ 75.887504320767846, 26.911444861691052 ] ] ] } },
{ "type": "Feature", "properties": { "OBJECTID": 520.0, "LAYER": "Stream", "STREAM_ID": 4936, "IN_FLOW": 232.0, "OUT_FLOW": 284.0, "DRAIN_AREA": "0.2279 sq km", "STRAHLER": 1, "Shape_Leng": 0.0011439582307500001 }, "geometry": { "type": "MultiLineString", "coordinates": [ [ [ 75.690114462212705, 26.911594534060555 ], [ 75.68984496777108, 26.91186402850218 ], [ 75.68908213223466, 26.91186402850218 ] ] ] } },
{ "type": "Feature", "properties": { "OBJECTID": 521.0, "LAYER": "Stream", "STREAM_ID": 4937, "IN_FLOW": 2785.0, "OUT_FLOW": 2826.0, "DRAIN_AREA": "2.268 sq km", "STRAHLER": 2, "Shape_Leng": 0.0028719642572300002 }, "geometry": { "type": "MultiLineString", "coordinates": [ [ [ 75.819741357877433, 26.91132503961893 ], [ 75.819202368094864, 26.91186402850218 ], [ 75.818663379211614, 26.91186402850218 ], [ 75.818393884770046, 26.911594534060555 ], [ 75.817854895886796, 26.911594534060555 ], [ 75.817585400545852, 26.91132503961893 ], [ 75.817315906104227, 26.91132503961893 ] ] ] } },
{ "type": "Feature", "properties": { "OBJECTID": 522.0, "LAYER": "Stream", "STREAM_ID": 4941, "IN_FLOW": 204.0, "OUT_FLOW": 207.0, "DRAIN_AREA": "0.1661 sq km", "STRAHLER": 1, "Shape_Leng": 0.00076224538865999995 }, "geometry": { "type": "MultiLineString", "coordinates": [ [ [ 75.755871141040359, 26.91132503961893 ], [ 75.756410129923609, 26.91186402850218 ] ] ] } },
{ "type": "Feature", "properties": { "OBJECTID": 523.0, "LAYER": "Stream", "STREAM_ID": 4944, "IN_FLOW": 5199.0, "OUT_FLOW": 5231.0, "DRAIN_AREA": "4.198 sq km", "STRAHLER": 3, "Shape_Leng": 0.0024908418262900001 }, "geometry": { "type": "MultiLineString", "coordinates": [ [ [ 75.818124390328421, 26.909169083186669 ], [ 75.817854895886796, 26.909438577628293 ], [ 75.817854895886796, 26.909708072069918 ], [ 75.817854895886796, 26.910247061852488 ], [ 75.817585400545852, 26.910516556294112 ], [ 75.817585400545852, 26.911055545177305 ], [ 75.817315906104227, 26.91132503961893 ] ] ] } },
{ "type": "Feature", "properties": { "OBJECTID": 524.0, "LAYER": "Stream", "STREAM_ID": 4945, "IN_FLOW": 220.0, "OUT_FLOW": 433.0, "DRAIN_AREA": "0.3475 sq km", "STRAHLER": 1, "Shape_Leng": 0.0050933119052100004 }, "geometry": { "type": "MultiLineString", "coordinates": [ [ [ 75.867441899224332, 26.911055545177305 ], [ 75.867441899224332, 26.91078605073568 ], [ 75.867441899224332, 26.910247061852488 ], [ 75.867172404782707, 26.909977566511543 ], [ 75.867172404782707, 26.909708072069918 ], [ 75.866902910341082, 26.909438577628293 ], [ 75.866633415000138, 26.909169083186669 ], [ 75.866633415000138, 26.908899588745101 ], [ 75.866633415000138, 26.908360598962531 ], [ 75.866094426116945, 26.907821610079282 ], [ 75.866094426116945, 26.907552115637657 ], [ 75.86582493167532, 26.907282621196089 ], [ 75.865555437233695, 26.907013126754464 ], [ 75.865555437233695, 26.906743631413519 ] ] ] } },
{ "type": "Feature", "properties": { "OBJECTID": 525.0, "LAYER": "Stream", "STREAM_ID": 4948, "IN_FLOW": 2231.0, "OUT_FLOW": 3574.0, "DRAIN_AREA": "2.868 sq km", "STRAHLER": 2, "Shape_Leng": 0.021377900205600001 }, "geometry": { "type": "MultiLineString", "coordinates": [ [ [ 75.726765726057465, 26.91078605073568 ], [ 75.72703522049909, 26.910516556294112 ], [ 75.727843703823908, 26.909708072069918 ], [ 75.727843703823908, 26.907552115637657 ], [ 75.726496230716521, 26.90620464253027 ], [ 75.726226736274896, 26.905935148088645 ], [ 75.725957241833328, 26.905665653647077 ], [ 75.725418252950078, 26.905665653647077 ], [ 75.723801285401066, 26.904048686098008 ], [ 75.722453812293679, 26.902701212990621 ], [ 75.722453812293679, 26.902431718548996 ], [ 75.722453812293679, 26.902162224107428 ], [ 75.722184317852054, 26.901892729665803 ], [ 75.722184317852054, 26.900275762116792 ], [ 75.72137583362786, 26.899467277892597 ], [ 75.720297855861418, 26.899467277892597 ], [ 75.720028361419793, 26.899197783450973 ], [ 75.719489371637223, 26.899197783450973 ], [ 75.718950382754031, 26.89865879456778 ], [ 75.718680888312406, 26.89865879456778 ], [ 75.717602909646644, 26.899736772334222 ], [ 75.716794426321769, 26.900545256558416 ], [ 75.7162554365392, 26.900545256558416 ], [ 75.715985942097632, 26.900814750999984 ] ] ] } },
{ "type": "Feature", "properties": { "OBJECTID": 526.0, "LAYER": "Stream", "STREAM_ID": 4951, "IN_FLOW": 200.0, "OUT_FLOW": 569.0, "DRAIN_AREA": "0.4566 sq km", "STRAHLER": 1, "Shape_Leng": 0.0093319020225400007 }, "geometry": { "type": "MultiLineString", "coordinates": [ [ [ 75.839683956449505, 26.907552115637657 ], [ 75.839683956449505, 26.907013126754464 ], [ 75.839414462007881, 26.906743631413519 ], [ 75.839144967566256, 26.906743631413519 ], [ 75.838875473124631, 26.907013126754464 ], [ 75.838605978683006, 26.907282621196089 ], [ 75.838336484241438, 26.907282621196089 ], [ 75.838066988900493, 26.907282621196089 ], [ 75.837797494458869, 26.907552115637657 ], [ 75.837528000017244, 26.907552115637657 ], [ 75.837258505575619, 26.907821610079282 ], [ 75.835911032468232, 26.907821610079282 ], [ 75.83429406491922, 26.909438577628293 ], [ 75.834024570477595, 26.909438577628293 ], [ 75.832677097370208, 26.91078605073568 ] ] ] } },
{ "type": "Feature", "properties": { "OBJECTID": 527.0, "LAYER": "Stream", "STREAM_ID": 4952, "IN_FLOW": 240.0, "OUT_FLOW": 462.0, "DRAIN_AREA": "0.3707 sq km", "STRAHLER": 1, "Shape_Leng": 0.0058555570304599999 }, "geometry": { "type": "MultiLineString", "coordinates": [ [ [ 75.861243523469909, 26.910516556294112 ], [ 75.861513017911477, 26.910516556294112 ], [ 75.861782513252422, 26.910516556294112 ], [ 75.862052007694047, 26.910516556294112 ], [ 75.862321502135671, 26.910516556294112 ], [ 75.862590996577296, 26.910516556294112 ], [ 75.862860491018921, 26.910247061852488 ], [ 75.863938469684683, 26.909169083186669 ], [ 75.864207964126308, 26.908899588745101 ], [ 75.864207964126308, 26.908630094303476 ], [ 75.863938469684683, 26.908360598962531 ], [ 75.863938469684683, 26.908091104520906 ], [ 75.864207964126308, 26.907821610079282 ], [ 75.864477458567933, 26.907552115637657 ], [ 75.864477458567933, 26.907282621196089 ], [ 75.864477458567933, 26.907013126754464 ] ] ] } },
{ "type": "Feature", "properties": { "OBJECTID": 528.0, "LAYER": "Stream", "STREAM_ID": 4955, "IN_FLOW": 202.0, "OUT_FLOW": 285.0, "DRAIN_AREA": "0.2287 sq km", "STRAHLER": 1, "Shape_Leng": 0.0031414595981199998 }, "geometry": { "type": "MultiLineString", "coordinates": [ [ [ 75.762339011236463, 26.910247061852488 ], [ 75.762069515895519, 26.910247061852488 ], [ 75.761800021453894, 26.909977566511543 ], [ 75.760991538129019, 26.909977566511543 ], [ 75.760452549245827, 26.909438577628293 ], [ 75.760452549245827, 26.908899588745101 ], [ 75.760183053904882, 26.908630094303476 ] ] ] } },
{ "type": "Feature", "properties": { "OBJECTID": 529.0, "LAYER": "Stream", "STREAM_ID": 4956, "IN_FLOW": 225.0, "OUT_FLOW": 248.0, "DRAIN_AREA": "0.199 sq km", "STRAHLER": 1, "Shape_Leng": 0.0020634802964299998 }, "geometry": { "type": "MultiLineString", "coordinates": [ [ [ 75.776352729395001, 26.910247061852488 ], [ 75.775813740511751, 26.909708072069918 ], [ 75.776083234953376, 26.909438577628293 ], [ 75.776083234953376, 26.908899588745101 ], [ 75.776352729395001, 26.908630094303476 ] ] ] } },
{ "type": "Feature", "properties": { "OBJECTID": 530.0, "LAYER": "Stream", "STREAM_ID": 4963, "IN_FLOW": 202.0, "OUT_FLOW": 348.0, "DRAIN_AREA": "0.2793 sq km", "STRAHLER": 1, "Shape_Leng": 0.0019980902433400002 }, "geometry": { "type": "MultiLineString", "coordinates": [ [ [ 75.721106339186235, 26.909708072069918 ], [ 75.721106339186235, 26.909169083186669 ], [ 75.721106339186235, 26.908091104520906 ], [ 75.72137583362786, 26.907821610079282 ] ] ] } },
{ "type": "Feature", "properties": { "OBJECTID": 531.0, "LAYER": "Stream", "STREAM_ID": 4964, "IN_FLOW": 262.0, "OUT_FLOW": 752.0, "DRAIN_AREA": "0.603 sq km", "STRAHLER": 1, "Shape_Leng": 0.0162845906259 }, "geometry": { "type": "MultiLineString", "coordinates": [ [ [ 75.813003993239761, 26.905396159205452 ], [ 75.812195509015567, 26.90620464253027 ], [ 75.811926014573942, 26.90620464253027 ], [ 75.811656520132374, 26.906474136971894 ], [ 75.811117531249124, 26.905935148088645 ], [ 75.81084803590818, 26.905935148088645 ], [ 75.810039552583362, 26.906743631413519 ], [ 75.810039552583362, 26.907013126754464 ], [ 75.809500563700112, 26.907552115637657 ], [ 75.808961573917543, 26.907552115637657 ], [ 75.808692079475918, 26.907552115637657 ], [ 75.80842258503435, 26.907552115637657 ], [ 75.806266628602089, 26.909708072069918 ], [ 75.805727638819519, 26.909708072069918 ], [ 75.805458144377894, 26.909438577628293 ], [ 75.804919155494701, 26.909438577628293 ], [ 75.803841176828882, 26.908360598962531 ], [ 75.803571682387314, 26.908360598962531 ], [ 75.80330218794569, 26.908630094303476 ], [ 75.803032693504065, 26.908630094303476 ], [ 75.802493703721495, 26.908630094303476 ], [ 75.802224209279871, 26.908360598962531 ], [ 75.801954714838303, 26.908091104520906 ], [ 75.801415725955053, 26.907552115637657 ], [ 75.800607241730859, 26.907552115637657 ], [ 75.800337747289291, 26.907282621196089 ] ] ] } },
{ "type": "Feature", "properties": { "OBJECTID": 532.0, "LAYER": "Stream", "STREAM_ID": 4967, "IN_FLOW": 211.0, "OUT_FLOW": 658.0, "DRAIN_AREA": "0.528 sq km", "STRAHLER": 1, "Shape_Leng": 0.0091086442453600005 }, "geometry": { "type": "MultiLineString", "coordinates": [ [ [ 75.717063920763394, 26.909438577628293 ], [ 75.717333415205019, 26.909169083186669 ], [ 75.717333415205019, 26.908091104520906 ], [ 75.717333415205019, 26.907282621196089 ], [ 75.717063920763394, 26.907013126754464 ], [ 75.715716447656007, 26.907013126754464 ], [ 75.714638468990188, 26.905935148088645 ], [ 75.713290996782121, 26.904587674981258 ], [ 75.713021501441176, 26.904318180539633 ], [ 75.712752006999608, 26.904318180539633 ], [ 75.712482512557983, 26.904587674981258 ], [ 75.712213018116358, 26.904318180539633 ], [ 75.712213018116358, 26.904048686098008 ] ] ] } },
{ "type": "Feature", "properties": { "OBJECTID": 533.0, "LAYER": "Stream", "STREAM_ID": 4968, "IN_FLOW": 202.0, "OUT_FLOW": 1038.0, "DRAIN_AREA": "0.833 sq km", "STRAHLER": 1, "Shape_Leng": 0.020280768896200001 }, "geometry": { "type": "MultiLineString", "coordinates": [ [ [ 75.737276014676411, 26.909438577628293 ], [ 75.737276014676411, 26.908899588745101 ], [ 75.737545509118036, 26.908630094303476 ], [ 75.737815003559604, 26.908360598962531 ], [ 75.738623487783798, 26.907552115637657 ], [ 75.739162476667047, 26.907552115637657 ], [ 75.739970959991865, 26.906743631413519 ], [ 75.741048938657627, 26.905665653647077 ], [ 75.741048938657627, 26.905396159205452 ], [ 75.741587927540877, 26.904857169422883 ], [ 75.741587927540877, 26.903509697214815 ], [ 75.742665906206639, 26.902431718548996 ], [ 75.743204895089889, 26.901892729665803 ], [ 75.744013379314083, 26.901892729665803 ], [ 75.744821862638901, 26.901892729665803 ], [ 75.745091357080526, 26.901892729665803 ], [ 75.745630346863095, 26.902431718548996 ], [ 75.745899841304663, 26.902431718548996 ], [ 75.746977819970482, 26.903509697214815 ], [ 75.748594786620174, 26.903509697214815 ], [ 75.749403270844311, 26.902701212990621 ], [ 75.749942259727561, 26.902701212990621 ], [ 75.750211754169186, 26.902431718548996 ], [ 75.751289732834948, 26.902431718548996 ], [ 75.751559227276573, 26.902162224107428 ], [ 75.751828721718198, 26.901892729665803 ] ] ] } },
{ "type": "Feature", "properties": { "OBJECTID": 534.0, "LAYER": "Stream", "STREAM_ID": 4972, "IN_FLOW": 270.0, "OUT_FLOW": 1610.0, "DRAIN_AREA": "1.292 sq km", "STRAHLER": 1, "Shape_Leng": 0.032966168017299999 }, "geometry": { "type": "MultiLineString", "coordinates": [ [ [ 75.732425112029375, 26.909169083186669 ], [ 75.73215561758775, 26.909169083186669 ], [ 75.730538650038739, 26.907552115637657 ], [ 75.730538650038739, 26.907013126754464 ], [ 75.730538650038739, 26.906743631413519 ], [ 75.729999660256169, 26.90620464253027 ], [ 75.729999660256169, 26.905665653647077 ], [ 75.729730165814544, 26.905396159205452 ], [ 75.729730165814544, 26.904857169422883 ], [ 75.729191176931351, 26.904318180539633 ], [ 75.728382692707157, 26.904318180539633 ], [ 75.728113198265532, 26.904048686098008 ], [ 75.728113198265532, 26.902431718548996 ], [ 75.728652188048102, 26.901892729665803 ], [ 75.728652188048102, 26.900814750999984 ], [ 75.728652188048102, 26.900545256558416 ], [ 75.728921682489727, 26.900275762116792 ], [ 75.728921682489727, 26.897850310343586 ], [ 75.729191176931351, 26.897580815901961 ], [ 75.729460671372919, 26.897311321460393 ], [ 75.729460671372919, 26.896502837236199 ], [ 75.729999660256169, 26.895963848352949 ], [ 75.729999660256169, 26.891651935488483 ], [ 75.729730165814544, 26.891382440147538 ], [ 75.729730165814544, 26.891112945705913 ], [ 75.729999660256169, 26.890843451264288 ], [ 75.729999660256169, 26.890304462381096 ], [ 75.729730165814544, 26.890034967939471 ], [ 75.729460671372919, 26.890034967939471 ], [ 75.728921682489727, 26.889495978156901 ], [ 75.728921682489727, 26.888956989273709 ], [ 75.729191176931351, 26.888687494832084 ], [ 75.729191176931351, 26.888418000390459 ], [ 75.729191176931351, 26.888148505049514 ], [ 75.729191176931351, 26.887340021724697 ], [ 75.729191176931351, 26.887070527283072 ], [ 75.728921682489727, 26.886801032841447 ], [ 75.728921682489727, 26.885992548617253 ], [ 75.730269155597114, 26.884645075509866 ], [ 75.730269155597114, 26.884106086626673 ], [ 75.730808144480363, 26.883567097743423 ], [ 75.730808144480363, 26.883297603301799 ], [ 75.730808144480363, 26.883028107960854 ], [ 75.730808144480363, 26.882758613519229 ], [ 75.729730165814544, 26.881680635752787 ] ] ] } },
{ "type": "Feature", "properties": { "OBJECTID": 535.0, "LAYER": "Stream", "STREAM_ID": 4973, "IN_FLOW": 205.0, "OUT_FLOW": 218.0, "DRAIN_AREA": "0.1749 sq km", "STRAHLER": 1, "Shape_Leng": 0.0015244914132 }, "geometry": { "type": "MultiLineString", "coordinates": [ [ [ 75.748594786620174, 26.909169083186669 ], [ 75.748055797736924, 26.908630094303476 ], [ 75.748594786620174, 26.908091104520906 ] ] ] } },
{ "type": "Feature", "properties": { "OBJECTID": 536.0, "LAYER": "Stream", "STREAM_ID": 4974, "IN_FLOW": 2255.0, "OUT_FLOW": 2467.0, "DRAIN_AREA": "1.98 sq km", "STRAHLER": 2, "Shape_Leng": 0.0058555572938300002 }, "geometry": { "type": "MultiLineString", "coordinates": [ [ [ 75.895199841099839, 26.909169083186669 ], [ 75.895199841099839, 26.908360598962531 ], [ 75.895469336440783, 26.908091104520906 ], [ 75.89681680864885, 26.906743631413519 ], [ 75.89681680864885, 26.906474136971894 ], [ 75.896547314207226, 26.90620464253027 ], [ 75.896008325324033, 26.90620464253027 ], [ 75.895469336440783, 26.905665653647077 ], [ 75.895469336440783, 26.904857169422883 ] ] ] } },
{ "type": "Feature", "properties": { "OBJECTID": 537.0, "LAYER": "Stream", "STREAM_ID": 4981, "IN_FLOW": 1247.0, "OUT_FLOW": 2177.0, "DRAIN_AREA": "1.747 sq km", "STRAHLER": 2, "Shape_Leng": 0.0250583483145 }, "geometry": { "type": "MultiLineString", "coordinates": [ [ [ 75.832407602928583, 26.894616375245562 ], [ 75.832407602928583, 26.894885869687187 ], [ 75.831868614045334, 26.895424859469756 ], [ 75.831868614045334, 26.895694353911381 ], [ 75.831599119603766, 26.895963848352949 ], [ 75.831599119603766, 26.896233342794574 ], [ 75.831599119603766, 26.896502837236199 ], [ 75.831060129821196, 26.897041827018768 ], [ 75.831060129821196, 26.897311321460393 ], [ 75.830521140937947, 26.897850310343586 ], [ 75.830521140937947, 26.89811980478521 ], [ 75.82917366783056, 26.899467277892597 ], [ 75.828904173388935, 26.899467277892597 ], [ 75.82863467894731, 26.899736772334222 ], [ 75.828095690064117, 26.899736772334222 ], [ 75.827826194723173, 26.900006266775847 ], [ 75.827826194723173, 26.900275762116792 ], [ 75.827826194723173, 26.900545256558416 ], [ 75.827826194723173, 26.901084245441609 ], [ 75.827556700281548, 26.901353739883234 ], [ 75.827556700281548, 26.901623234324859 ], [ 75.827556700281548, 26.901892729665803 ], [ 75.827287205839923, 26.902162224107428 ], [ 75.82674821695673, 26.902701212990621 ], [ 75.826478722515105, 26.902701212990621 ], [ 75.826209227174161, 26.902970707432246 ], [ 75.825400743849286, 26.90377919165644 ], [ 75.825131249407718, 26.90377919165644 ], [ 75.824592260524469, 26.904318180539633 ], [ 75.822975292975457, 26.905935148088645 ], [ 75.822705797634512, 26.905935148088645 ], [ 75.822436303192887, 26.90620464253027 ], [ 75.82162781986807, 26.90620464253027 ], [ 75.821358325426445, 26.905935148088645 ], [ 75.820280346760626, 26.905935148088645 ], [ 75.820010852319058, 26.905935148088645 ], [ 75.819202368094864, 26.905126664763827 ], [ 75.818932873653239, 26.905396159205452 ], [ 75.818932873653239, 26.905665653647077 ], [ 75.817854895886796, 26.906743631413519 ], [ 75.817854895886796, 26.908899588745101 ], [ 75.818124390328421, 26.909169083186669 ] ] ] } },
{ "type": "Feature", "properties": { "OBJECTID": 538.0, "LAYER": "Stream", "STREAM_ID": 4982, "IN_FLOW": 2679.0, "OUT_FLOW": 2976.0, "DRAIN_AREA": "2.388 sq km", "STRAHLER": 2, "Shape_Leng": 0.0085042649365600007 }, "geometry": { "type": "MultiLineString", "coordinates": [ [ [ 75.825131249407718, 26.907013126754464 ], [ 75.823783776300274, 26.907013126754464 ], [ 75.82351428185865, 26.907282621196089 ], [ 75.82351428185865, 26.907552115637657 ], [ 75.822975292975457, 26.908091104520906 ], [ 75.822436303192887, 26.908091104520906 ], [ 75.822166808751263, 26.908091104520906 ], [ 75.82162781986807, 26.907552115637657 ], [ 75.820280346760626, 26.907552115637657 ], [ 75.820010852319058, 26.907821610079282 ], [ 75.819471862536489, 26.907821610079282 ], [ 75.818124390328421, 26.909169083186669 ] ] ] } },
{ "type": "Feature", "properties": { "OBJECTID": 539.0, "LAYER": "Stream", "STREAM_ID": 4983, "IN_FLOW": 202.0, "OUT_FLOW": 276.0, "DRAIN_AREA": "0.2215 sq km", "STRAHLER": 1, "Shape_Leng": 0.0041269618646799996 }, "geometry": { "type": "MultiLineString", "coordinates": [ [ [ 75.828095690064117, 26.908360598962531 ], [ 75.827556700281548, 26.908899588745101 ], [ 75.827287205839923, 26.908899588745101 ], [ 75.827017711398298, 26.908630094303476 ], [ 75.826209227174161, 26.907821610079282 ], [ 75.826209227174161, 26.907552115637657 ], [ 75.825939732732536, 26.907282621196089 ], [ 75.825400743849286, 26.907282621196089 ], [ 75.825131249407718, 26.907013126754464 ] ] ] } },
{ "type": "Feature", "properties": { "OBJECTID": 540.0, "LAYER": "Stream", "STREAM_ID": 4990, "IN_FLOW": 33514.0, "OUT_FLOW": 34108.0, "DRAIN_AREA": "27.371 sq km", "STRAHLER": 4, "Shape_Leng": 0.0110413448081 }, "geometry": { "type": "MultiLineString", "coordinates": [ [ [ 75.760183053904882, 26.908630094303476 ], [ 75.760452549245827, 26.908360598962531 ], [ 75.760452549245827, 26.907821610079282 ], [ 75.762069515895519, 26.90620464253027 ], [ 75.762339011236463, 26.905935148088645 ], [ 75.762608505678031, 26.905665653647077 ], [ 75.762878000119656, 26.905396159205452 ], [ 75.762878000119656, 26.905126664763827 ], [ 75.762878000119656, 26.903509697214815 ], [ 75.762608505678031, 26.903240201873871 ], [ 75.762608505678031, 26.902431718548996 ], [ 75.762608505678031, 26.899197783450973 ], [ 75.762878000119656, 26.898928289009405 ] ] ] } },
{ "type": "Feature", "properties": { "OBJECTID": 541.0, "LAYER": "Stream", "STREAM_ID": 4991, "IN_FLOW": 45315.0, "OUT_FLOW": 45481.0, "DRAIN_AREA": "36.498 sq km", "STRAHLER": 4, "Shape_Leng": 0.0034109537763 }, "geometry": { "type": "MultiLineString", "coordinates": [ [ [ 75.767998397208316, 26.908630094303476 ], [ 75.768267891649941, 26.908360598962531 ], [ 75.768267891649941, 26.908091104520906 ], [ 75.768267891649941, 26.907821610079282 ], [ 75.768267891649941, 26.907552115637657 ], [ 75.769076375874079, 26.906743631413519 ], [ 75.769076375874079, 26.905665653647077 ] ] ] } },
{ "type": "Feature", "properties": { "OBJECTID": 542.0, "LAYER": "Stream", "STREAM_ID": 4992, "IN_FLOW": 2234.0, "OUT_FLOW": 2435.0, "DRAIN_AREA": "1.954 sq km", "STRAHLER": 2, "Shape_Leng": 0.0050933116418400001 }, "geometry": { "type": "MultiLineString", "coordinates": [ [ [ 75.776352729395001, 26.908630094303476 ], [ 75.775813740511751, 26.908091104520906 ], [ 75.775274750729238, 26.908091104520906 ], [ 75.775005256287614, 26.908091104520906 ], [ 75.774735761845989, 26.907821610079282 ], [ 75.774735761845989, 26.907552115637657 ], [ 75.774735761845989, 26.907282621196089 ], [ 75.774466267404364, 26.907013126754464 ], [ 75.773927277621794, 26.906474136971894 ], [ 75.773927277621794, 26.90620464253027 ], [ 75.773657783180226, 26.905935148088645 ], [ 75.772849299855352, 26.905935148088645 ] ] ] } },
{ "type": "Feature", "properties": { "OBJECTID": 543.0, "LAYER": "Stream", "STREAM_ID": 4993, "IN_FLOW": 210.0, "OUT_FLOW": 583.0, "DRAIN_AREA": "0.4678 sq km", "STRAHLER": 1, "Shape_Leng": 0.011868982048499999 }, "geometry": { "type": "MultiLineString", "coordinates": [ [ [ 75.78443756714006, 26.908630094303476 ], [ 75.783629082915922, 26.908630094303476 ], [ 75.783359588474298, 26.908360598962531 ], [ 75.783090094032673, 26.908091104520906 ], [ 75.782012115366911, 26.907013126754464 ], [ 75.782012115366911, 26.905935148088645 ], [ 75.781742620925286, 26.905665653647077 ], [ 75.781742620925286, 26.904048686098008 ], [ 75.781742620925286, 26.902970707432246 ], [ 75.781473126483661, 26.902701212990621 ], [ 75.780934137600411, 26.902701212990621 ], [ 75.780395147817899, 26.902162224107428 ], [ 75.779047675609775, 26.900814750999984 ], [ 75.778778180268887, 26.900545256558416 ], [ 75.778778180268887, 26.900275762116792 ], [ 75.778508685827262, 26.900006266775847 ] ] ] } },
{ "type": "Feature", "properties": { "OBJECTID": 544.0, "LAYER": "Stream", "STREAM_ID": 5004, "IN_FLOW": 207.0, "OUT_FLOW": 304.0, "DRAIN_AREA": "0.244 sq km", "STRAHLER": 1, "Shape_Leng": 0.00412696122875 }, "geometry": { "type": "MultiLineString", "coordinates": [ [ [ 75.87849117672647, 26.908360598962531 ], [ 75.87903016650904, 26.907821610079282 ], [ 75.87903016650904, 26.907013126754464 ], [ 75.87849117672647, 26.906474136971894 ], [ 75.878221682284845, 26.90620464253027 ], [ 75.877682693401653, 26.905665653647077 ], [ 75.877682693401653, 26.905396159205452 ], [ 75.877413198960028, 26.905126664763827 ] ] ] } },
{ "type": "Feature", "properties": { "OBJECTID": 545.0, "LAYER": "Stream", "STREAM_ID": 5009, "IN_FLOW": 1778.0, "OUT_FLOW": 2159.0, "DRAIN_AREA": "1.733 sq km", "STRAHLER": 2, "Shape_Leng": 0.0097592620171699992 }, "geometry": { "type": "MultiLineString", "coordinates": [ [ [ 75.748594786620174, 26.908091104520906 ], [ 75.750481249510131, 26.90620464253027 ], [ 75.752098217059142, 26.90620464253027 ], [ 75.75290670038396, 26.905396159205452 ], [ 75.75290670038396, 26.904318180539633 ], [ 75.753176194825585, 26.904048686098008 ], [ 75.753176194825585, 26.90377919165644 ], [ 75.75290670038396, 26.903509697214815 ], [ 75.752637205942335, 26.903509697214815 ], [ 75.751828721718198, 26.902701212990621 ], [ 75.751828721718198, 26.902431718548996 ], [ 75.751828721718198, 26.901892729665803 ] ] ] } },
{ "type": "Feature", "properties": { "OBJECTID": 546.0, "LAYER": "Stream", "STREAM_ID": 5010, "IN_FLOW": 19475.0, "OUT_FLOW": 20008.0, "DRAIN_AREA": "16.056 sq km", "STRAHLER": 3, "Shape_Leng": 0.0058555570304199998 }, "geometry": { "type": "MultiLineString", "coordinates": [ [ [ 75.799259768623472, 26.908091104520906 ], [ 75.798181790857029, 26.907013126754464 ], [ 75.797373306632835, 26.90620464253027 ], [ 75.797373306632835, 26.905665653647077 ], [ 75.79710381219121, 26.905396159205452 ], [ 75.79710381219121, 26.904857169422883 ], [ 75.79710381219121, 26.903509697214815 ], [ 75.796834317749642, 26.903240201873871 ] ] ] } },
{ "type": "Feature", "properties": { "OBJECTID": 547.0, "LAYER": "Stream", "STREAM_ID": 5014, "IN_FLOW": 809.0, "OUT_FLOW": 1265.0, "DRAIN_AREA": "1.015 sq km", "STRAHLER": 2, "Shape_Leng": 0.0110142596247 }, "geometry": { "type": "MultiLineString", "coordinates": [ [ [ 75.72137583362786, 26.907821610079282 ], [ 75.721106339186235, 26.907552115637657 ], [ 75.721106339186235, 26.907282621196089 ], [ 75.720567350303043, 26.906743631413519 ], [ 75.720567350303043, 26.906474136971894 ], [ 75.720567350303043, 26.90620464253027 ], [ 75.720836844744667, 26.905935148088645 ], [ 75.720836844744667, 26.905665653647077 ], [ 75.719758866078848, 26.904587674981258 ], [ 75.719758866078848, 26.904318180539633 ], [ 75.720297855861418, 26.90377919165644 ], [ 75.720028361419793, 26.903509697214815 ], [ 75.720028361419793, 26.902970707432246 ], [ 75.719758866078848, 26.902701212990621 ], [ 75.719219877195655, 26.902701212990621 ], [ 75.718950382754031, 26.902701212990621 ], [ 75.717872404088212, 26.902701212990621 ], [ 75.717333415205019, 26.902162224107428 ], [ 75.715985942097632, 26.900814750999984 ] ] ] } },
{ "type": "Feature", "properties": { "OBJECTID": 548.0, "LAYER": "Stream", "STREAM_ID": 5015, "IN_FLOW": 3512.0, "OUT_FLOW": 3527.0, "DRAIN_AREA": "2.83 sq km", "STRAHLER": 2, "Shape_Leng": 0.0014128631604900001 }, "geometry": { "type": "MultiLineString", "coordinates": [ [ [ 75.800337747289291, 26.907282621196089 ], [ 75.799798758406041, 26.907821610079282 ], [ 75.799529263964416, 26.907821610079282 ], [ 75.799259768623472, 26.908091104520906 ] ] ] } },
{ "type": "Feature", "properties": { "OBJECTID": 549.0, "LAYER": "Stream", "STREAM_ID": 5032, "IN_FLOW": 2256.0, "OUT_FLOW": 2752.0, "DRAIN_AREA": "2.208 sq km", "STRAHLER": 2, "Shape_Leng": 0.0081422944682099999 }, "geometry": { "type": "MultiLineString", "coordinates": [ [ [ 75.805458144377894, 26.902970707432246 ], [ 75.804919155494701, 26.902431718548996 ], [ 75.804649661053077, 26.902431718548996 ], [ 75.804380166611452, 26.902701212990621 ], [ 75.80330218794569, 26.90377919165644 ], [ 75.80276319906244, 26.904318180539633 ], [ 75.80276319906244, 26.904857169422883 ], [ 75.802224209279871, 26.905396159205452 ], [ 75.802224209279871, 26.905935148088645 ], [ 75.801954714838303, 26.90620464253027 ], [ 75.801954714838303, 26.906474136971894 ], [ 75.801415725955053, 26.907013126754464 ], [ 75.801146231513428, 26.907013126754464 ], [ 75.800607241730859, 26.907013126754464 ], [ 75.800337747289291, 26.907282621196089 ] ] ] } },
{ "type": "Feature", "properties": { "OBJECTID": 550.0, "LAYER": "Stream", "STREAM_ID": 5033, "IN_FLOW": 218.0, "OUT_FLOW": 218.0, "DRAIN_AREA": "0.1749 sq km", "STRAHLER": 1, "Shape_Leng": 0.00026949444162499998 }, "geometry": { "type": "MultiLineString", "coordinates": [ [ [ 75.864207964126308, 26.907013126754464 ], [ 75.864477458567933, 26.907013126754464 ] ] ] } },
{ "type": "Feature", "properties": { "OBJECTID": 551.0, "LAYER": "Stream", "STREAM_ID": 5034, "IN_FLOW": 689.0, "OUT_FLOW": 698.0, "DRAIN_AREA": "0.56 sq km", "STRAHLER": 2, "Shape_Leng": 0.0011896075543800001 }, "geometry": { "type": "MultiLineString", "coordinates": [ [ [ 75.864477458567933, 26.907013126754464 ], [ 75.864746953009558, 26.906743631413519 ], [ 75.865016447451126, 26.906743631413519 ], [ 75.86528594279207, 26.906743631413519 ], [ 75.865555437233695, 26.906743631413519 ] ] ] } },
{ "type": "Feature", "properties": { "OBJECTID": 552.0, "LAYER": "Stream", "STREAM_ID": 5042, "IN_FLOW": 2150.0, "OUT_FLOW": 2400.0, "DRAIN_AREA": "1.926 sq km", "STRAHLER": 2, "Shape_Leng": 0.0067294313077199998 }, "geometry": { "type": "MultiLineString", "coordinates": [ [ [ 75.829712657613129, 26.903509697214815 ], [ 75.828904173388935, 26.904318180539633 ], [ 75.82863467894731, 26.904318180539633 ], [ 75.828365184505742, 26.904048686098008 ], [ 75.828095690064117, 26.904048686098008 ], [ 75.827826194723173, 26.904048686098008 ], [ 75.827287205839923, 26.904587674981258 ], [ 75.827287205839923, 26.904857169422883 ], [ 75.827017711398298, 26.905126664763827 ], [ 75.82674821695673, 26.905396159205452 ], [ 75.82674821695673, 26.905935148088645 ], [ 75.825939732732536, 26.906743631413519 ], [ 75.825400743849286, 26.906743631413519 ], [ 75.825131249407718, 26.907013126754464 ] ] ] } },
{ "type": "Feature", "properties": { "OBJECTID": 553.0, "LAYER": "Stream", "STREAM_ID": 5043, "IN_FLOW": 1138.0, "OUT_FLOW": 1151.0, "DRAIN_AREA": "0.924 sq km", "STRAHLER": 2, "Shape_Leng": 0.0011433680829899999 }, "geometry": { "type": "MultiLineString", "coordinates": [ [ [ 75.865555437233695, 26.906743631413519 ], [ 75.86636392055857, 26.905935148088645 ] ] ] } },
{ "type": "Feature", "properties": { "OBJECTID": 554.0, "LAYER": "Stream", "STREAM_ID": 5052, "IN_FLOW": 2713.0, "OUT_FLOW": 2862.0, "DRAIN_AREA": "2.297 sq km", "STRAHLER": 2, "Shape_Leng": 0.0045543214866999998 }, "geometry": { "type": "MultiLineString", "coordinates": [ [ [ 75.772849299855352, 26.905935148088645 ], [ 75.772579805413727, 26.905935148088645 ], [ 75.772040815631215, 26.905935148088645 ], [ 75.77177132118959, 26.905665653647077 ], [ 75.770962837864715, 26.905665653647077 ], [ 75.770154353640578, 26.906474136971894 ], [ 75.769884859198953, 26.906474136971894 ], [ 75.769076375874079, 26.905665653647077 ] ] ] } },
{ "type": "Feature", "properties": { "OBJECTID": 555.0, "LAYER": "Stream", "STREAM_ID": 5059, "IN_FLOW": 246.0, "OUT_FLOW": 260.0, "DRAIN_AREA": "0.2086 sq km", "STRAHLER": 1, "Shape_Leng": 0.0011433687188700001 }, "geometry": { "type": "MultiLineString", "coordinates": [ [ [ 75.893582873550827, 26.90620464253027 ], [ 75.894391357775021, 26.905396159205452 ] ] ] } },
{ "type": "Feature", "properties": { "OBJECTID": 556.0, "LAYER": "Stream", "STREAM_ID": 5065, "IN_FLOW": 301.0, "OUT_FLOW": 550.0, "DRAIN_AREA": "0.4414 sq km", "STRAHLER": 1, "Shape_Leng": 0.0058555572938200004 }, "geometry": { "type": "MultiLineString", "coordinates": [ [ [ 75.706553632144448, 26.905935148088645 ], [ 75.706014642361936, 26.905396159205452 ], [ 75.706014642361936, 26.905126664763827 ], [ 75.705745147920311, 26.904857169422883 ], [ 75.705745147920311, 26.904318180539633 ], [ 75.706284136803504, 26.90377919165644 ], [ 75.706284136803504, 26.903240201873871 ], [ 75.706014642361936, 26.902970707432246 ], [ 75.705745147920311, 26.902970707432246 ], [ 75.704936664595436, 26.902162224107428 ], [ 75.704936664595436, 26.901623234324859 ], [ 75.704936664595436, 26.901353739883234 ] ] ] } },
{ "type": "Feature", "properties": { "OBJECTID": 557.0, "LAYER": "Stream", "STREAM_ID": 5066, "IN_FLOW": 208.0, "OUT_FLOW": 824.0, "DRAIN_AREA": "0.661 sq km", "STRAHLER": 1, "Shape_Leng": 0.0078265618269700004 }, "geometry": { "type": "MultiLineString", "coordinates": [ [ [ 75.86070453458666, 26.904318180539633 ], [ 75.860974029028284, 26.904048686098008 ], [ 75.861243523469909, 26.904048686098008 ], [ 75.861513017911477, 26.90377919165644 ], [ 75.861782513252422, 26.903509697214815 ], [ 75.862052007694047, 26.903240201873871 ], [ 75.862321502135671, 26.902970707432246 ], [ 75.862590996577296, 26.902701212990621 ], [ 75.862860491018921, 26.902970707432246 ], [ 75.863129985460489, 26.902970707432246 ], [ 75.863399480801434, 26.903240201873871 ], [ 75.863668975243058, 26.903509697214815 ], [ 75.863668975243058, 26.90377919165644 ], [ 75.863938469684683, 26.904048686098008 ], [ 75.864207964126308, 26.904318180539633 ], [ 75.864746953009558, 26.904857169422883 ], [ 75.865016447451126, 26.905126664763827 ], [ 75.865555437233695, 26.905665653647077 ], [ 75.86582493167532, 26.905665653647077 ], [ 75.866094426116945, 26.905935148088645 ], [ 75.86636392055857, 26.905935148088645 ] ] ] } },
{ "type": "Feature", "properties": { "OBJECTID": 558.0, "LAYER": "Stream", "STREAM_ID": 5067, "IN_FLOW": 1978.0, "OUT_FLOW": 2758.0, "DRAIN_AREA": "2.213 sq km", "STRAHLER": 2, "Shape_Leng": 0.0150375255581 }, "geometry": { "type": "MultiLineString", "coordinates": [ [ [ 75.86636392055857, 26.905935148088645 ], [ 75.866902910341082, 26.905935148088645 ], [ 75.867172404782707, 26.905935148088645 ], [ 75.868519877890094, 26.905935148088645 ], [ 75.868789372331719, 26.905935148088645 ], [ 75.869058866773344, 26.905935148088645 ], [ 75.869328361214968, 26.905665653647077 ], [ 75.869597855656593, 26.905396159205452 ], [ 75.869867350098161, 26.905396159205452 ], [ 75.870136844539786, 26.905126664763827 ], [ 75.87094532876398, 26.904318180539633 ], [ 75.871214823205605, 26.904318180539633 ], [ 75.871484317647173, 26.904048686098008 ], [ 75.871753812088798, 26.904048686098008 ], [ 75.872023307429743, 26.904048686098008 ], [ 75.872292801871367, 26.904048686098008 ], [ 75.872562296312992, 26.90377919165644 ], [ 75.872831790754617, 26.90377919165644 ], [ 75.873101285196185, 26.90377919165644 ], [ 75.874179263862004, 26.90377919165644 ], [ 75.875257242527766, 26.902701212990621 ], [ 75.877143704518403, 26.902701212990621 ], [ 75.877682693401653, 26.902162224107428 ], [ 75.879838649833857, 26.902162224107428 ] ] ] } },
{ "type": "Feature", "properties": { "OBJECTID": 559.0, "LAYER": "Stream", "STREAM_ID": 5075, "IN_FLOW": 227.0, "OUT_FLOW": 501.0, "DRAIN_AREA": "0.402 sq km", "STRAHLER": 1, "Shape_Leng": 0.00069087538361100004 }, "geometry": { "type": "MultiLineString", "coordinates": [ [ [ 75.693887386193978, 26.905665653647077 ], [ 75.693887386193978, 26.904974778263465 ] ] ] } },
{ "type": "Feature", "properties": { "OBJECTID": 560.0, "LAYER": "Stream", "STREAM_ID": 5076, "IN_FLOW": 48382.0, "OUT_FLOW": 48654.0, "DRAIN_AREA": "39.044 sq km", "STRAHLER": 4, "Shape_Leng": 0.0059671856557000002 }, "geometry": { "type": "MultiLineString", "coordinates": [ [ [ 75.769076375874079, 26.905665653647077 ], [ 75.768537386091566, 26.905126664763827 ], [ 75.767728902766692, 26.905126664763827 ], [ 75.766920418542554, 26.904318180539633 ], [ 75.765572946334487, 26.904318180539633 ], [ 75.764225473227043, 26.902970707432246 ] ] ] } },
{ "type": "Feature", "properties": { "OBJECTID": 561.0, "LAYER": "Stream", "STREAM_ID": 5077, "IN_FLOW": 206.0, "OUT_FLOW": 273.0, "DRAIN_AREA": "0.2191 sq km", "STRAHLER": 1, "Shape_Leng": 0.0029835931458000002 }, "geometry": { "type": "MultiLineString", "coordinates": [ [ [ 75.775274750729238, 26.905126664763827 ], [ 75.775005256287614, 26.904857169422883 ], [ 75.774735761845989, 26.904857169422883 ], [ 75.774466267404364, 26.904857169422883 ], [ 75.774196772962739, 26.904857169422883 ], [ 75.773927277621794, 26.905126664763827 ], [ 75.773657783180226, 26.905126664763827 ], [ 75.772849299855352, 26.905935148088645 ] ] ] } },
{ "type": "Feature", "properties": { "OBJECTID": 562.0, "LAYER": "Stream", "STREAM_ID": 5085, "IN_FLOW": 203.0, "OUT_FLOW": 653.0, "DRAIN_AREA": "0.524 sq km", "STRAHLER": 1, "Shape_Leng": 0.012250103952500001 }, "geometry": { "type": "MultiLineString", "coordinates": [ [ [ 75.884420058039325, 26.905126664763827 ], [ 75.884689552480893, 26.905126664763827 ], [ 75.884959046922518, 26.905396159205452 ], [ 75.885228541364143, 26.905396159205452 ], [ 75.885498036705087, 26.905396159205452 ], [ 75.88657601447153, 26.905396159205452 ], [ 75.887653993137349, 26.904318180539633 ], [ 75.888192982020541, 26.904318180539633 ], [ 75.888731971803111, 26.90377919165644 ], [ 75.890348938452803, 26.90377919165644 ], [ 75.890618433793747, 26.904048686098008 ], [ 75.891157422676997, 26.903509697214815 ], [ 75.89169641156019, 26.903509697214815 ], [ 75.891965906001815, 26.903240201873871 ], [ 75.892504895784384, 26.90377919165644 ], [ 75.893313379109202, 26.904587674981258 ], [ 75.893313379109202, 26.904857169422883 ], [ 75.893852368891771, 26.905396159205452 ], [ 75.894391357775021, 26.905396159205452 ] ] ] } },
{ "type": "Feature", "properties": { "OBJECTID": 563.0, "LAYER": "Stream", "STREAM_ID": 5086, "IN_FLOW": 919.0, "OUT_FLOW": 928.0, "DRAIN_AREA": "0.745 sq km", "STRAHLER": 2, "Shape_Leng": 0.0013012355437 }, "geometry": { "type": "MultiLineString", "coordinates": [ [ [ 75.894391357775021, 26.905396159205452 ], [ 75.894660852216589, 26.905126664763827 ], [ 75.895199841099839, 26.905126664763827 ], [ 75.895469336440783, 26.904857169422883 ] ] ] } },
{ "type": "Feature", "properties": { "OBJECTID": 564.0, "LAYER": "Stream", "STREAM_ID": 5092, "IN_FLOW": 251.0, "OUT_FLOW": 438.0, "DRAIN_AREA": "0.3515 sq km", "STRAHLER": 1, "Shape_Leng": 0.0075841543674299997 }, "geometry": { "type": "MultiLineString", "coordinates": [ [ [ 75.755332151257846, 26.905126664763827 ], [ 75.755332151257846, 26.904857169422883 ], [ 75.755332151257846, 26.904587674981258 ], [ 75.755601646598791, 26.904318180539633 ], [ 75.754793162374597, 26.903509697214815 ], [ 75.754793162374597, 26.902970707432246 ], [ 75.753984679049779, 26.902162224107428 ], [ 75.753715184608154, 26.902162224107428 ], [ 75.75344568926721, 26.901892729665803 ], [ 75.753176194825585, 26.901623234324859 ], [ 75.753176194825585, 26.901353739883234 ], [ 75.75290670038396, 26.901084245441609 ], [ 75.75290670038396, 26.898928289009405 ] ] ] } },
{ "type": "Feature", "properties": { "OBJECTID": 565.0, "LAYER": "Stream", "STREAM_ID": 5093, "IN_FLOW": 870.0, "OUT_FLOW": 1430.0, "DRAIN_AREA": "1.148 sq km", "STRAHLER": 2, "Shape_Leng": 0.0093781389503999994 }, "geometry": { "type": "MultiLineString", "coordinates": [ [ [ 75.837258505575619, 26.90377919165644 ], [ 75.836719516692426, 26.904318180539633 ], [ 75.836180526909857, 26.904318180539633 ], [ 75.835911032468232, 26.904587674981258 ], [ 75.835641538026607, 26.904587674981258 ], [ 75.835372043584982, 26.904587674981258 ], [ 75.834833054701789, 26.904048686098008 ], [ 75.834563559360845, 26.904048686098008 ], [ 75.834024570477595, 26.904048686098008 ], [ 75.833485581594346, 26.904587674981258 ], [ 75.833485581594346, 26.904857169422883 ], [ 75.833216087152778, 26.905126664763827 ], [ 75.832677097370208, 26.905126664763827 ], [ 75.832138108486959, 26.904587674981258 ], [ 75.831868614045334, 26.904318180539633 ], [ 75.831060129821196, 26.903509697214815 ], [ 75.830251646496322, 26.903509697214815 ], [ 75.829712657613129, 26.903509697214815 ] ] ] } },
{ "type": "Feature", "properties": { "OBJECTID": 566.0, "LAYER": "Stream", "STREAM_ID": 5094, "IN_FLOW": 1330.0, "OUT_FLOW": 1527.0, "DRAIN_AREA": "1.225 sq km", "STRAHLER": 2, "Shape_Leng": 0.0046659506387000003 }, "geometry": { "type": "MultiLineString", "coordinates": [ [ [ 75.877413198960028, 26.905126664763827 ], [ 75.877682693401653, 26.904857169422883 ], [ 75.87849117672647, 26.904048686098008 ], [ 75.878760672067415, 26.904048686098008 ], [ 75.87903016650904, 26.90377919165644 ], [ 75.879569155392289, 26.90377919165644 ], [ 75.879838649833857, 26.903509697214815 ], [ 75.879838649833857, 26.902701212990621 ], [ 75.879569155392289, 26.902431718548996 ], [ 75.879838649833857, 26.902162224107428 ] ] ] } },
{ "type": "Feature", "properties": { "OBJECTID": 567.0, "LAYER": "Stream", "STREAM_ID": 5096, "IN_FLOW": 3400.0, "OUT_FLOW": 3948.0, "DRAIN_AREA": "3.168 sq km", "STRAHLER": 3, "Shape_Leng": 0.00727865088717 }, "geometry": { "type": "MultiLineString", "coordinates": [ [ [ 75.895469336440783, 26.904857169422883 ], [ 75.895738830882408, 26.904587674981258 ], [ 75.896008325324033, 26.904318180539633 ], [ 75.896902655233418, 26.903423849730927 ] ], [ [ 75.899669300797655, 26.902004678173398 ], [ 75.900050743746874, 26.901623234324859 ], [ 75.900050743746874, 26.901084245441609 ], [ 75.900050743746874, 26.900545256558416 ], [ 75.901398216854261, 26.899197783450973 ], [ 75.901937205737511, 26.899197783450973 ], [ 75.902206701078455, 26.898928289009405 ], [ 75.902206701078455, 26.89811980478521 ] ] ] } },
{ "type": "Feature", "properties": { "OBJECTID": 568.0, "LAYER": "Stream", "STREAM_ID": 5101, "IN_FLOW": 200.0, "OUT_FLOW": 200.0, "DRAIN_AREA": "0.1605 sq km", "STRAHLER": 1, "Shape_Leng": 0.00038112269432999998 }, "geometry": { "type": "MultiLineString", "coordinates": [ [ [ 75.711943523674734, 26.904318180539633 ], [ 75.712213018116358, 26.904048686098008 ] ] ] } },
{ "type": "Feature", "properties": { "OBJECTID": 569.0, "LAYER": "Stream", "STREAM_ID": 5104, "IN_FLOW": 209.0, "OUT_FLOW": 244.0, "DRAIN_AREA": "0.1958 sq km", "STRAHLER": 1, "Shape_Leng": 0.0021751088125500002 }, "geometry": { "type": "MultiLineString", "coordinates": [ [ [ 75.698738288841014, 26.904048686098008 ], [ 75.699277277724264, 26.903509697214815 ], [ 75.699277277724264, 26.903240201873871 ], [ 75.698468794399389, 26.902431718548996 ] ] ] } },
{ "type": "Feature", "properties": { "OBJECTID": 570.0, "LAYER": "Stream", "STREAM_ID": 5105, "IN_FLOW": 863.0, "OUT_FLOW": 1119.0, "DRAIN_AREA": "0.898 sq km", "STRAHLER": 2, "Shape_Leng": 0.00500083576939 }, "geometry": { "type": "MultiLineString", "coordinates": [ [ [ 75.712213018116358, 26.904048686098008 ], [ 75.712752006999608, 26.903509697214815 ], [ 75.713290996782121, 26.903509697214815 ], [ 75.713560491223745, 26.903240201873871 ], [ 75.715177458772757, 26.901623234324859 ], [ 75.715177458772757, 26.901353739883234 ], [ 75.715446953214382, 26.901084245441609 ], [ 75.715177458772757, 26.900814750999984 ] ] ] } },
{ "type": "Feature", "properties": { "OBJECTID": 571.0, "LAYER": "Stream", "STREAM_ID": 5108, "IN_FLOW": 245.0, "OUT_FLOW": 611.0, "DRAIN_AREA": "0.4903 sq km", "STRAHLER": 1, "Shape_Leng": 0.0062829182969100002 }, "geometry": { "type": "MultiLineString", "coordinates": [ [ [ 75.842378902664279, 26.901353739883234 ], [ 75.84183991378103, 26.901353739883234 ], [ 75.841570419339462, 26.901353739883234 ], [ 75.841300923998517, 26.901623234324859 ], [ 75.841031429556892, 26.901892729665803 ], [ 75.841031429556892, 26.902162224107428 ], [ 75.840761935115268, 26.902431718548996 ], [ 75.840492440673643, 26.902431718548996 ], [ 75.840222946232018, 26.902701212990621 ], [ 75.83995345179045, 26.902701212990621 ], [ 75.839683956449505, 26.902701212990621 ], [ 75.839414462007881, 26.902701212990621 ], [ 75.839144967566256, 26.902701212990621 ], [ 75.838605978683006, 26.903240201873871 ], [ 75.838336484241438, 26.903240201873871 ], [ 75.837797494458869, 26.90377919165644 ], [ 75.837528000017244, 26.90377919165644 ], [ 75.837258505575619, 26.90377919165644 ] ] ] } },
{ "type": "Feature", "properties": { "OBJECTID": 572.0, "LAYER": "Stream", "STREAM_ID": 5111, "IN_FLOW": 966.0, "OUT_FLOW": 1849.0, "DRAIN_AREA": "1.484 sq km", "STRAHLER": 2, "Shape_Leng": 0.020893085395699999 }, "geometry": { "type": "MultiLineString", "coordinates": [ [ [ 75.820010852319058, 26.900545256558416 ], [ 75.819741357877433, 26.900814750999984 ], [ 75.819741357877433, 26.902162224107428 ], [ 75.819471862536489, 26.902431718548996 ], [ 75.818663379211614, 26.902431718548996 ], [ 75.818124390328421, 26.902431718548996 ], [ 75.817315906104227, 26.901623234324859 ], [ 75.817315906104227, 26.900545256558416 ], [ 75.816776917221034, 26.900006266775847 ], [ 75.816507422779409, 26.900006266775847 ], [ 75.816237928337785, 26.899736772334222 ], [ 75.81596843299684, 26.899736772334222 ], [ 75.814890455230397, 26.899736772334222 ], [ 75.814081971006203, 26.900545256558416 ], [ 75.814081971006203, 26.901084245441609 ], [ 75.813812476564578, 26.901353739883234 ], [ 75.813812476564578, 26.902162224107428 ], [ 75.813273487681386, 26.902701212990621 ], [ 75.813003993239761, 26.902701212990621 ], [ 75.812734497898816, 26.902701212990621 ], [ 75.812465003457191, 26.902431718548996 ], [ 75.811656520132374, 26.902431718548996 ], [ 75.811387025690749, 26.902701212990621 ], [ 75.811117531249124, 26.902970707432246 ], [ 75.81084803590818, 26.902970707432246 ], [ 75.81030904702493, 26.903509697214815 ], [ 75.809770058141737, 26.903509697214815 ], [ 75.809500563700112, 26.903240201873871 ], [ 75.809231068359168, 26.903240201873871 ], [ 75.808961573917543, 26.903240201873871 ], [ 75.80842258503435, 26.903240201873871 ], [ 75.808153090592725, 26.903509697214815 ], [ 75.807344606368531, 26.903509697214815 ], [ 75.805997133261144, 26.903509697214815 ], [ 75.805458144377894, 26.902970707432246 ] ] ] } },
{ "type": "Feature", "properties": { "OBJECTID": 573.0, "LAYER": "Stream", "STREAM_ID": 5112, "IN_FLOW": 203.0, "OUT_FLOW": 252.0, "DRAIN_AREA": "0.2022 sq km", "STRAHLER": 1, "Shape_Leng": 0.0015707296128100001 }, "geometry": { "type": "MultiLineString", "coordinates": [ [ [ 75.836719516692426, 26.902431718548996 ], [ 75.836989011133994, 26.902701212990621 ], [ 75.836989011133994, 26.902970707432246 ], [ 75.836989011133994, 26.903240201873871 ], [ 75.836989011133994, 26.903509697214815 ], [ 75.837258505575619, 26.90377919165644 ] ] ] } },
{ "type": "Feature", "properties": { "OBJECTID": 574.0, "LAYER": "Stream", "STREAM_ID": 5115, "IN_FLOW": 221.0, "OUT_FLOW": 728.0, "DRAIN_AREA": "0.584 sq km", "STRAHLER": 1, "Shape_Leng": 0.0107447636478 }, "geometry": { "type": "MultiLineString", "coordinates": [ [ [ 75.738353992442853, 26.903240201873871 ], [ 75.738084498001228, 26.903240201873871 ], [ 75.737815003559604, 26.902970707432246 ], [ 75.735928541568967, 26.901084245441609 ], [ 75.735928541568967, 26.900814750999984 ], [ 75.735389552685774, 26.900275762116792 ], [ 75.735928541568967, 26.899736772334222 ], [ 75.735928541568967, 26.899197783450973 ], [ 75.736198036010592, 26.898928289009405 ], [ 75.736198036010592, 26.89865879456778 ], [ 75.737006520234786, 26.897850310343586 ], [ 75.737006520234786, 26.896502837236199 ], [ 75.737276014676411, 26.896233342794574 ], [ 75.738084498001228, 26.896233342794574 ], [ 75.738623487783798, 26.895694353911381 ] ] ] } },
{ "type": "Feature", "properties": { "OBJECTID": 575.0, "LAYER": "Stream", "STREAM_ID": 5116, "IN_FLOW": 20657.0, "OUT_FLOW": 21043.0, "DRAIN_AREA": "16.887 sq km", "STRAHLER": 3, "Shape_Leng": 0.0073146574911600003 }, "geometry": { "type": "MultiLineString", "coordinates": [ [ [ 75.796834317749642, 26.903240201873871 ], [ 75.796834317749642, 26.902970707432246 ], [ 75.796834317749642, 26.902701212990621 ], [ 75.796834317749642, 26.902431718548996 ], [ 75.79710381219121, 26.902162224107428 ], [ 75.79710381219121, 26.901623234324859 ], [ 75.796295328866393, 26.900814750999984 ], [ 75.796295328866393, 26.900545256558416 ], [ 75.795486844642198, 26.899736772334222 ], [ 75.795486844642198, 26.899467277892597 ], [ 75.795486844642198, 26.898928289009405 ], [ 75.794947855759006, 26.898389300126155 ], [ 75.794678361317381, 26.89811980478521 ], [ 75.794678361317381, 26.897041827018768 ] ] ] } },
{ "type": "Feature", "properties": { "OBJECTID": 576.0, "LAYER": "Stream", "STREAM_ID": 5117, "IN_FLOW": 201.0, "OUT_FLOW": 715.0, "DRAIN_AREA": "0.574 sq km", "STRAHLER": 1, "Shape_Leng": 0.019630152813900001 }, "geometry": { "type": "MultiLineString", "coordinates": [ [ [ 75.844265364654916, 26.894077386362369 ], [ 75.843456881330042, 26.894885869687187 ], [ 75.842648397105904, 26.894885869687187 ], [ 75.842109408222655, 26.895424859469756 ], [ 75.84183991378103, 26.895424859469756 ], [ 75.841570419339462, 26.895155365028131 ], [ 75.841300923998517, 26.895424859469756 ], [ 75.840492440673643, 26.896233342794574 ], [ 75.840222946232018, 26.896502837236199 ], [ 75.83995345179045, 26.896772332577143 ], [ 75.839683956449505, 26.896772332577143 ], [ 75.839414462007881, 26.896772332577143 ], [ 75.839144967566256, 26.896772332577143 ], [ 75.838875473124631, 26.897041827018768 ], [ 75.838336484241438, 26.897041827018768 ], [ 75.837797494458869, 26.897580815901961 ], [ 75.836989011133994, 26.898389300126155 ], [ 75.835641538026607, 26.898389300126155 ], [ 75.835102549143357, 26.898928289009405 ], [ 75.834833054701789, 26.898928289009405 ], [ 75.834563559360845, 26.898928289009405 ], [ 75.83429406491922, 26.898928289009405 ], [ 75.834024570477595, 26.898928289009405 ], [ 75.833485581594346, 26.899467277892597 ], [ 75.833216087152778, 26.899467277892597 ], [ 75.832946591811833, 26.899736772334222 ], [ 75.832677097370208, 26.899736772334222 ], [ 75.832407602928583, 26.900006266775847 ], [ 75.832407602928583, 26.900545256558416 ], [ 75.832138108486959, 26.900814750999984 ], [ 75.831868614045334, 26.900814750999984 ], [ 75.831599119603766, 26.901084245441609 ], [ 75.831329625162141, 26.901353739883234 ], [ 75.831329625162141, 26.901623234324859 ], [ 75.831060129821196, 26.901892729665803 ], [ 75.830521140937947, 26.901892729665803 ], [ 75.829982152054754, 26.902431718548996 ], [ 75.829982152054754, 26.902701212990621 ], [ 75.829982152054754, 26.902970707432246 ], [ 75.829712657613129, 26.903240201873871 ], [ 75.829712657613129, 26.903509697214815 ] ] ] } },
{ "type": "Feature", "properties": { "OBJECTID": 577.0, "LAYER": "Stream", "STREAM_ID": 5120, "IN_FLOW": 49509.0, "OUT_FLOW": 49659.0, "DRAIN_AREA": "39.85 sq km", "STRAHLER": 4, "Shape_Leng": 0.0046005600588499996 }, "geometry": { "type": "MultiLineString", "coordinates": [ [ [ 75.764225473227043, 26.902970707432246 ], [ 75.76368648344453, 26.902431718548996 ], [ 75.76368648344453, 26.901892729665803 ], [ 75.763147494561281, 26.901353739883234 ], [ 75.763147494561281, 26.900006266775847 ], [ 75.763147494561281, 26.899197783450973 ], [ 75.762878000119656, 26.898928289009405 ] ] ] } },
{ "type": "Feature", "properties": { "OBJECTID": 578.0, "LAYER": "Stream", "STREAM_ID": 5121, "IN_FLOW": 218.0, "OUT_FLOW": 682.0, "DRAIN_AREA": "0.547 sq km", "STRAHLER": 1, "Shape_Leng": 0.010121232222100001 }, "geometry": { "type": "MultiLineString", "coordinates": [ [ [ 75.771501826747965, 26.902162224107428 ], [ 75.771501826747965, 26.901623234324859 ], [ 75.77069334342309, 26.900814750999984 ], [ 75.770423848082203, 26.900814750999984 ], [ 75.769884859198953, 26.900275762116792 ], [ 75.769345870315703, 26.900275762116792 ], [ 75.769076375874079, 26.900545256558416 ], [ 75.769076375874079, 26.900814750999984 ], [ 75.768537386091566, 26.901353739883234 ], [ 75.768267891649941, 26.901353739883234 ], [ 75.767998397208316, 26.901353739883234 ], [ 75.766920418542554, 26.901353739883234 ], [ 75.76611193521768, 26.901353739883234 ], [ 75.765842440776055, 26.901353739883234 ], [ 75.765303450993542, 26.901353739883234 ], [ 75.764764462110293, 26.901892729665803 ], [ 75.764764462110293, 26.902162224107428 ], [ 75.764764462110293, 26.902431718548996 ], [ 75.764764462110293, 26.902701212990621 ], [ 75.764494967668668, 26.902970707432246 ], [ 75.764225473227043, 26.902970707432246 ] ] ] } },
{ "type": "Feature", "properties": { "OBJECTID": 579.0, "LAYER": "Stream", "STREAM_ID": 5122, "IN_FLOW": 207.0, "OUT_FLOW": 230.0, "DRAIN_AREA": "0.1846 sq km", "STRAHLER": 1, "Shape_Leng": 0.00152449204903 }, "geometry": { "type": "MultiLineString", "coordinates": [ [ [ 75.852350202399975, 26.902970707432246 ], [ 75.852080707958351, 26.902701212990621 ], [ 75.851541718175838, 26.902162224107428 ], [ 75.851811213516726, 26.901892729665803 ] ] ] } },
{ "type": "Feature", "properties": { "OBJECTID": 580.0, "LAYER": "Stream", "STREAM_ID": 5128, "IN_FLOW": 296.0, "OUT_FLOW": 399.0, "DRAIN_AREA": "0.3202 sq km", "STRAHLER": 1, "Shape_Leng": 0.0055860625889000001 }, "geometry": { "type": "MultiLineString", "coordinates": [ [ [ 75.809770058141737, 26.900814750999984 ], [ 75.809231068359168, 26.901353739883234 ], [ 75.808692079475918, 26.901353739883234 ], [ 75.80842258503435, 26.901084245441609 ], [ 75.808153090592725, 26.901084245441609 ], [ 75.8078835961511, 26.901353739883234 ], [ 75.8078835961511, 26.901623234324859 ], [ 75.807344606368531, 26.902162224107428 ], [ 75.806805617485338, 26.902162224107428 ], [ 75.806266628602089, 26.902701212990621 ], [ 75.805997133261144, 26.902701212990621 ], [ 75.805727638819519, 26.902701212990621 ], [ 75.805458144377894, 26.902970707432246 ] ] ] } },
{ "type": "Feature", "properties": { "OBJECTID": 581.0, "LAYER": "Stream", "STREAM_ID": 5134, "IN_FLOW": 3392.0, "OUT_FLOW": 3720.0, "DRAIN_AREA": "2.985 sq km", "STRAHLER": 2, "Shape_Leng": 0.0026624719327200002 }, "geometry": { "type": "MultiLineString", "coordinates": [ [ [ 75.698468794399389, 26.902431718548996 ], [ 75.698199299957764, 26.902431718548996 ], [ 75.697660310175252, 26.901892729665803 ], [ 75.697660310175252, 26.900814750999984 ], [ 75.697269454921468, 26.900423895746258 ] ] ] } },
{ "type": "Feature", "properties": { "OBJECTID": 582.0, "LAYER": "Stream", "STREAM_ID": 5135, "IN_FLOW": 204.0, "OUT_FLOW": 998.0, "DRAIN_AREA": "0.801 sq km", "STRAHLER": 1, "Shape_Leng": 0.012092237282 }, "geometry": { "type": "MultiLineString", "coordinates": [ [ [ 75.847229805311315, 26.897311321460393 ], [ 75.845073848879053, 26.899467277892597 ], [ 75.845073848879053, 26.899736772334222 ], [ 75.845073848879053, 26.900545256558416 ], [ 75.845343343320678, 26.900814750999984 ], [ 75.845882332203928, 26.901353739883234 ], [ 75.846151826645553, 26.901353739883234 ], [ 75.846690816428065, 26.901353739883234 ], [ 75.84749929975294, 26.902162224107428 ], [ 75.847768794194565, 26.902431718548996 ], [ 75.848038288636189, 26.902162224107428 ], [ 75.848307783977077, 26.901892729665803 ], [ 75.849116267301952, 26.901892729665803 ], [ 75.849385761743576, 26.901892729665803 ], [ 75.849655256185201, 26.901892729665803 ], [ 75.849924751526146, 26.901892729665803 ], [ 75.850194245967714, 26.901892729665803 ], [ 75.850463740409339, 26.901892729665803 ], [ 75.850733234850964, 26.902162224107428 ], [ 75.851272223734213, 26.902162224107428 ], [ 75.851541718175838, 26.901892729665803 ], [ 75.851811213516726, 26.901892729665803 ] ] ] } },
{ "type": "Feature", "properties": { "OBJECTID": 583.0, "LAYER": "Stream", "STREAM_ID": 5140, "IN_FLOW": 210.0, "OUT_FLOW": 221.0, "DRAIN_AREA": "0.1773 sq km", "STRAHLER": 1, "Shape_Leng": 0.0011433693547800001 }, "geometry": { "type": "MultiLineString", "coordinates": [ [ [ 75.704128180371299, 26.902162224107428 ], [ 75.704936664595436, 26.901353739883234 ] ] ] } },
{ "type": "Feature", "properties": { "OBJECTID": 584.0, "LAYER": "Stream", "STREAM_ID": 5141, "IN_FLOW": 4290.0, "OUT_FLOW": 6694.0, "DRAIN_AREA": "5.372 sq km", "STRAHLER": 3, "Shape_Leng": 0.037637801665100001 }, "geometry": { "type": "MultiLineString", "coordinates": [ [ [ 75.879838649833857, 26.902162224107428 ], [ 75.880108144275482, 26.902162224107428 ], [ 75.880377639616427, 26.901892729665803 ], [ 75.880916628499676, 26.901892729665803 ], [ 75.881725111824494, 26.901084245441609 ], [ 75.881994607165439, 26.900814750999984 ], [ 75.881994607165439, 26.900545256558416 ], [ 75.883072584931881, 26.899467277892597 ], [ 75.883881069156075, 26.899467277892597 ], [ 75.8841505635977, 26.899736772334222 ], [ 75.884689552480893, 26.899736772334222 ], [ 75.885228541364143, 26.899197783450973 ], [ 75.885498036705087, 26.898928289009405 ], [ 75.885767531146712, 26.899197783450973 ], [ 75.88657601447153, 26.899197783450973 ], [ 75.886845508913154, 26.899197783450973 ], [ 75.887653993137349, 26.898389300126155 ], [ 75.888462476462166, 26.898389300126155 ], [ 75.888731971803111, 26.89811980478521 ], [ 75.888731971803111, 26.897580815901961 ], [ 75.88927096068636, 26.897041827018768 ], [ 75.88927096068636, 26.895963848352949 ], [ 75.88927096068636, 26.895694353911381 ], [ 75.890079444011178, 26.894885869687187 ], [ 75.891426917118565, 26.894885869687187 ], [ 75.89169641156019, 26.895155365028131 ], [ 75.891965906001815, 26.895155365028131 ], [ 75.892235401342759, 26.895424859469756 ], [ 75.892504895784384, 26.895424859469756 ], [ 75.893043884667577, 26.895424859469756 ], [ 75.893313379109202, 26.895155365028131 ], [ 75.894391357775021, 26.895155365028131 ], [ 75.895469336440783, 26.895155365028131 ], [ 75.895738830882408, 26.895155365028131 ], [ 75.896277819765601, 26.894616375245562 ], [ 75.896547314207226, 26.894616375245562 ], [ 75.897894787314613, 26.893268902138175 ], [ 75.898164281756237, 26.893268902138175 ], [ 75.898972765980432, 26.8924604188133 ], [ 75.899511754863624, 26.8924604188133 ], [ 75.900320238188499, 26.8924604188133 ], [ 75.900859227971068, 26.89299940769655 ], [ 75.901398216854261, 26.8924604188133 ], [ 75.901398216854261, 26.891921429930107 ], [ 75.901398216854261, 26.891651935488483 ], [ 75.901398216854261, 26.891112945705913 ], [ 75.901937205737511, 26.89057395682272 ], [ 75.901937205737511, 26.890034967939471 ], [ 75.903015184403273, 26.888956989273709 ], [ 75.903015184403273, 26.888148505049514 ], [ 75.902745689961705, 26.88787901060789 ], [ 75.90247619552008, 26.88787901060789 ], [ 75.901937205737511, 26.887340021724697 ], [ 75.901937205737511, 26.885992548617253 ], [ 75.903015184403273, 26.88491457085081 ], [ 75.90320581909333, 26.88491457085081 ] ] ] } },
{ "type": "Feature", "properties": { "OBJECTID": 585.0, "LAYER": "Stream", "STREAM_ID": 5146, "IN_FLOW": 3201.0, "OUT_FLOW": 3253.0, "DRAIN_AREA": "2.61 sq km", "STRAHLER": 2, "Shape_Leng": 0.0037266866809699999 }, "geometry": { "type": "MultiLineString", "coordinates": [ [ [ 75.751828721718198, 26.901892729665803 ], [ 75.751828721718198, 26.901084245441609 ], [ 75.752098217059142, 26.900814750999984 ], [ 75.752098217059142, 26.899467277892597 ], [ 75.752367711500767, 26.899197783450973 ], [ 75.752367711500767, 26.89865879456778 ], [ 75.752367711500767, 26.898389300126155 ] ] ] } },
{ "type": "Feature", "properties": { "OBJECTID": 586.0, "LAYER": "Stream", "STREAM_ID": 5147, "IN_FLOW": 1232.0, "OUT_FLOW": 2233.0, "DRAIN_AREA": "1.792 sq km", "STRAHLER": 2, "Shape_Leng": 0.014471450592299999 }, "geometry": { "type": "MultiLineString", "coordinates": [ [ [ 75.851811213516726, 26.901892729665803 ], [ 75.852080707958351, 26.901892729665803 ], [ 75.852350202399975, 26.901623234324859 ], [ 75.8526196968416, 26.901623234324859 ], [ 75.852889191283225, 26.901353739883234 ], [ 75.853697675507362, 26.900545256558416 ], [ 75.853697675507362, 26.900275762116792 ], [ 75.854775653273862, 26.899197783450973 ], [ 75.855045148614749, 26.898928289009405 ], [ 75.855314643056374, 26.898928289009405 ], [ 75.855584137497999, 26.89865879456778 ], [ 75.856123126381249, 26.89865879456778 ], [ 75.856392620822874, 26.89865879456778 ], [ 75.856662116163761, 26.89865879456778 ], [ 75.856931610605386, 26.89865879456778 ], [ 75.857201105047011, 26.89865879456778 ], [ 75.857740093930261, 26.89865879456778 ], [ 75.858009588371885, 26.898928289009405 ], [ 75.858818072596023, 26.898928289009405 ], [ 75.859087567037648, 26.898928289009405 ], [ 75.86016554570341, 26.897850310343586 ], [ 75.86016554570341, 26.897580815901961 ], [ 75.860435040145035, 26.897311321460393 ], [ 75.860435040145035, 26.897041827018768 ], [ 75.86070453458666, 26.896772332577143 ], [ 75.86070453458666, 26.895963848352949 ], [ 75.860974029028284, 26.895694353911381 ], [ 75.860974029028284, 26.895155365028131 ], [ 75.860974029028284, 26.894885869687187 ], [ 75.861243523469909, 26.894616375245562 ], [ 75.861513017911477, 26.894346880803937 ] ] ] } },
{ "type": "Feature", "properties": { "OBJECTID": 587.0, "LAYER": "Stream", "STREAM_ID": 5153, "IN_FLOW": 228.0, "OUT_FLOW": 316.0, "DRAIN_AREA": "0.2536 sq km", "STRAHLER": 1, "Shape_Leng": 0.00466595037538 }, "geometry": { "type": "MultiLineString", "coordinates": [ [ [ 75.782281609808479, 26.901623234324859 ], [ 75.781742620925286, 26.901084245441609 ], [ 75.781473126483661, 26.900814750999984 ], [ 75.780664642259467, 26.900814750999984 ], [ 75.780395147817899, 26.900545256558416 ], [ 75.780125653376274, 26.900545256558416 ], [ 75.779317170051399, 26.899736772334222 ], [ 75.779047675609775, 26.899736772334222 ], [ 75.778778180268887, 26.900006266775847 ], [ 75.778508685827262, 26.900006266775847 ] ] ] } },
{ "type": "Feature", "properties": { "OBJECTID": 588.0, "LAYER": "Stream", "STREAM_ID": 5158, "IN_FLOW": 774.0, "OUT_FLOW": 785.0, "DRAIN_AREA": "0.63 sq km", "STRAHLER": 2, "Shape_Leng": 0.0011896060191599999 }, "geometry": { "type": "MultiLineString", "coordinates": [ [ [ 75.704936664595436, 26.901353739883234 ], [ 75.704936664595436, 26.900814750999984 ], [ 75.705206159037061, 26.900545256558416 ], [ 75.705206159037061, 26.900275762116792 ] ] ] } },
{ "type": "Feature", "properties": { "OBJECTID": 589.0, "LAYER": "Stream", "STREAM_ID": 5169, "IN_FLOW": 232.0, "OUT_FLOW": 737.0, "DRAIN_AREA": "0.591 sq km", "STRAHLER": 1, "Shape_Leng": 0.012315493524 }, "geometry": { "type": "MultiLineString", "coordinates": [ [ [ 75.82917366783056, 26.896233342794574 ], [ 75.828904173388935, 26.896502837236199 ], [ 75.828095690064117, 26.897311321460393 ], [ 75.828095690064117, 26.897580815901961 ], [ 75.828095690064117, 26.89811980478521 ], [ 75.827826194723173, 26.898389300126155 ], [ 75.827017711398298, 26.899197783450973 ], [ 75.826478722515105, 26.899736772334222 ], [ 75.826209227174161, 26.899736772334222 ], [ 75.825939732732536, 26.899736772334222 ], [ 75.825670238290911, 26.899467277892597 ], [ 75.824592260524469, 26.899467277892597 ], [ 75.824322765183524, 26.899197783450973 ], [ 75.823783776300274, 26.899736772334222 ], [ 75.823244787417082, 26.900275762116792 ], [ 75.822705797634512, 26.900275762116792 ], [ 75.822436303192887, 26.900545256558416 ], [ 75.822166808751263, 26.900545256558416 ], [ 75.821897314309638, 26.900545256558416 ], [ 75.821358325426445, 26.901084245441609 ], [ 75.820549841202251, 26.901084245441609 ], [ 75.820010852319058, 26.900545256558416 ] ] ] } },
{ "type": "Feature", "properties": { "OBJECTID": 590.0, "LAYER": "Stream", "STREAM_ID": 5173, "IN_FLOW": 5979.0, "OUT_FLOW": 7054.0, "DRAIN_AREA": "5.661 sq km", "STRAHLER": 3, "Shape_Leng": 0.016357914490599999 }, "geometry": { "type": "MultiLineString", "coordinates": [ [ [ 75.715177458772757, 26.900814750999984 ], [ 75.71436897454862, 26.900006266775847 ], [ 75.714099480106995, 26.900006266775847 ], [ 75.71382998566537, 26.899736772334222 ], [ 75.713560491223745, 26.899467277892597 ], [ 75.713560491223745, 26.898928289009405 ], [ 75.713560491223745, 26.896772332577143 ], [ 75.713290996782121, 26.896502837236199 ], [ 75.713021501441176, 26.896772332577143 ], [ 75.712213018116358, 26.896772332577143 ], [ 75.710596050567347, 26.895155365028131 ], [ 75.70924857745996, 26.895155365028131 ], [ 75.708979083018335, 26.894885869687187 ], [ 75.707901104352516, 26.894885869687187 ], [ 75.707631609910948, 26.894885869687187 ], [ 75.707092621027698, 26.894346880803937 ], [ 75.706823126586073, 26.894346880803937 ], [ 75.706553632144448, 26.894077386362369 ], [ 75.706553632144448, 26.893807891920744 ], [ 75.706284136803504, 26.893538397479119 ], [ 75.706284136803504, 26.893268902138175 ], [ 75.706014642361936, 26.89299940769655 ], [ 75.706014642361936, 26.8924604188133 ], [ 75.706014642361936, 26.892190924371732 ], [ 75.705475653478686, 26.891651935488483 ], [ 75.705475653478686, 26.891382440147538 ] ] ] } },
{ "type": "Feature", "properties": { "OBJECTID": 591.0, "LAYER": "Stream", "STREAM_ID": 5174, "IN_FLOW": 4842.0, "OUT_FLOW": 4850.0, "DRAIN_AREA": "3.892 sq km", "STRAHLER": 3, "Shape_Leng": 0.00080848332487400002 }, "geometry": { "type": "MultiLineString", "coordinates": [ [ [ 75.715985942097632, 26.900814750999984 ], [ 75.715177458772757, 26.900814750999984 ] ] ] } },
{ "type": "Feature", "properties": { "OBJECTID": 592.0, "LAYER": "Stream", "STREAM_ID": 5179, "IN_FLOW": 229.0, "OUT_FLOW": 229.0, "DRAIN_AREA": "0.1838 sq km", "STRAHLER": 1, "Shape_Leng": 0.00038112269432999998 }, "geometry": { "type": "MultiLineString", "coordinates": [ [ [ 75.705475653478686, 26.900545256558416 ], [ 75.705206159037061, 26.900275762116792 ] ] ] } },
{ "type": "Feature", "properties": { "OBJECTID": 593.0, "LAYER": "Stream", "STREAM_ID": 5180, "IN_FLOW": 200.0, "OUT_FLOW": 424.0, "DRAIN_AREA": "0.3403 sq km", "STRAHLER": 1, "Shape_Leng": 0.010390729207499999 }, "geometry": { "type": "MultiLineString", "coordinates": [ [ [ 75.893313379109202, 26.900275762116792 ], [ 75.893582873550827, 26.900275762116792 ], [ 75.893852368891771, 26.900006266775847 ], [ 75.894121863333396, 26.900006266775847 ], [ 75.894660852216589, 26.900545256558416 ], [ 75.894930346658214, 26.900545256558416 ], [ 75.895199841099839, 26.900545256558416 ], [ 75.896008325324033, 26.900545256558416 ], [ 75.896277819765601, 26.900275762116792 ], [ 75.898433776197862, 26.900275762116792 ], [ 75.898972765980432, 26.900275762116792 ], [ 75.899242260422056, 26.900006266775847 ], [ 75.899511754863624, 26.900006266775847 ], [ 75.900320238188499, 26.899197783450973 ], [ 75.900589733529443, 26.898928289009405 ], [ 75.900589733529443, 26.89865879456778 ], [ 75.900859227971068, 26.898389300126155 ], [ 75.901667711295886, 26.898389300126155 ], [ 75.901937205737511, 26.89811980478521 ], [ 75.902206701078455, 26.89811980478521 ] ] ] } },
{ "type": "Feature", "properties": { "OBJECTID": 594.0, "LAYER": "Stream", "STREAM_ID": 5188, "IN_FLOW": 1020.0, "OUT_FLOW": 1473.0, "DRAIN_AREA": "1.182 sq km", "STRAHLER": 2, "Shape_Leng": 0.0099362800596799992 }, "geometry": { "type": "MultiLineString", "coordinates": [ [ [ 75.705206159037061, 26.900275762116792 ], [ 75.704936664595436, 26.900006266775847 ], [ 75.704936664595436, 26.899736772334222 ], [ 75.705206159037061, 26.899467277892597 ], [ 75.705206159037061, 26.899197783450973 ], [ 75.705475653478686, 26.898928289009405 ], [ 75.705206159037061, 26.89865879456778 ], [ 75.705206159037061, 26.898389300126155 ], [ 75.704667169254492, 26.897850310343586 ], [ 75.704667169254492, 26.897580815901961 ], [ 75.704397674812924, 26.897311321460393 ], [ 75.704397674812924, 26.897041827018768 ], [ 75.702780707263912, 26.895424859469756 ], [ 75.701702729497413, 26.894346880803937 ], [ 75.701433235055788, 26.894346880803937 ], [ 75.7011637397149, 26.894616375245562 ], [ 75.700624750831651, 26.894616375245562 ], [ 75.700355256390026, 26.894885869687187 ], [ 75.699816267506776, 26.894885869687187 ] ] ] } },
{ "type": "Feature", "properties": { "OBJECTID": 595.0, "LAYER": "Stream", "STREAM_ID": 5189, "IN_FLOW": 200.0, "OUT_FLOW": 700.0, "DRAIN_AREA": "0.562 sq km", "STRAHLER": 1, "Shape_Leng": 0.0109026311086 }, "geometry": { "type": "MultiLineString", "coordinates": [ [ [ 75.733233595354193, 26.900275762116792 ], [ 75.733233595354193, 26.898389300126155 ], [ 75.733503090695137, 26.89811980478521 ], [ 75.735659047127399, 26.895963848352949 ], [ 75.735659047127399, 26.895424859469756 ], [ 75.736737024893841, 26.894346880803937 ], [ 75.736737024893841, 26.894077386362369 ], [ 75.737545509118036, 26.893268902138175 ], [ 75.737545509118036, 26.892190924371732 ], [ 75.737545509118036, 26.891921429930107 ], [ 75.738084498001228, 26.891382440147538 ] ] ] } },
{ "type": "Feature", "properties": { "OBJECTID": 596.0, "LAYER": "Stream", "STREAM_ID": 5190, "IN_FLOW": 226.0, "OUT_FLOW": 377.0, "DRAIN_AREA": "0.3025 sq km", "STRAHLER": 1, "Shape_Leng": 0.0029835927733000002 }, "geometry": { "type": "MultiLineString", "coordinates": [ [ [ 75.755332151257846, 26.900275762116792 ], [ 75.755062656816222, 26.900006266775847 ], [ 75.753984679049779, 26.898928289009405 ], [ 75.75290670038396, 26.898928289009405 ] ] ] } },
{ "type": "Feature", "properties": { "OBJECTID": 597.0, "LAYER": "Stream", "STREAM_ID": 5191, "IN_FLOW": 209.0, "OUT_FLOW": 219.0, "DRAIN_AREA": "0.1757 sq km", "STRAHLER": 1, "Shape_Leng": 0.00118960691852 }, "geometry": { "type": "MultiLineString", "coordinates": [ [ [ 75.787132512455514, 26.900275762116792 ], [ 75.787132512455514, 26.899736772334222 ], [ 75.787132512455514, 26.899467277892597 ], [ 75.787402006897139, 26.899197783450973 ] ] ] } },
{ "type": "Feature", "properties": { "OBJECTID": 598.0, "LAYER": "Stream", "STREAM_ID": 5192, "IN_FLOW": 202.0, "OUT_FLOW": 213.0, "DRAIN_AREA": "0.1709 sq km", "STRAHLER": 1, "Shape_Leng": 0.0011433687188700001 }, "geometry": { "type": "MultiLineString", "coordinates": [ [ [ 75.820819335643876, 26.899736772334222 ], [ 75.820549841202251, 26.900006266775847 ], [ 75.820010852319058, 26.900545256558416 ] ] ] } },
{ "type": "Feature", "properties": { "OBJECTID": 599.0, "LAYER": "Stream", "STREAM_ID": 5196, "IN_FLOW": 902.0, "OUT_FLOW": 1389.0, "DRAIN_AREA": "1.115 sq km", "STRAHLER": 2, "Shape_Leng": 0.011218363377300001 }, "geometry": { "type": "MultiLineString", "coordinates": [ [ [ 75.778508685827262, 26.900006266775847 ], [ 75.778239191385637, 26.900006266775847 ], [ 75.777969696944012, 26.899736772334222 ], [ 75.777700202502388, 26.899736772334222 ], [ 75.777161212719875, 26.899197783450973 ], [ 75.77689171827825, 26.898928289009405 ], [ 75.776622223836625, 26.898928289009405 ], [ 75.775813740511751, 26.898928289009405 ], [ 75.775544245170806, 26.89865879456778 ], [ 75.775544245170806, 26.897580815901961 ], [ 75.775274750729238, 26.897311321460393 ], [ 75.774196772962739, 26.896233342794574 ], [ 75.773927277621794, 26.896233342794574 ], [ 75.773388288738602, 26.895694353911381 ], [ 75.772849299855352, 26.895694353911381 ], [ 75.772579805413727, 26.895424859469756 ], [ 75.772579805413727, 26.894077386362369 ], [ 75.77177132118959, 26.893268902138175 ], [ 75.77177132118959, 26.89299940769655 ] ] ] } },
{ "type": "Feature", "properties": { "OBJECTID": 600.0, "LAYER": "Stream", "STREAM_ID": 5206, "IN_FLOW": 3009.0, "OUT_FLOW": 3393.0, "DRAIN_AREA": "2.723 sq km", "STRAHLER": 2, "Shape_Leng": 0.0084388743566000003 }, "geometry": { "type": "MultiLineString", "coordinates": [ [ [ 75.787402006897139, 26.899197783450973 ], [ 75.787402006897139, 26.898928289009405 ], [ 75.787402006897139, 26.89811980478521 ], [ 75.786593523572321, 26.897311321460393 ], [ 75.786054534689072, 26.897311321460393 ], [ 75.785785040247447, 26.897041827018768 ], [ 75.785785040247447, 26.896772332577143 ], [ 75.785785040247447, 26.894885869687187 ], [ 75.785785040247447, 26.894616375245562 ], [ 75.785515544906502, 26.894346880803937 ], [ 75.785246050464934, 26.894077386362369 ], [ 75.78497655602331, 26.894077386362369 ], [ 75.784707061581685, 26.893807891920744 ], [ 75.784168072698435, 26.893807891920744 ], [ 75.78389857735749, 26.893538397479119 ], [ 75.783359588474298, 26.893538397479119 ] ] ] } },
{ "type": "Feature", "properties": { "OBJECTID": 601.0, "LAYER": "Stream", "STREAM_ID": 5213, "IN_FLOW": 819.0, "OUT_FLOW": 826.0, "DRAIN_AREA": "0.663 sq km", "STRAHLER": 2, "Shape_Leng": 0.00076224538862000005 }, "geometry": { "type": "MultiLineString", "coordinates": [ [ [ 75.75290670038396, 26.898928289009405 ], [ 75.752637205942335, 26.89865879456778 ], [ 75.752367711500767, 26.898389300126155 ] ] ] } },
{ "type": "Feature", "properties": { "OBJECTID": 602.0, "LAYER": "Stream", "STREAM_ID": 5214, "IN_FLOW": 83772.0, "OUT_FLOW": 85306.0, "DRAIN_AREA": "68.456 sq km", "STRAHLER": 5, "Shape_Leng": 0.015122068364 }, "geometry": { "type": "MultiLineString", "coordinates": [ [ [ 75.762878000119656, 26.898928289009405 ], [ 75.761261032570644, 26.897311321460393 ], [ 75.760452549245827, 26.897311321460393 ], [ 75.759913559463257, 26.896772332577143 ], [ 75.759913559463257, 26.896502837236199 ], [ 75.760183053904882, 26.896233342794574 ], [ 75.760183053904882, 26.895963848352949 ], [ 75.760183053904882, 26.895694353911381 ], [ 75.759105076138383, 26.894616375245562 ], [ 75.759105076138383, 26.894346880803937 ], [ 75.757218614147803, 26.8924604188133 ], [ 75.757218614147803, 26.891921429930107 ], [ 75.757218614147803, 26.890843451264288 ], [ 75.756949118806858, 26.89057395682272 ], [ 75.756949118806858, 26.887340021724697 ], [ 75.756679624365233, 26.887070527283072 ] ] ] } },
{ "type": "Feature", "properties": { "OBJECTID": 603.0, "LAYER": "Stream", "STREAM_ID": 5220, "IN_FLOW": 212.0, "OUT_FLOW": 482.0, "DRAIN_AREA": "0.3868 sq km", "STRAHLER": 1, "Shape_Leng": 0.0023329753739400002 }, "geometry": { "type": "MultiLineString", "coordinates": [ [ [ 75.798181790857029, 26.89865879456778 ], [ 75.797912296415404, 26.89865879456778 ], [ 75.797373306632835, 26.89811980478521 ], [ 75.797373306632835, 26.897580815901961 ], [ 75.79710381219121, 26.897311321460393 ], [ 75.796834317749642, 26.897041827018768 ] ] ] } },
{ "type": "Feature", "properties": { "OBJECTID": 604.0, "LAYER": "Stream", "STREAM_ID": 5226, "IN_FLOW": 201.0, "OUT_FLOW": 836.0, "DRAIN_AREA": "0.671 sq km", "STRAHLER": 1, "Shape_Leng": 0.0085234186977199995 }, "geometry": { "type": "MultiLineString", "coordinates": [ [ [ 75.748055797736924, 26.898389300126155 ], [ 75.748325292178549, 26.89811980478521 ], [ 75.749133776402743, 26.89811980478521 ], [ 75.749403270844311, 26.897850310343586 ], [ 75.749403270844311, 26.897580815901961 ], [ 75.747516808853675, 26.895694353911381 ], [ 75.746169335746288, 26.894346880803937 ], [ 75.746169335746288, 26.893807891920744 ], [ 75.746708324629537, 26.893268902138175 ], [ 75.747516808853675, 26.893268902138175 ] ] ] } },
{ "type": "Feature", "properties": { "OBJECTID": 605.0, "LAYER": "Stream", "STREAM_ID": 5227, "IN_FLOW": 4086.0, "OUT_FLOW": 4322.0, "DRAIN_AREA": "3.468 sq km", "STRAHLER": 3, "Shape_Leng": 0.0074454402954200003 }, "geometry": { "type": "MultiLineString", "coordinates": [ [ [ 75.752367711500767, 26.898389300126155 ], [ 75.750481249510131, 26.896502837236199 ], [ 75.750211754169186, 26.896502837236199 ], [ 75.749403270844311, 26.895694353911381 ], [ 75.749403270844311, 26.895155365028131 ], [ 75.748325292178549, 26.894077386362369 ], [ 75.748055797736924, 26.894077386362369 ], [ 75.7477863032953, 26.893807891920744 ], [ 75.747516808853675, 26.893538397479119 ], [ 75.747516808853675, 26.893268902138175 ] ] ] } },
{ "type": "Feature", "properties": { "OBJECTID": 606.0, "LAYER": "Stream", "STREAM_ID": 5232, "IN_FLOW": 209.0, "OUT_FLOW": 548.0, "DRAIN_AREA": "0.4398 sq km", "STRAHLER": 1, "Shape_Leng": 0.00260246981557 }, "geometry": { "type": "MultiLineString", "coordinates": [ [ [ 75.870136844539786, 26.89811980478521 ], [ 75.870406339880731, 26.897850310343586 ], [ 75.870675834322356, 26.897850310343586 ], [ 75.871214823205605, 26.897850310343586 ], [ 75.871484317647173, 26.897580815901961 ], [ 75.871753812088798, 26.897580815901961 ], [ 75.872292801871367, 26.897041827018768 ] ] ] } },
{ "type": "Feature", "properties": { "OBJECTID": 607.0, "LAYER": "Stream", "STREAM_ID": 5233, "IN_FLOW": 4379.0, "OUT_FLOW": 4382.0, "DRAIN_AREA": "3.516 sq km", "STRAHLER": 3, "Shape_Leng": 0.00076224538865999995 }, "geometry": { "type": "MultiLineString", "coordinates": [ [ [ 75.902206701078455, 26.89811980478521 ], [ 75.90247619552008, 26.897850310343586 ], [ 75.902745689961705, 26.897580815901961 ] ] ] } },
{ "type": "Feature", "properties": { "OBJECTID": 608.0, "LAYER": "Stream", "STREAM_ID": 5242, "IN_FLOW": 4602.0, "OUT_FLOW": 5130.0, "DRAIN_AREA": "4.117 sq km", "STRAHLER": 3, "Shape_Leng": 0.00419798668101 }, "geometry": { "type": "MultiLineString", "coordinates": [ [ [ 75.902745689961705, 26.897580815901961 ], [ 75.903015184403273, 26.897580815901961 ], [ 75.903284678844898, 26.897580815901961 ], [ 75.903554173286523, 26.897580815901961 ], [ 75.903823667728147, 26.897311321460393 ], [ 75.906518613942922, 26.897311321460393 ], [ 75.906740245565913, 26.897089689837344 ] ] ] } },
{ "type": "Feature", "properties": { "OBJECTID": 609.0, "LAYER": "Stream", "STREAM_ID": 5248, "IN_FLOW": 4890.0, "OUT_FLOW": 5003.0, "DRAIN_AREA": "4.015 sq km", "STRAHLER": 2, "Shape_Leng": 0.0026024691796899999 }, "geometry": { "type": "MultiLineString", "coordinates": [ [ [ 75.796834317749642, 26.897041827018768 ], [ 75.796564823308017, 26.897311321460393 ], [ 75.796295328866393, 26.897311321460393 ], [ 75.795756339083823, 26.896772332577143 ], [ 75.795486844642198, 26.896772332577143 ], [ 75.79521735020063, 26.897041827018768 ], [ 75.794678361317381, 26.897041827018768 ] ] ] } },
{ "type": "Feature", "properties": { "OBJECTID": 610.0, "LAYER": "Stream", "STREAM_ID": 5249, "IN_FLOW": 202.0, "OUT_FLOW": 213.0, "DRAIN_AREA": "0.1709 sq km", "STRAHLER": 1, "Shape_Leng": 0.0011433687188700001 }, "geometry": { "type": "MultiLineString", "coordinates": [ [ [ 75.901937205737511, 26.896772332577143 ], [ 75.902745689961705, 26.897580815901961 ] ] ] } },
{ "type": "Feature", "properties": { "OBJECTID": 611.0, "LAYER": "Stream", "STREAM_ID": 5254, "IN_FLOW": 208.0, "OUT_FLOW": 229.0, "DRAIN_AREA": "0.1838 sq km", "STRAHLER": 1, "Shape_Leng": 0.0017939858547799999 }, "geometry": { "type": "MultiLineString", "coordinates": [ [ [ 75.73970146555024, 26.897041827018768 ], [ 75.739431971108615, 26.896772332577143 ], [ 75.738892982225423, 26.896233342794574 ], [ 75.738892982225423, 26.895963848352949 ], [ 75.738623487783798, 26.895694353911381 ] ] ] } },
{ "type": "Feature", "properties": { "OBJECTID": 612.0, "LAYER": "Stream", "STREAM_ID": 5255, "IN_FLOW": 26056.0, "OUT_FLOW": 26190.0, "DRAIN_AREA": "21.017 sq km", "STRAHLER": 3, "Shape_Leng": 0.0028257269568900002 }, "geometry": { "type": "MultiLineString", "coordinates": [ [ [ 75.794678361317381, 26.897041827018768 ], [ 75.794139371534811, 26.896502837236199 ], [ 75.794139371534811, 26.895963848352949 ], [ 75.793600382651618, 26.895424859469756 ], [ 75.793061393768369, 26.894885869687187 ] ] ] } },
{ "type": "Feature", "properties": { "OBJECTID": 613.0, "LAYER": "Stream", "STREAM_ID": 5256, "IN_FLOW": 1793.0, "OUT_FLOW": 3213.0, "DRAIN_AREA": "2.578 sq km", "STRAHLER": 2, "Shape_Leng": 0.028207742887 }, "geometry": { "type": "MultiLineString", "coordinates": [ [ [ 75.824322765183524, 26.889765472598526 ], [ 75.823244787417082, 26.889765472598526 ], [ 75.822975292975457, 26.890034967939471 ], [ 75.822705797634512, 26.890034967939471 ], [ 75.822166808751263, 26.89057395682272 ], [ 75.822166808751263, 26.890843451264288 ], [ 75.822705797634512, 26.891382440147538 ], [ 75.822705797634512, 26.891651935488483 ], [ 75.823244787417082, 26.892190924371732 ], [ 75.823244787417082, 26.892729913254925 ], [ 75.822975292975457, 26.89299940769655 ], [ 75.822975292975457, 26.893268902138175 ], [ 75.822705797634512, 26.893538397479119 ], [ 75.822436303192887, 26.893538397479119 ], [ 75.822166808751263, 26.893807891920744 ], [ 75.82162781986807, 26.893807891920744 ], [ 75.821358325426445, 26.893807891920744 ], [ 75.820549841202251, 26.893807891920744 ], [ 75.820280346760626, 26.893538397479119 ], [ 75.820010852319058, 26.893538397479119 ], [ 75.819741357877433, 26.893807891920744 ], [ 75.819471862536489, 26.894077386362369 ], [ 75.819471862536489, 26.894616375245562 ], [ 75.819202368094864, 26.894885869687187 ], [ 75.819202368094864, 26.895963848352949 ], [ 75.818932873653239, 26.896233342794574 ], [ 75.818124390328421, 26.896233342794574 ], [ 75.817046411662602, 26.896233342794574 ], [ 75.816776917221034, 26.896502837236199 ], [ 75.81542944411359, 26.896502837236199 ], [ 75.814890455230397, 26.896502837236199 ], [ 75.814351465447828, 26.897041827018768 ], [ 75.814081971006203, 26.897041827018768 ], [ 75.81354298212301, 26.896502837236199 ], [ 75.812195509015567, 26.896502837236199 ], [ 75.811926014573942, 26.896502837236199 ], [ 75.811117531249124, 26.896502837236199 ], [ 75.810578541466555, 26.897041827018768 ], [ 75.81030904702493, 26.897041827018768 ], [ 75.810039552583362, 26.896772332577143 ], [ 75.809770058141737, 26.896502837236199 ], [ 75.808961573917543, 26.895694353911381 ], [ 75.808692079475918, 26.895694353911381 ], [ 75.808153090592725, 26.895155365028131 ], [ 75.808153090592725, 26.894885869687187 ], [ 75.807614100810156, 26.894346880803937 ], [ 75.807344606368531, 26.894077386362369 ], [ 75.807075111926906, 26.893807891920744 ], [ 75.805727638819519, 26.893807891920744 ], [ 75.805458144377894, 26.893807891920744 ], [ 75.805188649936326, 26.893807891920744 ] ] ] } },
{ "type": "Feature", "properties": { "OBJECTID": 614.0, "LAYER": "Stream", "STREAM_ID": 5257, "IN_FLOW": 784.0, "OUT_FLOW": 1138.0, "DRAIN_AREA": "0.913 sq km", "STRAHLER": 2, "Shape_Leng": 0.0078074100825399999 }, "geometry": { "type": "MultiLineString", "coordinates": [ [ [ 75.872292801871367, 26.897041827018768 ], [ 75.872831790754617, 26.896502837236199 ], [ 75.873101285196185, 26.896502837236199 ], [ 75.87337077963781, 26.896502837236199 ], [ 75.873640274978754, 26.896772332577143 ], [ 75.873909769420379, 26.896772332577143 ], [ 75.874179263862004, 26.896502837236199 ], [ 75.874448758303629, 26.896502837236199 ], [ 75.874718252745197, 26.896502837236199 ], [ 75.875257242527766, 26.895963848352949 ], [ 75.875257242527766, 26.895424859469756 ], [ 75.876065725852641, 26.894616375245562 ], [ 75.876604714735834, 26.894616375245562 ], [ 75.876874209177458, 26.894346880803937 ], [ 75.876874209177458, 26.893538397479119 ], [ 75.876335220294266, 26.89299940769655 ] ] ] } },
{ "type": "Feature", "properties": { "OBJECTID": 615.0, "LAYER": "Stream", "STREAM_ID": 5262, "IN_FLOW": 4255.0, "OUT_FLOW": 4403.0, "DRAIN_AREA": "3.533 sq km", "STRAHLER": 2, "Shape_Leng": 0.0063483095127100002 }, "geometry": { "type": "MultiLineString", "coordinates": [ [ [ 75.801146231513428, 26.893268902138175 ], [ 75.800876736172484, 26.893268902138175 ], [ 75.800607241730859, 26.893538397479119 ], [ 75.800337747289291, 26.893807891920744 ], [ 75.799529263964416, 26.894616375245562 ], [ 75.799529263964416, 26.895424859469756 ], [ 75.798720779740222, 26.896233342794574 ], [ 75.79764280197378, 26.896233342794574 ], [ 75.797373306632835, 26.896502837236199 ], [ 75.79710381219121, 26.896772332577143 ], [ 75.796834317749642, 26.897041827018768 ] ] ] } },
{ "type": "Feature", "properties": { "OBJECTID": 616.0, "LAYER": "Stream", "STREAM_ID": 5263, "IN_FLOW": 202.0, "OUT_FLOW": 231.0, "DRAIN_AREA": "0.1854 sq km", "STRAHLER": 1, "Shape_Leng": 0.0016823585014300001 }, "geometry": { "type": "MultiLineString", "coordinates": [ [ [ 75.87094532876398, 26.896233342794574 ], [ 75.871214823205605, 26.896233342794574 ], [ 75.871753812088798, 26.896772332577143 ], [ 75.872023307429743, 26.896772332577143 ], [ 75.872292801871367, 26.897041827018768 ] ] ] } },
{ "type": "Feature", "properties": { "OBJECTID": 617.0, "LAYER": "Stream", "STREAM_ID": 5267, "IN_FLOW": 206.0, "OUT_FLOW": 287.0, "DRAIN_AREA": "0.2303 sq km", "STRAHLER": 1, "Shape_Leng": 0.0034109527679199998 }, "geometry": { "type": "MultiLineString", "coordinates": [ [ [ 75.782820599591048, 26.896502837236199 ], [ 75.782820599591048, 26.896233342794574 ], [ 75.783090094032673, 26.895963848352949 ], [ 75.783090094032673, 26.895694353911381 ], [ 75.783090094032673, 26.895155365028131 ], [ 75.783090094032673, 26.894616375245562 ], [ 75.783629082915922, 26.894077386362369 ], [ 75.783629082915922, 26.893807891920744 ], [ 75.783359588474298, 26.893538397479119 ] ] ] } },
{ "type": "Feature", "properties": { "OBJECTID": 618.0, "LAYER": "Stream", "STREAM_ID": 5273, "IN_FLOW": 212.0, "OUT_FLOW": 265.0, "DRAIN_AREA": "0.2127 sq km", "STRAHLER": 1, "Shape_Leng": 0.00287196452058 }, "geometry": { "type": "MultiLineString", "coordinates": [ [ [ 75.790905437336107, 26.896233342794574 ], [ 75.791444426219357, 26.895694353911381 ], [ 75.792252909544175, 26.895694353911381 ], [ 75.792522404885119, 26.895694353911381 ], [ 75.792791899326744, 26.895424859469756 ], [ 75.792791899326744, 26.895155365028131 ], [ 75.793061393768369, 26.894885869687187 ] ] ] } },
{ "type": "Feature", "properties": { "OBJECTID": 619.0, "LAYER": "Stream", "STREAM_ID": 5281, "IN_FLOW": 960.0, "OUT_FLOW": 1180.0, "DRAIN_AREA": "0.947 sq km", "STRAHLER": 2, "Shape_Leng": 0.0053628063468499996 }, "geometry": { "type": "MultiLineString", "coordinates": [ [ [ 75.738623487783798, 26.895694353911381 ], [ 75.738623487783798, 26.895424859469756 ], [ 75.738892982225423, 26.895155365028131 ], [ 75.738892982225423, 26.894616375245562 ], [ 75.738892982225423, 26.894346880803937 ], [ 75.739431971108615, 26.893807891920744 ], [ 75.739162476667047, 26.893538397479119 ], [ 75.738892982225423, 26.893268902138175 ], [ 75.738623487783798, 26.893268902138175 ], [ 75.738084498001228, 26.892729913254925 ], [ 75.738084498001228, 26.8924604188133 ], [ 75.738084498001228, 26.891382440147538 ] ] ] } },
{ "type": "Feature", "properties": { "OBJECTID": 620.0, "LAYER": "Stream", "STREAM_ID": 5289, "IN_FLOW": 205.0, "OUT_FLOW": 205.0, "DRAIN_AREA": "0.1645 sq km", "STRAHLER": 1, "Shape_Leng": 0.00038112333024600001 }, "geometry": { "type": "MultiLineString", "coordinates": [ [ [ 75.700085761948401, 26.895155365028131 ], [ 75.699816267506776, 26.894885869687187 ] ] ] } },
{ "type": "Feature", "properties": { "OBJECTID": 621.0, "LAYER": "Stream", "STREAM_ID": 5293, "IN_FLOW": 1717.0, "OUT_FLOW": 2033.0, "DRAIN_AREA": "1.631 sq km", "STRAHLER": 2, "Shape_Leng": 0.010121233493899999 }, "geometry": { "type": "MultiLineString", "coordinates": [ [ [ 75.699816267506776, 26.894885869687187 ], [ 75.699546772165831, 26.894616375245562 ], [ 75.699546772165831, 26.893807891920744 ], [ 75.699277277724264, 26.893538397479119 ], [ 75.699277277724264, 26.893268902138175 ], [ 75.700085761948401, 26.8924604188133 ], [ 75.700085761948401, 26.891921429930107 ], [ 75.700085761948401, 26.891112945705913 ], [ 75.700085761948401, 26.890843451264288 ], [ 75.700085761948401, 26.88787901060789 ], [ 75.700355256390026, 26.887609516166265 ], [ 75.700624750831651, 26.887609516166265 ], [ 75.701972223939038, 26.886262043058878 ] ] ] } },
{ "type": "Feature", "properties": { "OBJECTID": 622.0, "LAYER": "Stream", "STREAM_ID": 5294, "IN_FLOW": 250.0, "OUT_FLOW": 314.0, "DRAIN_AREA": "0.252 sq km", "STRAHLER": 1, "Shape_Leng": 0.0050470733331 }, "geometry": { "type": "MultiLineString", "coordinates": [ [ [ 75.779856158934649, 26.894885869687187 ], [ 75.780395147817899, 26.894346880803937 ], [ 75.780395147817899, 26.894077386362369 ], [ 75.780395147817899, 26.893807891920744 ], [ 75.780664642259467, 26.893538397479119 ], [ 75.780664642259467, 26.893268902138175 ], [ 75.781203632042036, 26.892729913254925 ], [ 75.781473126483661, 26.8924604188133 ], [ 75.781742620925286, 26.892190924371732 ], [ 75.781742620925286, 26.891921429930107 ], [ 75.781742620925286, 26.891382440147538 ], [ 75.782281609808479, 26.890843451264288 ] ] ] } },
{ "type": "Feature", "properties": { "OBJECTID": 623.0, "LAYER": "Stream", "STREAM_ID": 5295, "IN_FLOW": 26458.0, "OUT_FLOW": 26480.0, "DRAIN_AREA": "21.25 sq km", "STRAHLER": 3, "Shape_Leng": 0.0013012342718700001 }, "geometry": { "type": "MultiLineString", "coordinates": [ [ [ 75.793061393768369, 26.894885869687187 ], [ 75.793061393768369, 26.894346880803937 ], [ 75.792522404885119, 26.893807891920744 ] ] ] } },
{ "type": "Feature", "properties": { "OBJECTID": 624.0, "LAYER": "Stream", "STREAM_ID": 5296, "IN_FLOW": 203.0, "OUT_FLOW": 325.0, "DRAIN_AREA": "0.2608 sq km", "STRAHLER": 1, "Shape_Leng": 0.0057901669774200002 }, "geometry": { "type": "MultiLineString", "coordinates": [ [ [ 75.871753812088798, 26.894616375245562 ], [ 75.872023307429743, 26.894616375245562 ], [ 75.873640274978754, 26.894616375245562 ], [ 75.873909769420379, 26.894616375245562 ], [ 75.874448758303629, 26.894616375245562 ], [ 75.874718252745197, 26.894885869687187 ], [ 75.874987747186822, 26.894885869687187 ], [ 75.875257242527766, 26.894616375245562 ], [ 75.875257242527766, 26.894346880803937 ], [ 75.875257242527766, 26.894077386362369 ], [ 75.876335220294266, 26.89299940769655 ] ] ] } },
{ "type": "Feature", "properties": { "OBJECTID": 625.0, "LAYER": "Stream", "STREAM_ID": 5297, "IN_FLOW": 202.0, "OUT_FLOW": 556.0, "DRAIN_AREA": "0.4462 sq km", "STRAHLER": 1, "Shape_Leng": 0.0079844276433800009 }, "geometry": { "type": "MultiLineString", "coordinates": [ [ [ 75.879299660950664, 26.894885869687187 ], [ 75.879838649833857, 26.894346880803937 ], [ 75.880108144275482, 26.894346880803937 ], [ 75.880916628499676, 26.894346880803937 ], [ 75.881455617382869, 26.894885869687187 ], [ 75.882533596048688, 26.893807891920744 ], [ 75.883072584931881, 26.893807891920744 ], [ 75.883342079373506, 26.893538397479119 ], [ 75.883611573815131, 26.893268902138175 ], [ 75.883611573815131, 26.89299940769655 ], [ 75.883881069156075, 26.892729913254925 ], [ 75.884689552480893, 26.891921429930107 ], [ 75.885228541364143, 26.891382440147538 ] ] ] } },
{ "type": "Feature", "properties": { "OBJECTID": 626.0, "LAYER": "Stream", "STREAM_ID": 5298, "IN_FLOW": 200.0, "OUT_FLOW": 296.0, "DRAIN_AREA": "0.2375 sq km", "STRAHLER": 1, "Shape_Leng": 0.0029835925099200001 }, "geometry": { "type": "MultiLineString", "coordinates": [ [ [ 75.886306520029905, 26.894885869687187 ], [ 75.886306520029905, 26.894616375245562 ], [ 75.886306520029905, 26.894077386362369 ], [ 75.88657601447153, 26.893807891920744 ], [ 75.88657601447153, 26.893538397479119 ], [ 75.887653993137349, 26.8924604188133 ] ] ] } },
{ "type": "Feature", "properties": { "OBJECTID": 627.0, "LAYER": "Stream", "STREAM_ID": 5304, "IN_FLOW": 3642.0, "OUT_FLOW": 4004.0, "DRAIN_AREA": "3.213 sq km", "STRAHLER": 2, "Shape_Leng": 0.0049354450803900003 }, "geometry": { "type": "MultiLineString", "coordinates": [ [ [ 75.805188649936326, 26.893807891920744 ], [ 75.804380166611452, 26.894616375245562 ], [ 75.803571682387314, 26.894616375245562 ], [ 75.80276319906244, 26.893807891920744 ], [ 75.802493703721495, 26.893807891920744 ], [ 75.801954714838303, 26.893268902138175 ], [ 75.801146231513428, 26.893268902138175 ] ] ] } },
{ "type": "Feature", "properties": { "OBJECTID": 628.0, "LAYER": "Stream", "STREAM_ID": 5305, "IN_FLOW": 231.0, "OUT_FLOW": 1033.0, "DRAIN_AREA": "0.829 sq km", "STRAHLER": 1, "Shape_Leng": 0.016777338874899999 }, "geometry": { "type": "MultiLineString", "coordinates": [ [ [ 75.845343343320678, 26.890034967939471 ], [ 75.842378902664279, 26.89299940769655 ], [ 75.842109408222655, 26.89299940769655 ], [ 75.84183991378103, 26.892729913254925 ], [ 75.841570419339462, 26.89299940769655 ], [ 75.841300923998517, 26.89299940769655 ], [ 75.840761935115268, 26.8924604188133 ], [ 75.840492440673643, 26.892190924371732 ], [ 75.840222946232018, 26.892190924371732 ], [ 75.83995345179045, 26.891921429930107 ], [ 75.839414462007881, 26.891921429930107 ], [ 75.839144967566256, 26.892190924371732 ], [ 75.838605978683006, 26.892190924371732 ], [ 75.837797494458869, 26.89299940769655 ], [ 75.837797494458869, 26.893268902138175 ], [ 75.837528000017244, 26.893538397479119 ], [ 75.836989011133994, 26.893538397479119 ], [ 75.836450022250801, 26.894077386362369 ], [ 75.836180526909857, 26.894077386362369 ], [ 75.835911032468232, 26.894346880803937 ], [ 75.835641538026607, 26.894616375245562 ], [ 75.835372043584982, 26.894616375245562 ], [ 75.835102549143357, 26.894616375245562 ], [ 75.834833054701789, 26.894616375245562 ], [ 75.83429406491922, 26.894077386362369 ], [ 75.83375507603597, 26.894077386362369 ], [ 75.833485581594346, 26.893807891920744 ], [ 75.833216087152778, 26.893807891920744 ], [ 75.832407602928583, 26.894616375245562 ] ] ] } },
{ "type": "Feature", "properties": { "OBJECTID": 629.0, "LAYER": "Stream", "STREAM_ID": 5310, "IN_FLOW": 201.0, "OUT_FLOW": 211.0, "DRAIN_AREA": "0.1693 sq km", "STRAHLER": 1, "Shape_Leng": 0.00065061713589800003 }, "geometry": { "type": "MultiLineString", "coordinates": [ [ [ 75.832138108486959, 26.894077386362369 ], [ 75.832138108486959, 26.894346880803937 ], [ 75.832407602928583, 26.894616375245562 ] ] ] } },
{ "type": "Feature", "properties": { "OBJECTID": 630.0, "LAYER": "Stream", "STREAM_ID": 5311, "IN_FLOW": 3558.0, "OUT_FLOW": 3955.0, "DRAIN_AREA": "3.174 sq km", "STRAHLER": 3, "Shape_Leng": 0.0081885338305199996 }, "geometry": { "type": "MultiLineString", "coordinates": [ [ [ 75.861513017911477, 26.894346880803937 ], [ 75.862321502135671, 26.894346880803937 ], [ 75.862860491018921, 26.893807891920744 ], [ 75.863129985460489, 26.893807891920744 ], [ 75.863399480801434, 26.893807891920744 ], [ 75.863668975243058, 26.893538397479119 ], [ 75.863938469684683, 26.893268902138175 ], [ 75.864207964126308, 26.89299940769655 ], [ 75.864477458567933, 26.892729913254925 ], [ 75.864477458567933, 26.892190924371732 ], [ 75.864746953009558, 26.891921429930107 ], [ 75.86528594279207, 26.891921429930107 ], [ 75.865555437233695, 26.891651935488483 ], [ 75.865555437233695, 26.891382440147538 ], [ 75.86582493167532, 26.891112945705913 ], [ 75.86582493167532, 26.890843451264288 ], [ 75.86636392055857, 26.890304462381096 ], [ 75.866633415000138, 26.890034967939471 ], [ 75.866902910341082, 26.889765472598526 ], [ 75.866902910341082, 26.889495978156901 ] ] ] } },
{ "type": "Feature", "properties": { "OBJECTID": 631.0, "LAYER": "Stream", "STREAM_ID": 5317, "IN_FLOW": 957.0, "OUT_FLOW": 1322.0, "DRAIN_AREA": "1.061 sq km", "STRAHLER": 2, "Shape_Leng": 0.0062366799881600002 }, "geometry": { "type": "MultiLineString", "coordinates": [ [ [ 75.857201105047011, 26.890843451264288 ], [ 75.857740093930261, 26.891382440147538 ], [ 75.857740093930261, 26.891651935488483 ], [ 75.858009588371885, 26.891921429930107 ], [ 75.858279082813453, 26.892190924371732 ], [ 75.858279082813453, 26.8924604188133 ], [ 75.858279082813453, 26.892729913254925 ], [ 75.858818072596023, 26.893268902138175 ], [ 75.859087567037648, 26.893268902138175 ], [ 75.859626555920897, 26.893807891920744 ], [ 75.859896050362465, 26.893807891920744 ], [ 75.860435040145035, 26.893807891920744 ], [ 75.86070453458666, 26.894077386362369 ], [ 75.860974029028284, 26.894077386362369 ], [ 75.861243523469909, 26.894077386362369 ], [ 75.861513017911477, 26.894346880803937 ] ] ] } },
{ "type": "Feature", "properties": { "OBJECTID": 632.0, "LAYER": "Stream", "STREAM_ID": 5328, "IN_FLOW": 202.0, "OUT_FLOW": 1105.0, "DRAIN_AREA": "0.887 sq km", "STRAHLER": 1, "Shape_Leng": 0.0189141457341 }, "geometry": { "type": "MultiLineString", "coordinates": [ [ [ 75.717872404088212, 26.893538397479119 ], [ 75.717602909646644, 26.893807891920744 ], [ 75.717333415205019, 26.893807891920744 ], [ 75.717063920763394, 26.893807891920744 ], [ 75.715985942097632, 26.893807891920744 ], [ 75.715177458772757, 26.89299940769655 ], [ 75.714638468990188, 26.8924604188133 ], [ 75.71436897454862, 26.892190924371732 ], [ 75.713560491223745, 26.891382440147538 ], [ 75.713560491223745, 26.890843451264288 ], [ 75.713560491223745, 26.890304462381096 ], [ 75.712752006999608, 26.889495978156901 ], [ 75.712213018116358, 26.889495978156901 ], [ 75.711674029233109, 26.888956989273709 ], [ 75.710596050567347, 26.88787901060789 ], [ 75.709518071901527, 26.88787901060789 ], [ 75.70870958857671, 26.888687494832084 ], [ 75.70817059969346, 26.888687494832084 ], [ 75.707092621027698, 26.888687494832084 ], [ 75.706284136803504, 26.88787901060789 ], [ 75.705475653478686, 26.88787901060789 ], [ 75.705206159037061, 26.888148505049514 ], [ 75.704667169254492, 26.888148505049514 ], [ 75.704397674812924, 26.88787901060789 ], [ 75.70305020170548, 26.88787901060789 ] ] ] } },
{ "type": "Feature", "properties": { "OBJECTID": 633.0, "LAYER": "Stream", "STREAM_ID": 5329, "IN_FLOW": 206.0, "OUT_FLOW": 219.0, "DRAIN_AREA": "0.1757 sq km", "STRAHLER": 1, "Shape_Leng": 0.00114336871891 }, "geometry": { "type": "MultiLineString", "coordinates": [ [ [ 75.770962837864715, 26.893807891920744 ], [ 75.77177132118959, 26.89299940769655 ] ] ] } },
{ "type": "Feature", "properties": { "OBJECTID": 634.0, "LAYER": "Stream", "STREAM_ID": 5330, "IN_FLOW": 26987.0, "OUT_FLOW": 27457.0, "DRAIN_AREA": "22.034 sq km", "STRAHLER": 3, "Shape_Leng": 0.0096013973634800007 }, "geometry": { "type": "MultiLineString", "coordinates": [ [ [ 75.792522404885119, 26.893807891920744 ], [ 75.791983415102607, 26.893268902138175 ], [ 75.791983415102607, 26.89299940769655 ], [ 75.790905437336107, 26.891921429930107 ], [ 75.79009695311197, 26.891112945705913 ], [ 75.789827458670345, 26.891112945705913 ], [ 75.789288469787095, 26.891651935488483 ], [ 75.788749480004583, 26.891651935488483 ], [ 75.788210491121333, 26.891651935488483 ], [ 75.787940996679708, 26.891651935488483 ], [ 75.787671502238084, 26.891382440147538 ], [ 75.787402006897139, 26.891382440147538 ], [ 75.787132512455514, 26.891112945705913 ], [ 75.786863018013946, 26.891112945705913 ], [ 75.786324029130697, 26.89057395682272 ], [ 75.785246050464934, 26.89057395682272 ], [ 75.78497655602331, 26.890843451264288 ] ] ] } },
{ "type": "Feature", "properties": { "OBJECTID": 635.0, "LAYER": "Stream", "STREAM_ID": 5332, "IN_FLOW": 3683.0, "OUT_FLOW": 3756.0, "DRAIN_AREA": "3.014 sq km", "STRAHLER": 2, "Shape_Leng": 0.0031414602340800002 }, "geometry": { "type": "MultiLineString", "coordinates": [ [ [ 75.783359588474298, 26.893538397479119 ], [ 75.783090094032673, 26.893538397479119 ], [ 75.782820599591048, 26.893268902138175 ], [ 75.782551105149423, 26.89299940769655 ], [ 75.782551105149423, 26.892190924371732 ], [ 75.782281609808479, 26.891921429930107 ], [ 75.782281609808479, 26.891382440147538 ], [ 75.782551105149423, 26.891112945705913 ] ] ] } },
{ "type": "Feature", "properties": { "OBJECTID": 636.0, "LAYER": "Stream", "STREAM_ID": 5333, "IN_FLOW": 200.0, "OUT_FLOW": 497.0, "DRAIN_AREA": "0.3988 sq km", "STRAHLER": 1, "Shape_Leng": 0.0052703302110600004 }, "geometry": { "type": "MultiLineString", "coordinates": [ [ [ 75.796564823308017, 26.890843451264288 ], [ 75.796295328866393, 26.891112945705913 ], [ 75.796025834424768, 26.891112945705913 ], [ 75.795486844642198, 26.891112945705913 ], [ 75.794408866875756, 26.892190924371732 ], [ 75.793869877093186, 26.892729913254925 ], [ 75.793600382651618, 26.892729913254925 ], [ 75.793330888209994, 26.89299940769655 ], [ 75.792791899326744, 26.893538397479119 ], [ 75.792522404885119, 26.893807891920744 ] ] ] } },
{ "type": "Feature", "properties": { "OBJECTID": 637.0, "LAYER": "Stream", "STREAM_ID": 5334, "IN_FLOW": 232.0, "OUT_FLOW": 423.0, "DRAIN_AREA": "0.3394 sq km", "STRAHLER": 1, "Shape_Leng": 0.00466595127472 }, "geometry": { "type": "MultiLineString", "coordinates": [ [ [ 75.808153090592725, 26.891382440147538 ], [ 75.8078835961511, 26.891112945705913 ], [ 75.807344606368531, 26.891112945705913 ], [ 75.807075111926906, 26.891382440147538 ], [ 75.806805617485338, 26.891382440147538 ], [ 75.805997133261144, 26.892190924371732 ], [ 75.805188649936326, 26.89299940769655 ], [ 75.805188649936326, 26.893268902138175 ], [ 75.805188649936326, 26.893538397479119 ], [ 75.805188649936326, 26.893807891920744 ] ] ] } },
{ "type": "Feature", "properties": { "OBJECTID": 638.0, "LAYER": "Stream", "STREAM_ID": 5340, "IN_FLOW": 5163.0, "OUT_FLOW": 5899.0, "DRAIN_AREA": "4.734 sq km", "STRAHLER": 3, "Shape_Leng": 0.013755441868 }, "geometry": { "type": "MultiLineString", "coordinates": [ [ [ 75.747516808853675, 26.893268902138175 ], [ 75.7477863032953, 26.89299940769655 ], [ 75.748864281961119, 26.89299940769655 ], [ 75.749133776402743, 26.892729913254925 ], [ 75.749133776402743, 26.892190924371732 ], [ 75.749133776402743, 26.891921429930107 ], [ 75.749672765285936, 26.891382440147538 ], [ 75.749672765285936, 26.891112945705913 ], [ 75.750481249510131, 26.890304462381096 ], [ 75.750750743951755, 26.890304462381096 ], [ 75.751289732834948, 26.889765472598526 ], [ 75.751559227276573, 26.889495978156901 ], [ 75.751828721718198, 26.889226483715277 ], [ 75.752367711500767, 26.889226483715277 ], [ 75.75344568926721, 26.889226483715277 ], [ 75.753715184608154, 26.889495978156901 ], [ 75.753984679049779, 26.889765472598526 ], [ 75.754523667932972, 26.889765472598526 ], [ 75.754793162374597, 26.889765472598526 ], [ 75.755062656816222, 26.889765472598526 ], [ 75.755332151257846, 26.889495978156901 ], [ 75.755871141040359, 26.889495978156901 ], [ 75.756410129923609, 26.888956989273709 ], [ 75.756410129923609, 26.888687494832084 ], [ 75.756410129923609, 26.888148505049514 ], [ 75.756410129923609, 26.887340021724697 ], [ 75.756679624365233, 26.887070527283072 ] ] ] } },
{ "type": "Feature", "properties": { "OBJECTID": 639.0, "LAYER": "Stream", "STREAM_ID": 5344, "IN_FLOW": 1614.0, "OUT_FLOW": 1695.0, "DRAIN_AREA": "1.36 sq km", "STRAHLER": 2, "Shape_Leng": 0.0034571919758999998 }, "geometry": { "type": "MultiLineString", "coordinates": [ [ [ 75.77177132118959, 26.89299940769655 ], [ 75.772040815631215, 26.892729913254925 ], [ 75.772040815631215, 26.8924604188133 ], [ 75.772040815631215, 26.891651935488483 ], [ 75.772310310972102, 26.891382440147538 ], [ 75.772310310972102, 26.889765472598526 ] ] ] } },
{ "type": "Feature", "properties": { "OBJECTID": 640.0, "LAYER": "Stream", "STREAM_ID": 5345, "IN_FLOW": 208.0, "OUT_FLOW": 248.0, "DRAIN_AREA": "0.199 sq km", "STRAHLER": 1, "Shape_Leng": 0.0019056134715700001 }, "geometry": { "type": "MultiLineString", "coordinates": [ [ [ 75.802493703721495, 26.891921429930107 ], [ 75.801146231513428, 26.893268902138175 ] ] ] } },
{ "type": "Feature", "properties": { "OBJECTID": 641.0, "LAYER": "Stream", "STREAM_ID": 5346, "IN_FLOW": 1466.0, "OUT_FLOW": 1946.0, "DRAIN_AREA": "1.562 sq km", "STRAHLER": 2, "Shape_Leng": 0.0111529735877 }, "geometry": { "type": "MultiLineString", "coordinates": [ [ [ 75.876335220294266, 26.89299940769655 ], [ 75.876335220294266, 26.892729913254925 ], [ 75.876335220294266, 26.892190924371732 ], [ 75.876874209177458, 26.891651935488483 ], [ 75.877952187843277, 26.891651935488483 ], [ 75.878221682284845, 26.891382440147538 ], [ 75.878760672067415, 26.891382440147538 ], [ 75.879299660950664, 26.891921429930107 ], [ 75.879569155392289, 26.891651935488483 ], [ 75.880377639616427, 26.891651935488483 ], [ 75.880647134058052, 26.891921429930107 ], [ 75.881725111824494, 26.891921429930107 ], [ 75.882264101607063, 26.891921429930107 ], [ 75.882533596048688, 26.892190924371732 ], [ 75.883611573815131, 26.891112945705913 ], [ 75.8841505635977, 26.891112945705913 ], [ 75.884420058039325, 26.891382440147538 ], [ 75.885228541364143, 26.891382440147538 ] ] ] } },
{ "type": "Feature", "properties": { "OBJECTID": 642.0, "LAYER": "Stream", "STREAM_ID": 5352, "IN_FLOW": 203.0, "OUT_FLOW": 453.0, "DRAIN_AREA": "0.3635 sq km", "STRAHLER": 1, "Shape_Leng": 0.00823477086743 }, "geometry": { "type": "MultiLineString", "coordinates": [ [ [ 75.775813740511751, 26.892729913254925 ], [ 75.776352729395001, 26.892190924371732 ], [ 75.776352729395001, 26.891112945705913 ], [ 75.776622223836625, 26.890843451264288 ], [ 75.777161212719875, 26.890843451264288 ], [ 75.777430708060763, 26.89057395682272 ], [ 75.777969696944012, 26.89057395682272 ], [ 75.778778180268887, 26.889765472598526 ], [ 75.779047675609775, 26.889765472598526 ], [ 75.779586664493024, 26.889765472598526 ], [ 75.779856158934649, 26.889765472598526 ], [ 75.780125653376274, 26.889495978156901 ], [ 75.780395147817899, 26.889226483715277 ], [ 75.780395147817899, 26.888956989273709 ], [ 75.780664642259467, 26.888687494832084 ], [ 75.780664642259467, 26.888148505049514 ], [ 75.780934137600411, 26.88787901060789 ] ] ] } },
{ "type": "Feature", "properties": { "OBJECTID": 643.0, "LAYER": "Stream", "STREAM_ID": 5353, "IN_FLOW": 214.0, "OUT_FLOW": 467.0, "DRAIN_AREA": "0.3748 sq km", "STRAHLER": 1, "Shape_Leng": 0.0047121880482299998 }, "geometry": { "type": "MultiLineString", "coordinates": [ [ [ 75.853428181065738, 26.892729913254925 ], [ 75.853697675507362, 26.892729913254925 ], [ 75.853967169948987, 26.892729913254925 ], [ 75.854236664390612, 26.892729913254925 ], [ 75.854506158832237, 26.8924604188133 ], [ 75.854775653273862, 26.8924604188133 ], [ 75.855045148614749, 26.892190924371732 ], [ 75.855045148614749, 26.891921429930107 ], [ 75.855314643056374, 26.891651935488483 ], [ 75.855584137497999, 26.891651935488483 ], [ 75.855853631939624, 26.891382440147538 ], [ 75.856392620822874, 26.891382440147538 ], [ 75.856662116163761, 26.891112945705913 ], [ 75.856931610605386, 26.891112945705913 ], [ 75.857201105047011, 26.890843451264288 ] ] ] } },
{ "type": "Feature", "properties": { "OBJECTID": 644.0, "LAYER": "Stream", "STREAM_ID": 5354, "IN_FLOW": 2911.0, "OUT_FLOW": 3288.0, "DRAIN_AREA": "2.639 sq km", "STRAHLER": 2, "Shape_Leng": 0.0077420190209600004 }, "geometry": { "type": "MultiLineString", "coordinates": [ [ [ 75.887653993137349, 26.8924604188133 ], [ 75.888462476462166, 26.8924604188133 ], [ 75.888731971803111, 26.892729913254925 ], [ 75.889001466244736, 26.892729913254925 ], [ 75.88927096068636, 26.8924604188133 ], [ 75.88927096068636, 26.891921429930107 ], [ 75.889540455127985, 26.891651935488483 ], [ 75.889540455127985, 26.891112945705913 ], [ 75.889809949569553, 26.890843451264288 ], [ 75.889809949569553, 26.890304462381096 ], [ 75.889540455127985, 26.890034967939471 ], [ 75.889540455127985, 26.889765472598526 ], [ 75.889540455127985, 26.889495978156901 ], [ 75.889540455127985, 26.888687494832084 ], [ 75.890079444011178, 26.888148505049514 ], [ 75.890079444011178, 26.88787901060789 ], [ 75.890618433793747, 26.887340021724697 ] ] ] } },
{ "type": "Feature", "properties": { "OBJECTID": 645.0, "LAYER": "Stream", "STREAM_ID": 5355, "IN_FLOW": 201.0, "OUT_FLOW": 881.0, "DRAIN_AREA": "0.707 sq km", "STRAHLER": 1, "Shape_Leng": 0.0054936105801100003 }, "geometry": { "type": "MultiLineString", "coordinates": [ [ [ 75.905979625059729, 26.892729913254925 ], [ 75.906249119501297, 26.8924604188133 ], [ 75.906518613942922, 26.892190924371732 ], [ 75.906518613942922, 26.891382440147538 ], [ 75.906518613942922, 26.890034967939471 ], [ 75.907596592608741, 26.888956989273709 ], [ 75.907596592608741, 26.888687494832084 ], [ 75.908135581491933, 26.888148505049514 ], [ 75.908154757735929, 26.888148505049514 ] ] ] } },
{ "type": "Feature", "properties": { "OBJECTID": 646.0, "LAYER": "Stream", "STREAM_ID": 5362, "IN_FLOW": 299.0, "OUT_FLOW": 803.0, "DRAIN_AREA": "0.644 sq km", "STRAHLER": 1, "Shape_Leng": 0.0084388740931700002 }, "geometry": { "type": "MultiLineString", "coordinates": [ [ [ 75.72757420938234, 26.8924604188133 ], [ 75.72757420938234, 26.892190924371732 ], [ 75.726765726057465, 26.891382440147538 ], [ 75.726765726057465, 26.891112945705913 ], [ 75.726765726057465, 26.890843451264288 ], [ 75.726765726057465, 26.888418000390459 ], [ 75.725957241833328, 26.887609516166265 ], [ 75.725957241833328, 26.886262043058878 ], [ 75.726496230716521, 26.885723054175685 ], [ 75.726496230716521, 26.88491457085081 ] ] ] } },
{ "type": "Feature", "properties": { "OBJECTID": 647.0, "LAYER": "Stream", "STREAM_ID": 5363, "IN_FLOW": 2541.0, "OUT_FLOW": 2612.0, "DRAIN_AREA": "2.096 sq km", "STRAHLER": 2, "Shape_Leng": 0.0030298310820100001 }, "geometry": { "type": "MultiLineString", "coordinates": [ [ [ 75.885228541364143, 26.891382440147538 ], [ 75.885498036705087, 26.891651935488483 ], [ 75.886845508913154, 26.891651935488483 ], [ 75.887115004254099, 26.891921429930107 ], [ 75.887115004254099, 26.892190924371732 ], [ 75.887384498695724, 26.8924604188133 ], [ 75.887653993137349, 26.8924604188133 ] ] ] } },
{ "type": "Feature", "properties": { "OBJECTID": 648.0, "LAYER": "Stream", "STREAM_ID": 5375, "IN_FLOW": 7269.0, "OUT_FLOW": 7362.0, "DRAIN_AREA": "5.908 sq km", "STRAHLER": 3, "Shape_Leng": 0.0048238172002199996 }, "geometry": { "type": "MultiLineString", "coordinates": [ [ [ 75.705475653478686, 26.891382440147538 ], [ 75.704667169254492, 26.89057395682272 ], [ 75.704128180371299, 26.89057395682272 ], [ 75.703858685929674, 26.890304462381096 ], [ 75.703589191488049, 26.890034967939471 ], [ 75.70305020170548, 26.889495978156901 ], [ 75.70305020170548, 26.88787901060789 ] ] ] } },
{ "type": "Feature", "properties": { "OBJECTID": 649.0, "LAYER": "Stream", "STREAM_ID": 5376, "IN_FLOW": 1909.0, "OUT_FLOW": 2044.0, "DRAIN_AREA": "1.64 sq km", "STRAHLER": 2, "Shape_Leng": 0.0024446036266500002 }, "geometry": { "type": "MultiLineString", "coordinates": [ [ [ 75.738084498001228, 26.891382440147538 ], [ 75.738084498001228, 26.890843451264288 ], [ 75.736737024893841, 26.889495978156901 ] ] ] } },
{ "type": "Feature", "properties": { "OBJECTID": 650.0, "LAYER": "Stream", "STREAM_ID": 5377, "IN_FLOW": 27832.0, "OUT_FLOW": 27924.0, "DRAIN_AREA": "22.408 sq km", "STRAHLER": 3, "Shape_Leng": 0.002760335632 }, "geometry": { "type": "MultiLineString", "coordinates": [ [ [ 75.78497655602331, 26.890843451264288 ], [ 75.784707061581685, 26.891112945705913 ], [ 75.783359588474298, 26.891112945705913 ], [ 75.783090094032673, 26.891382440147538 ], [ 75.782820599591048, 26.891382440147538 ], [ 75.782551105149423, 26.891112945705913 ] ] ] } },
{ "type": "Feature", "properties": { "OBJECTID": 651.0, "LAYER": "Stream", "STREAM_ID": 5380, "IN_FLOW": 202.0, "OUT_FLOW": 207.0, "DRAIN_AREA": "0.1661 sq km", "STRAHLER": 1, "Shape_Leng": 0.00065061713595500001 }, "geometry": { "type": "MultiLineString", "coordinates": [ [ [ 75.706014642361936, 26.891112945705913 ], [ 75.705745147920311, 26.891112945705913 ], [ 75.705475653478686, 26.891382440147538 ] ] ] } },
{ "type": "Feature", "properties": { "OBJECTID": 652.0, "LAYER": "Stream", "STREAM_ID": 5381, "IN_FLOW": 31685.0, "OUT_FLOW": 31685.0, "DRAIN_AREA": "25.427 sq km", "STRAHLER": 3, "Shape_Leng": 0.00038112333024600001 }, "geometry": { "type": "MultiLineString", "coordinates": [ [ [ 75.782551105149423, 26.891112945705913 ], [ 75.782281609808479, 26.890843451264288 ] ] ] } },
{ "type": "Feature", "properties": { "OBJECTID": 653.0, "LAYER": "Stream", "STREAM_ID": 5382, "IN_FLOW": 262.0, "OUT_FLOW": 769.0, "DRAIN_AREA": "0.617 sq km", "STRAHLER": 1, "Shape_Leng": 0.0154378004784 }, "geometry": { "type": "MultiLineString", "coordinates": [ [ [ 75.838875473124631, 26.88491457085081 ], [ 75.838605978683006, 26.885184065292435 ], [ 75.838605978683006, 26.885992548617253 ], [ 75.838605978683006, 26.887070527283072 ], [ 75.838066988900493, 26.887609516166265 ], [ 75.838066988900493, 26.88787901060789 ], [ 75.837797494458869, 26.888148505049514 ], [ 75.837258505575619, 26.888687494832084 ], [ 75.836719516692426, 26.888687494832084 ], [ 75.836450022250801, 26.888687494832084 ], [ 75.836180526909857, 26.888956989273709 ], [ 75.835911032468232, 26.888956989273709 ], [ 75.835641538026607, 26.888956989273709 ], [ 75.835372043584982, 26.889226483715277 ], [ 75.835102549143357, 26.889226483715277 ], [ 75.834833054701789, 26.889495978156901 ], [ 75.834563559360845, 26.889495978156901 ], [ 75.833485581594346, 26.889495978156901 ], [ 75.833216087152778, 26.889495978156901 ], [ 75.832946591811833, 26.889765472598526 ], [ 75.832407602928583, 26.889765472598526 ], [ 75.831599119603766, 26.889765472598526 ], [ 75.831329625162141, 26.890034967939471 ], [ 75.831060129821196, 26.890304462381096 ], [ 75.830790635379572, 26.890304462381096 ], [ 75.830251646496322, 26.890843451264288 ], [ 75.829982152054754, 26.890843451264288 ], [ 75.829712657613129, 26.891112945705913 ], [ 75.828904173388935, 26.890304462381096 ], [ 75.82863467894731, 26.890304462381096 ], [ 75.828095690064117, 26.889765472598526 ], [ 75.827826194723173, 26.889765472598526 ] ] ] } },
{ "type": "Feature", "properties": { "OBJECTID": 654.0, "LAYER": "Stream", "STREAM_ID": 5386, "IN_FLOW": 293.0, "OUT_FLOW": 932.0, "DRAIN_AREA": "0.748 sq km", "STRAHLER": 1, "Shape_Leng": 0.0129007217696 }, "geometry": { "type": "MultiLineString", "coordinates": [ [ [ 75.719489371637223, 26.890843451264288 ], [ 75.719219877195655, 26.890843451264288 ], [ 75.718950382754031, 26.890843451264288 ], [ 75.718680888312406, 26.890843451264288 ], [ 75.718411393870781, 26.89057395682272 ], [ 75.718141898529836, 26.89057395682272 ], [ 75.717602909646644, 26.890034967939471 ], [ 75.717602909646644, 26.889226483715277 ], [ 75.717333415205019, 26.888956989273709 ], [ 75.717333415205019, 26.888687494832084 ], [ 75.717333415205019, 26.888418000390459 ], [ 75.717333415205019, 26.88787901060789 ], [ 75.717063920763394, 26.887609516166265 ], [ 75.716524930980825, 26.887609516166265 ], [ 75.7162554365392, 26.887609516166265 ], [ 75.715985942097632, 26.887340021724697 ], [ 75.715985942097632, 26.887070527283072 ], [ 75.715716447656007, 26.886801032841447 ], [ 75.715446953214382, 26.886531537500503 ], [ 75.714907964331132, 26.885992548617253 ], [ 75.714638468990188, 26.885992548617253 ], [ 75.713290996782121, 26.884645075509866 ], [ 75.713290996782121, 26.884106086626673 ], [ 75.712482512557983, 26.883297603301799 ], [ 75.712482512557983, 26.882489119077661 ], [ 75.712213018116358, 26.882219624636036 ] ] ] } },
{ "type": "Feature", "properties": { "OBJECTID": 655.0, "LAYER": "Stream", "STREAM_ID": 5387, "IN_FLOW": 32005.0, "OUT_FLOW": 32287.0, "DRAIN_AREA": "25.91 sq km", "STRAHLER": 3, "Shape_Leng": 0.0035225819199199999 }, "geometry": { "type": "MultiLineString", "coordinates": [ [ [ 75.782281609808479, 26.890843451264288 ], [ 75.782012115366911, 26.89057395682272 ], [ 75.782012115366911, 26.890304462381096 ], [ 75.781742620925286, 26.890034967939471 ], [ 75.781742620925286, 26.889765472598526 ], [ 75.781742620925286, 26.889226483715277 ], [ 75.781203632042036, 26.888687494832084 ], [ 75.781203632042036, 26.888148505049514 ], [ 75.780934137600411, 26.88787901060789 ] ] ] } },
{ "type": "Feature", "properties": { "OBJECTID": 656.0, "LAYER": "Stream", "STREAM_ID": 5391, "IN_FLOW": 204.0, "OUT_FLOW": 215.0, "DRAIN_AREA": "0.1725 sq km", "STRAHLER": 1, "Shape_Leng": 0.00130123517123 }, "geometry": { "type": "MultiLineString", "coordinates": [ [ [ 75.736198036010592, 26.89057395682272 ], [ 75.736467530452217, 26.890304462381096 ], [ 75.736467530452217, 26.889765472598526 ], [ 75.736737024893841, 26.889495978156901 ] ] ] } },
{ "type": "Feature", "properties": { "OBJECTID": 657.0, "LAYER": "Stream", "STREAM_ID": 5392, "IN_FLOW": 202.0, "OUT_FLOW": 292.0, "DRAIN_AREA": "0.2343 sq km", "STRAHLER": 1, "Shape_Leng": 0.0016823582380299999 }, "geometry": { "type": "MultiLineString", "coordinates": [ [ [ 75.770962837864715, 26.89057395682272 ], [ 75.771501826747965, 26.89057395682272 ], [ 75.772310310972102, 26.889765472598526 ] ] ] } },
{ "type": "Feature", "properties": { "OBJECTID": 658.0, "LAYER": "Stream", "STREAM_ID": 5393, "IN_FLOW": 216.0, "OUT_FLOW": 365.0, "DRAIN_AREA": "0.2929 sq km", "STRAHLER": 1, "Shape_Leng": 0.0076957813482899998 }, "geometry": { "type": "MultiLineString", "coordinates": [ [ [ 75.789288469787095, 26.88787901060789 ], [ 75.788479985562958, 26.88787901060789 ], [ 75.788210491121333, 26.888148505049514 ], [ 75.787940996679708, 26.888148505049514 ], [ 75.787671502238084, 26.88787901060789 ], [ 75.786863018013946, 26.88787901060789 ], [ 75.786593523572321, 26.887609516166265 ], [ 75.786054534689072, 26.887609516166265 ], [ 75.785785040247447, 26.88787901060789 ], [ 75.78443756714006, 26.889226483715277 ], [ 75.78443756714006, 26.889495978156901 ], [ 75.78443756714006, 26.889765472598526 ], [ 75.78443756714006, 26.890034967939471 ], [ 75.78497655602331, 26.89057395682272 ], [ 75.78497655602331, 26.890843451264288 ] ] ] } },
{ "type": "Feature", "properties": { "OBJECTID": 659.0, "LAYER": "Stream", "STREAM_ID": 5394, "IN_FLOW": 210.0, "OUT_FLOW": 483.0, "DRAIN_AREA": "0.3876 sq km", "STRAHLER": 1, "Shape_Leng": 0.0050008357693499999 }, "geometry": { "type": "MultiLineString", "coordinates": [ [ [ 75.853428181065738, 26.890034967939471 ], [ 75.853697675507362, 26.889765472598526 ], [ 75.853967169948987, 26.889495978156901 ], [ 75.854236664390612, 26.889226483715277 ], [ 75.854506158832237, 26.888956989273709 ], [ 75.855314643056374, 26.888956989273709 ], [ 75.855853631939624, 26.889495978156901 ], [ 75.856123126381249, 26.889765472598526 ], [ 75.856662116163761, 26.890304462381096 ], [ 75.856931610605386, 26.89057395682272 ], [ 75.857201105047011, 26.890843451264288 ] ] ] } },
{ "type": "Feature", "properties": { "OBJECTID": 660.0, "LAYER": "Stream", "STREAM_ID": 5400, "IN_FLOW": 200.0, "OUT_FLOW": 200.0, "DRAIN_AREA": "0.1605 sq km", "STRAHLER": 1, "Shape_Leng": 0.00038112396616000002 }, "geometry": { "type": "MultiLineString", "coordinates": [ [ [ 75.824592260524469, 26.890034967939471 ], [ 75.824322765183524, 26.889765472598526 ] ] ] } },
{ "type": "Feature", "properties": { "OBJECTID": 661.0, "LAYER": "Stream", "STREAM_ID": 5407, "IN_FLOW": 206.0, "OUT_FLOW": 561.0, "DRAIN_AREA": "0.4502 sq km", "STRAHLER": 1, "Shape_Leng": 0.0097592626530599996 }, "geometry": { "type": "MultiLineString", "coordinates": [ [ [ 75.744552368197276, 26.889765472598526 ], [ 75.744552368197276, 26.888956989273709 ], [ 75.744821862638901, 26.888687494832084 ], [ 75.745091357080526, 26.888418000390459 ], [ 75.74536085242147, 26.888148505049514 ], [ 75.745630346863095, 26.888148505049514 ], [ 75.745899841304663, 26.888418000390459 ], [ 75.746708324629537, 26.887609516166265 ], [ 75.746708324629537, 26.887340021724697 ], [ 75.746708324629537, 26.887070527283072 ], [ 75.746708324629537, 26.885723054175685 ], [ 75.748055797736924, 26.884375581068241 ], [ 75.748055797736924, 26.884106086626673 ], [ 75.747516808853675, 26.883567097743423 ], [ 75.747516808853675, 26.882758613519229 ], [ 75.747247314412107, 26.882489119077661 ] ] ] } },
{ "type": "Feature", "properties": { "OBJECTID": 662.0, "LAYER": "Stream", "STREAM_ID": 5408, "IN_FLOW": 1992.0, "OUT_FLOW": 2260.0, "DRAIN_AREA": "1.814 sq km", "STRAHLER": 2, "Shape_Leng": 0.00536280571092 }, "geometry": { "type": "MultiLineString", "coordinates": [ [ [ 75.772310310972102, 26.889765472598526 ], [ 75.772579805413727, 26.889495978156901 ], [ 75.772579805413727, 26.889226483715277 ], [ 75.772579805413727, 26.887340021724697 ], [ 75.772040815631215, 26.886801032841447 ], [ 75.772040815631215, 26.886531537500503 ], [ 75.770962837864715, 26.88545355973406 ], [ 75.770962837864715, 26.885184065292435 ] ] ] } },
{ "type": "Feature", "properties": { "OBJECTID": 663.0, "LAYER": "Stream", "STREAM_ID": 5409, "IN_FLOW": 1371.0, "OUT_FLOW": 1590.0, "DRAIN_AREA": "1.276 sq km", "STRAHLER": 2, "Shape_Leng": 0.00394994255047 }, "geometry": { "type": "MultiLineString", "coordinates": [ [ [ 75.827826194723173, 26.889765472598526 ], [ 75.827287205839923, 26.889765472598526 ], [ 75.827017711398298, 26.889495978156901 ], [ 75.82674821695673, 26.889495978156901 ], [ 75.826478722515105, 26.889226483715277 ], [ 75.826209227174161, 26.889226483715277 ], [ 75.825939732732536, 26.889495978156901 ], [ 75.825670238290911, 26.889765472598526 ], [ 75.824322765183524, 26.889765472598526 ] ] ] } },
{ "type": "Feature", "properties": { "OBJECTID": 664.0, "LAYER": "Stream", "STREAM_ID": 5420, "IN_FLOW": 2263.0, "OUT_FLOW": 2852.0, "DRAIN_AREA": "2.289 sq km", "STRAHLER": 2, "Shape_Leng": 0.0136629688026 }, "geometry": { "type": "MultiLineString", "coordinates": [ [ [ 75.736737024893841, 26.889495978156901 ], [ 75.736467530452217, 26.889226483715277 ], [ 75.737006520234786, 26.888687494832084 ], [ 75.737006520234786, 26.888418000390459 ], [ 75.737006520234786, 26.887070527283072 ], [ 75.736737024893841, 26.886801032841447 ], [ 75.736737024893841, 26.885992548617253 ], [ 75.736737024893841, 26.885723054175685 ], [ 75.736737024893841, 26.885184065292435 ], [ 75.737815003559604, 26.884106086626673 ], [ 75.737815003559604, 26.883836592185048 ], [ 75.737276014676411, 26.883297603301799 ], [ 75.737276014676411, 26.882758613519229 ], [ 75.736467530452217, 26.881950130194411 ], [ 75.736467530452217, 26.881680635752787 ], [ 75.736467530452217, 26.881411140411842 ], [ 75.737006520234786, 26.880872151528649 ], [ 75.737006520234786, 26.880602657087024 ], [ 75.737276014676411, 26.8803331626454 ], [ 75.737276014676411, 26.879524678421205 ], [ 75.738623487783798, 26.878177206213138 ] ] ] } },
{ "type": "Feature", "properties": { "OBJECTID": 665.0, "LAYER": "Stream", "STREAM_ID": 5421, "IN_FLOW": 205.0, "OUT_FLOW": 599.0, "DRAIN_AREA": "0.4807 sq km", "STRAHLER": 1, "Shape_Leng": 0.0132818439371 }, "geometry": { "type": "MultiLineString", "coordinates": [ [ [ 75.836989011133994, 26.883567097743423 ], [ 75.835102549143357, 26.88545355973406 ], [ 75.835102549143357, 26.885992548617253 ], [ 75.835102549143357, 26.887070527283072 ], [ 75.834833054701789, 26.887340021724697 ], [ 75.834563559360845, 26.887609516166265 ], [ 75.834563559360845, 26.88787901060789 ], [ 75.834024570477595, 26.888418000390459 ], [ 75.83375507603597, 26.888418000390459 ], [ 75.833485581594346, 26.888687494832084 ], [ 75.833216087152778, 26.888956989273709 ], [ 75.832946591811833, 26.888956989273709 ], [ 75.832677097370208, 26.888687494832084 ], [ 75.832138108486959, 26.888687494832084 ], [ 75.830790635379572, 26.888687494832084 ], [ 75.830251646496322, 26.888687494832084 ], [ 75.829982152054754, 26.888956989273709 ], [ 75.829712657613129, 26.888956989273709 ], [ 75.829443162272185, 26.888956989273709 ], [ 75.82917366783056, 26.888687494832084 ], [ 75.828904173388935, 26.888687494832084 ], [ 75.828365184505742, 26.889226483715277 ], [ 75.828095690064117, 26.889495978156901 ], [ 75.827826194723173, 26.889765472598526 ] ] ] } },
{ "type": "Feature", "properties": { "OBJECTID": 666.0, "LAYER": "Stream", "STREAM_ID": 5422, "IN_FLOW": 6060.0, "OUT_FLOW": 6992.0, "DRAIN_AREA": "5.611 sq km", "STRAHLER": 3, "Shape_Leng": 0.014452297203499999 }, "geometry": { "type": "MultiLineString", "coordinates": [ [ [ 75.866902910341082, 26.889495978156901 ], [ 75.867172404782707, 26.889226483715277 ], [ 75.868250382549149, 26.889226483715277 ], [ 75.868789372331719, 26.888687494832084 ], [ 75.868789372331719, 26.888418000390459 ], [ 75.868789372331719, 26.888148505049514 ], [ 75.869058866773344, 26.88787901060789 ], [ 75.869597855656593, 26.887340021724697 ], [ 75.869597855656593, 26.882219624636036 ], [ 75.869058866773344, 26.881680635752787 ], [ 75.869058866773344, 26.881411140411842 ], [ 75.869597855656593, 26.880872151528649 ], [ 75.870136844539786, 26.880872151528649 ], [ 75.871214823205605, 26.87979417286283 ], [ 75.871214823205605, 26.879524678421205 ], [ 75.870675834322356, 26.878985689538013 ], [ 75.870675834322356, 26.878446700654763 ] ] ] } },
{ "type": "Feature", "properties": { "OBJECTID": 667.0, "LAYER": "Stream", "STREAM_ID": 5427, "IN_FLOW": 244.0, "OUT_FLOW": 2100.0, "DRAIN_AREA": "1.685 sq km", "STRAHLER": 1, "Shape_Leng": 0.017855319711799999 }, "geometry": { "type": "MultiLineString", "coordinates": [ [ [ 75.856123126381249, 26.877368721989001 ], [ 75.856123126381249, 26.877638216430569 ], [ 75.856392620822874, 26.877907710872194 ], [ 75.856392620822874, 26.878177206213138 ], [ 75.856662116163761, 26.878446700654763 ], [ 75.856931610605386, 26.878716195096388 ], [ 75.857470599488636, 26.879255183979581 ], [ 75.857740093930261, 26.879255183979581 ], [ 75.858279082813453, 26.87979417286283 ], [ 75.858548578154398, 26.87979417286283 ], [ 75.858818072596023, 26.880063668203775 ], [ 75.859087567037648, 26.8803331626454 ], [ 75.86016554570341, 26.881411140411842 ], [ 75.860435040145035, 26.881680635752787 ], [ 75.86070453458666, 26.881680635752787 ], [ 75.860974029028284, 26.881950130194411 ], [ 75.861243523469909, 26.881950130194411 ], [ 75.861513017911477, 26.882219624636036 ], [ 75.861782513252422, 26.882489119077661 ], [ 75.862860491018921, 26.883567097743423 ], [ 75.862860491018921, 26.883836592185048 ], [ 75.862860491018921, 26.884106086626673 ], [ 75.863399480801434, 26.884645075509866 ], [ 75.863399480801434, 26.88491457085081 ], [ 75.864207964126308, 26.885723054175685 ], [ 75.864207964126308, 26.885992548617253 ], [ 75.864207964126308, 26.886262043058878 ], [ 75.864207964126308, 26.886801032841447 ], [ 75.864477458567933, 26.887070527283072 ], [ 75.864477458567933, 26.888148505049514 ], [ 75.865016447451126, 26.888687494832084 ], [ 75.865555437233695, 26.888687494832084 ], [ 75.866094426116945, 26.889226483715277 ], [ 75.866633415000138, 26.889226483715277 ], [ 75.866902910341082, 26.889495978156901 ] ] ] } },
{ "type": "Feature", "properties": { "OBJECTID": 668.0, "LAYER": "Stream", "STREAM_ID": 5430, "IN_FLOW": 205.0, "OUT_FLOW": 219.0, "DRAIN_AREA": "0.1757 sq km", "STRAHLER": 1, "Shape_Leng": 0.0015244914132 }, "geometry": { "type": "MultiLineString", "coordinates": [ [ [ 75.701972223939038, 26.888956989273709 ], [ 75.70305020170548, 26.88787901060789 ] ] ] } },
{ "type": "Feature", "properties": { "OBJECTID": 669.0, "LAYER": "Stream", "STREAM_ID": 5431, "IN_FLOW": 200.0, "OUT_FLOW": 1186.0, "DRAIN_AREA": "0.952 sq km", "STRAHLER": 1, "Shape_Leng": 0.020261617306199999 }, "geometry": { "type": "MultiLineString", "coordinates": [ [ [ 75.814890455230397, 26.888687494832084 ], [ 75.814351465447828, 26.888687494832084 ], [ 75.813812476564578, 26.888687494832084 ], [ 75.81354298212301, 26.888956989273709 ], [ 75.813273487681386, 26.888956989273709 ], [ 75.813003993239761, 26.888687494832084 ], [ 75.813003993239761, 26.888418000390459 ], [ 75.812465003457191, 26.88787901060789 ], [ 75.812195509015567, 26.88787901060789 ], [ 75.811926014573942, 26.887609516166265 ], [ 75.811656520132374, 26.887609516166265 ], [ 75.811387025690749, 26.887340021724697 ], [ 75.811117531249124, 26.887340021724697 ], [ 75.81084803590818, 26.887070527283072 ], [ 75.809231068359168, 26.887070527283072 ], [ 75.808961573917543, 26.886801032841447 ], [ 75.808692079475918, 26.886801032841447 ], [ 75.80842258503435, 26.886531537500503 ], [ 75.808153090592725, 26.886262043058878 ], [ 75.805997133261144, 26.886262043058878 ], [ 75.805458144377894, 26.885723054175685 ], [ 75.805458144377894, 26.88545355973406 ], [ 75.805188649936326, 26.885184065292435 ], [ 75.805188649936326, 26.884645075509866 ], [ 75.805997133261144, 26.883836592185048 ], [ 75.805997133261144, 26.883567097743423 ], [ 75.805727638819519, 26.883297603301799 ], [ 75.804919155494701, 26.883297603301799 ], [ 75.804380166611452, 26.883297603301799 ], [ 75.804110671270507, 26.883028107960854 ], [ 75.803841176828882, 26.883028107960854 ], [ 75.803571682387314, 26.882758613519229 ], [ 75.80330218794569, 26.882489119077661 ], [ 75.801685220396678, 26.880872151528649 ], [ 75.801415725955053, 26.880872151528649 ], [ 75.801146231513428, 26.880872151528649 ], [ 75.800876736172484, 26.880602657087024 ], [ 75.800876736172484, 26.8803331626454 ] ] ] } },
{ "type": "Feature", "properties": { "OBJECTID": 670.0, "LAYER": "Stream", "STREAM_ID": 5439, "IN_FLOW": 209.0, "OUT_FLOW": 685.0, "DRAIN_AREA": "0.55 sq km", "STRAHLER": 1, "Shape_Leng": 0.0092665101708499995 }, "geometry": { "type": "MultiLineString", "coordinates": [ [ [ 75.763955978785475, 26.888418000390459 ], [ 75.764494967668668, 26.88787901060789 ], [ 75.764494967668668, 26.887609516166265 ], [ 75.765033956551918, 26.887070527283072 ], [ 75.765033956551918, 26.886801032841447 ], [ 75.765572946334487, 26.886262043058878 ], [ 75.767459408325067, 26.886262043058878 ], [ 75.767728902766692, 26.885992548617253 ], [ 75.768537386091566, 26.885992548617253 ], [ 75.769076375874079, 26.886531537500503 ], [ 75.769884859198953, 26.886531537500503 ], [ 75.770423848082203, 26.885992548617253 ], [ 75.770423848082203, 26.885723054175685 ], [ 75.770962837864715, 26.885184065292435 ] ] ] } },
{ "type": "Feature", "properties": { "OBJECTID": 671.0, "LAYER": "Stream", "STREAM_ID": 5440, "IN_FLOW": 201.0, "OUT_FLOW": 1673.0, "DRAIN_AREA": "1.343 sq km", "STRAHLER": 1, "Shape_Leng": 0.025439472280699999 }, "geometry": { "type": "MultiLineString", "coordinates": [ [ [ 75.875796231411016, 26.888418000390459 ], [ 75.875796231411016, 26.888148505049514 ], [ 75.876065725852641, 26.88787901060789 ], [ 75.875796231411016, 26.887609516166265 ], [ 75.875796231411016, 26.887340021724697 ], [ 75.876065725852641, 26.887070527283072 ], [ 75.876335220294266, 26.886801032841447 ], [ 75.876335220294266, 26.886531537500503 ], [ 75.877143704518403, 26.885723054175685 ], [ 75.877143704518403, 26.885184065292435 ], [ 75.877952187843277, 26.884375581068241 ], [ 75.878221682284845, 26.884375581068241 ], [ 75.87849117672647, 26.884106086626673 ], [ 75.87903016650904, 26.884106086626673 ], [ 75.879838649833857, 26.884106086626673 ], [ 75.880108144275482, 26.883836592185048 ], [ 75.881186122941301, 26.883836592185048 ], [ 75.881994607165439, 26.883028107960854 ], [ 75.882264101607063, 26.882758613519229 ], [ 75.882803090490313, 26.882758613519229 ], [ 75.883342079373506, 26.882219624636036 ], [ 75.883611573815131, 26.882219624636036 ], [ 75.883881069156075, 26.881950130194411 ], [ 75.8841505635977, 26.881680635752787 ], [ 75.884689552480893, 26.881141645970217 ], [ 75.884689552480893, 26.8803331626454 ], [ 75.884959046922518, 26.880063668203775 ], [ 75.885498036705087, 26.880063668203775 ], [ 75.886037025588337, 26.879524678421205 ], [ 75.886037025588337, 26.878985689538013 ], [ 75.887115004254099, 26.877907710872194 ], [ 75.887384498695724, 26.877907710872194 ], [ 75.887653993137349, 26.877907710872194 ], [ 75.888462476462166, 26.877099227547376 ], [ 75.888462476462166, 26.876829733105751 ], [ 75.889540455127985, 26.875751754439989 ], [ 75.889809949569553, 26.875751754439989 ], [ 75.890079444011178, 26.875482259998364 ], [ 75.890079444011178, 26.87467377577417 ], [ 75.890618433793747, 26.874134786890977 ], [ 75.891157422676997, 26.874134786890977 ], [ 75.891426917118565, 26.873865292449352 ], [ 75.89169641156019, 26.873865292449352 ], [ 75.892235401342759, 26.873326303566103 ] ] ] } },
{ "type": "Feature", "properties": { "OBJECTID": 672.0, "LAYER": "Stream", "STREAM_ID": 5449, "IN_FLOW": 8692.0, "OUT_FLOW": 8758.0, "DRAIN_AREA": "7.028 sq km", "STRAHLER": 3, "Shape_Leng": 0.0020634805598099999 }, "geometry": { "type": "MultiLineString", "coordinates": [ [ [ 75.70305020170548, 26.88787901060789 ], [ 75.701972223939038, 26.886801032841447 ], [ 75.701972223939038, 26.886262043058878 ] ] ] } },
{ "type": "Feature", "properties": { "OBJECTID": 673.0, "LAYER": "Stream", "STREAM_ID": 5450, "IN_FLOW": 32771.0, "OUT_FLOW": 32892.0, "DRAIN_AREA": "26.395 sq km", "STRAHLER": 3, "Shape_Leng": 0.00282572632094 }, "geometry": { "type": "MultiLineString", "coordinates": [ [ [ 75.780934137600411, 26.88787901060789 ], [ 75.780395147817899, 26.887340021724697 ], [ 75.780395147817899, 26.886801032841447 ], [ 75.779317170051399, 26.885723054175685 ] ] ] } },
{ "type": "Feature", "properties": { "OBJECTID": 674.0, "LAYER": "Stream", "STREAM_ID": 5464, "IN_FLOW": 211.0, "OUT_FLOW": 1125.0, "DRAIN_AREA": "0.903 sq km", "STRAHLER": 1, "Shape_Leng": 0.0190720115505 }, "geometry": { "type": "MultiLineString", "coordinates": [ [ [ 75.827017711398298, 26.885992548617253 ], [ 75.82674821695673, 26.886262043058878 ], [ 75.82674821695673, 26.886531537500503 ], [ 75.82674821695673, 26.886801032841447 ], [ 75.826209227174161, 26.887340021724697 ], [ 75.825939732732536, 26.887070527283072 ], [ 75.825131249407718, 26.887070527283072 ], [ 75.824592260524469, 26.887070527283072 ], [ 75.824322765183524, 26.887070527283072 ], [ 75.824053270741899, 26.886801032841447 ], [ 75.823783776300274, 26.886801032841447 ], [ 75.822975292975457, 26.885992548617253 ], [ 75.822166808751263, 26.885184065292435 ], [ 75.82162781986807, 26.885184065292435 ], [ 75.821358325426445, 26.885184065292435 ], [ 75.820010852319058, 26.885184065292435 ], [ 75.819741357877433, 26.88545355973406 ], [ 75.819202368094864, 26.88491457085081 ], [ 75.819202368094864, 26.884106086626673 ], [ 75.818393884770046, 26.883297603301799 ], [ 75.817585400545852, 26.883297603301799 ], [ 75.816776917221034, 26.882489119077661 ], [ 75.815698938555215, 26.882489119077661 ], [ 75.81542944411359, 26.882219624636036 ], [ 75.81542944411359, 26.881680635752787 ], [ 75.815159949672022, 26.881411140411842 ], [ 75.815159949672022, 26.880602657087024 ], [ 75.814351465447828, 26.87979417286283 ], [ 75.813812476564578, 26.87979417286283 ], [ 75.81354298212301, 26.879524678421205 ] ] ] } },
{ "type": "Feature", "properties": { "OBJECTID": 675.0, "LAYER": "Stream", "STREAM_ID": 5465, "IN_FLOW": 4149.0, "OUT_FLOW": 4474.0, "DRAIN_AREA": "3.59 sq km", "STRAHLER": 3, "Shape_Leng": 0.0071105540020499998 }, "geometry": { "type": "MultiLineString", "coordinates": [ [ [ 75.890618433793747, 26.887340021724697 ], [ 75.891426917118565, 26.887340021724697 ], [ 75.891965906001815, 26.886801032841447 ], [ 75.892235401342759, 26.886531537500503 ], [ 75.893313379109202, 26.88545355973406 ], [ 75.894121863333396, 26.88545355973406 ], [ 75.894660852216589, 26.885992548617253 ], [ 75.894660852216589, 26.886262043058878 ], [ 75.895469336440783, 26.887070527283072 ], [ 75.895738830882408, 26.887070527283072 ], [ 75.896008325324033, 26.886801032841447 ] ] ] } },
{ "type": "Feature", "properties": { "OBJECTID": 676.0, "LAYER": "Stream", "STREAM_ID": 5466, "IN_FLOW": 218.0, "OUT_FLOW": 221.0, "DRAIN_AREA": "0.1773 sq km", "STRAHLER": 1, "Shape_Leng": 0.00065061713591499999 }, "geometry": { "type": "MultiLineString", "coordinates": [ [ [ 75.896277819765601, 26.887340021724697 ], [ 75.896277819765601, 26.887070527283072 ], [ 75.896008325324033, 26.886801032841447 ] ] ] } },
{ "type": "Feature", "properties": { "OBJECTID": 677.0, "LAYER": "Stream", "STREAM_ID": 5475, "IN_FLOW": 91208.0, "OUT_FLOW": 91722.0, "DRAIN_AREA": "73.605 sq km", "STRAHLER": 5, "Shape_Leng": 0.0078074103460500002 }, "geometry": { "type": "MultiLineString", "coordinates": [ [ [ 75.756679624365233, 26.887070527283072 ], [ 75.756679624365233, 26.886262043058878 ], [ 75.758296591914245, 26.884645075509866 ], [ 75.758296591914245, 26.883297603301799 ], [ 75.759105076138383, 26.882489119077661 ], [ 75.759913559463257, 26.882489119077661 ], [ 75.760183053904882, 26.882219624636036 ], [ 75.760183053904882, 26.881950130194411 ], [ 75.760722043687451, 26.881411140411842 ] ] ] } },
{ "type": "Feature", "properties": { "OBJECTID": 678.0, "LAYER": "Stream", "STREAM_ID": 5476, "IN_FLOW": 216.0, "OUT_FLOW": 306.0, "DRAIN_AREA": "0.2456 sq km", "STRAHLER": 1, "Shape_Leng": 0.0022213473846799999 }, "geometry": { "type": "MultiLineString", "coordinates": [ [ [ 75.884689552480893, 26.887070527283072 ], [ 75.885767531146712, 26.887070527283072 ], [ 75.88657601447153, 26.886262043058878 ] ] ] } },
{ "type": "Feature", "properties": { "OBJECTID": 679.0, "LAYER": "Stream", "STREAM_ID": 5477, "IN_FLOW": 668.0, "OUT_FLOW": 858.0, "DRAIN_AREA": "0.689 sq km", "STRAHLER": 2, "Shape_Leng": 0.0047121892109800003 }, "geometry": { "type": "MultiLineString", "coordinates": [ [ [ 75.88657601447153, 26.886262043058878 ], [ 75.887115004254099, 26.886262043058878 ], [ 75.887384498695724, 26.886531537500503 ], [ 75.887653993137349, 26.886531537500503 ], [ 75.887923487578973, 26.886262043058878 ], [ 75.888731971803111, 26.886262043058878 ], [ 75.889001466244736, 26.886531537500503 ], [ 75.88927096068636, 26.886531537500503 ], [ 75.889809949569553, 26.887070527283072 ], [ 75.890348938452803, 26.887070527283072 ], [ 75.890618433793747, 26.887340021724697 ] ] ] } },
{ "type": "Feature", "properties": { "OBJECTID": 680.0, "LAYER": "Stream", "STREAM_ID": 5485, "IN_FLOW": 4701.0, "OUT_FLOW": 5291.0, "DRAIN_AREA": "4.246 sq km", "STRAHLER": 3, "Shape_Leng": 0.0094424590863800006 }, "geometry": { "type": "MultiLineString", "coordinates": [ [ [ 75.896008325324033, 26.886801032841447 ], [ 75.896547314207226, 26.886262043058878 ], [ 75.89681680864885, 26.885992548617253 ], [ 75.897894787314613, 26.88491457085081 ], [ 75.897894787314613, 26.884645075509866 ], [ 75.897625292873045, 26.884375581068241 ], [ 75.897625292873045, 26.883567097743423 ], [ 75.897894787314613, 26.883297603301799 ], [ 75.898164281756237, 26.883297603301799 ], [ 75.898972765980432, 26.882489119077661 ], [ 75.898972765980432, 26.882219624636036 ], [ 75.899242260422056, 26.881950130194411 ], [ 75.899242260422056, 26.881141645970217 ], [ 75.900589733529443, 26.87979417286283 ], [ 75.900589733529443, 26.879637377862764 ] ] ] } },
{ "type": "Feature", "properties": { "OBJECTID": 681.0, "LAYER": "Stream", "STREAM_ID": 5493, "IN_FLOW": 217.0, "OUT_FLOW": 499.0, "DRAIN_AREA": "0.4004 sq km", "STRAHLER": 1, "Shape_Leng": 0.0074916769597099999 }, "geometry": { "type": "MultiLineString", "coordinates": [ [ [ 75.741048938657627, 26.886531537500503 ], [ 75.741318433099252, 26.886262043058878 ], [ 75.741857421982502, 26.885723054175685 ], [ 75.742126917323446, 26.885723054175685 ], [ 75.742396411765071, 26.885992548617253 ], [ 75.743204895089889, 26.885992548617253 ], [ 75.743474389531514, 26.885723054175685 ], [ 75.744013379314083, 26.885723054175685 ], [ 75.74536085242147, 26.884375581068241 ], [ 75.745899841304663, 26.883836592185048 ], [ 75.745899841304663, 26.883567097743423 ], [ 75.746169335746288, 26.883297603301799 ], [ 75.746438830187913, 26.883297603301799 ], [ 75.746708324629537, 26.883028107960854 ] ] ] } },
{ "type": "Feature", "properties": { "OBJECTID": 682.0, "LAYER": "Stream", "STREAM_ID": 5499, "IN_FLOW": 10794.0, "OUT_FLOW": 11098.0, "DRAIN_AREA": "8.906 sq km", "STRAHLER": 3, "Shape_Leng": 0.0078344954203399993 }, "geometry": { "type": "MultiLineString", "coordinates": [ [ [ 75.701972223939038, 26.886262043058878 ], [ 75.701972223939038, 26.885992548617253 ], [ 75.701972223939038, 26.885184065292435 ], [ 75.701702729497413, 26.88491457085081 ], [ 75.701702729497413, 26.883836592185048 ], [ 75.701702729497413, 26.882219624636036 ], [ 75.702241718380662, 26.881680635752787 ], [ 75.702241718380662, 26.881141645970217 ], [ 75.701972223939038, 26.880872151528649 ], [ 75.701433235055788, 26.880872151528649 ], [ 75.7011637397149, 26.880602657087024 ], [ 75.7011637397149, 26.8803331626454 ], [ 75.7011637397149, 26.879524678421205 ] ] ] } },
{ "type": "Feature", "properties": { "OBJECTID": 683.0, "LAYER": "Stream", "STREAM_ID": 5500, "IN_FLOW": 337.0, "OUT_FLOW": 619.0, "DRAIN_AREA": "0.4967 sq km", "STRAHLER": 1, "Shape_Leng": 0.0069797729966 }, "geometry": { "type": "MultiLineString", "coordinates": [ [ [ 75.800068252847666, 26.886262043058878 ], [ 75.799529263964416, 26.885723054175685 ], [ 75.799259768623472, 26.88545355973406 ], [ 75.798720779740222, 26.88545355973406 ], [ 75.798451285298654, 26.885723054175685 ], [ 75.798181790857029, 26.885723054175685 ], [ 75.79764280197378, 26.885723054175685 ], [ 75.797373306632835, 26.88545355973406 ], [ 75.797373306632835, 26.885184065292435 ], [ 75.79710381219121, 26.88491457085081 ], [ 75.79710381219121, 26.884645075509866 ], [ 75.796834317749642, 26.884375581068241 ], [ 75.794408866875756, 26.884375581068241 ] ] ] } },
{ "type": "Feature", "properties": { "OBJECTID": 684.0, "LAYER": "Stream", "STREAM_ID": 5506, "IN_FLOW": 204.0, "OUT_FLOW": 359.0, "DRAIN_AREA": "0.2881 sq km", "STRAHLER": 1, "Shape_Leng": 0.0049354454528999997 }, "geometry": { "type": "MultiLineString", "coordinates": [ [ [ 75.882533596048688, 26.885184065292435 ], [ 75.883072584931881, 26.884645075509866 ], [ 75.8841505635977, 26.884645075509866 ], [ 75.884959046922518, 26.884645075509866 ], [ 75.88657601447153, 26.886262043058878 ] ] ] } },
{ "type": "Feature", "properties": { "OBJECTID": 685.0, "LAYER": "Stream", "STREAM_ID": 5511, "IN_FLOW": 33121.0, "OUT_FLOW": 33952.0, "DRAIN_AREA": "27.246 sq km", "STRAHLER": 3, "Shape_Leng": 0.011014260787500001 }, "geometry": { "type": "MultiLineString", "coordinates": [ [ [ 75.779317170051399, 26.885723054175685 ], [ 75.779047675609775, 26.885723054175685 ], [ 75.778239191385637, 26.88491457085081 ], [ 75.777969696944012, 26.88491457085081 ], [ 75.777430708060763, 26.884375581068241 ], [ 75.77689171827825, 26.884375581068241 ], [ 75.776352729395001, 26.88491457085081 ], [ 75.776083234953376, 26.88491457085081 ], [ 75.775274750729238, 26.884106086626673 ], [ 75.774196772962739, 26.883028107960854 ], [ 75.773388288738602, 26.883028107960854 ], [ 75.772849299855352, 26.882489119077661 ], [ 75.772579805413727, 26.882489119077661 ], [ 75.772310310972102, 26.882219624636036 ], [ 75.771501826747965, 26.882219624636036 ], [ 75.77123233230634, 26.881950130194411 ], [ 75.770962837864715, 26.881950130194411 ], [ 75.77069334342309, 26.881680635752787 ], [ 75.77069334342309, 26.881411140411842 ] ] ] } },
{ "type": "Feature", "properties": { "OBJECTID": 686.0, "LAYER": "Stream", "STREAM_ID": 5512, "IN_FLOW": 202.0, "OUT_FLOW": 226.0, "DRAIN_AREA": "0.1814 sq km", "STRAHLER": 1, "Shape_Leng": 0.0014128625246099999 }, "geometry": { "type": "MultiLineString", "coordinates": [ [ [ 75.780395147817899, 26.88491457085081 ], [ 75.780125653376274, 26.885184065292435 ], [ 75.779856158934649, 26.88545355973406 ], [ 75.779586664493024, 26.885723054175685 ], [ 75.779317170051399, 26.885723054175685 ] ] ] } },
{ "type": "Feature", "properties": { "OBJECTID": 687.0, "LAYER": "Stream", "STREAM_ID": 5513, "IN_FLOW": 1001.0, "OUT_FLOW": 1613.0, "DRAIN_AREA": "1.294 sq km", "STRAHLER": 2, "Shape_Leng": 0.0148525748218 }, "geometry": { "type": "MultiLineString", "coordinates": [ [ [ 75.794408866875756, 26.884375581068241 ], [ 75.794139371534811, 26.884645075509866 ], [ 75.794139371534811, 26.88491457085081 ], [ 75.794139371534811, 26.885184065292435 ], [ 75.793600382651618, 26.885723054175685 ], [ 75.792791899326744, 26.885723054175685 ], [ 75.791983415102607, 26.88491457085081 ], [ 75.791983415102607, 26.883836592185048 ], [ 75.791444426219357, 26.883297603301799 ], [ 75.791444426219357, 26.883028107960854 ], [ 75.791174931777732, 26.882758613519229 ], [ 75.790905437336107, 26.882758613519229 ], [ 75.790635941995163, 26.882758613519229 ], [ 75.790366447553595, 26.882489119077661 ], [ 75.789827458670345, 26.882489119077661 ], [ 75.78955796422872, 26.882219624636036 ], [ 75.789288469787095, 26.881950130194411 ], [ 75.789288469787095, 26.881411140411842 ], [ 75.789018974446151, 26.881141645970217 ], [ 75.788210491121333, 26.8803331626454 ], [ 75.788210491121333, 26.880063668203775 ], [ 75.787402006897139, 26.879255183979581 ], [ 75.787402006897139, 26.878985689538013 ], [ 75.787402006897139, 26.878446700654763 ], [ 75.787940996679708, 26.877907710872194 ], [ 75.787940996679708, 26.876829733105751 ], [ 75.788210491121333, 26.876560238664126 ] ] ] } },
{ "type": "Feature", "properties": { "OBJECTID": 688.0, "LAYER": "Stream", "STREAM_ID": 5517, "IN_FLOW": 203.0, "OUT_FLOW": 450.0, "DRAIN_AREA": "0.3611 sq km", "STRAHLER": 1, "Shape_Leng": 0.0042385894814499997 }, "geometry": { "type": "MultiLineString", "coordinates": [ [ [ 75.852889191283225, 26.88545355973406 ], [ 75.8526196968416, 26.885184065292435 ], [ 75.852350202399975, 26.88491457085081 ], [ 75.852080707958351, 26.884645075509866 ], [ 75.851811213516726, 26.884645075509866 ], [ 75.851272223734213, 26.884106086626673 ], [ 75.851272223734213, 26.883836592185048 ], [ 75.850194245967714, 26.882758613519229 ], [ 75.849924751526146, 26.882758613519229 ] ] ] } },
{ "type": "Feature", "properties": { "OBJECTID": 689.0, "LAYER": "Stream", "STREAM_ID": 5523, "IN_FLOW": 2948.0, "OUT_FLOW": 3241.0, "DRAIN_AREA": "2.601 sq km", "STRAHLER": 2, "Shape_Leng": 0.0079461246814100002 }, "geometry": { "type": "MultiLineString", "coordinates": [ [ [ 75.770962837864715, 26.885184065292435 ], [ 75.770962837864715, 26.884645075509866 ], [ 75.770962837864715, 26.883567097743423 ], [ 75.77069334342309, 26.883297603301799 ], [ 75.770154353640578, 26.883297603301799 ], [ 75.769884859198953, 26.883297603301799 ], [ 75.769345870315703, 26.883297603301799 ], [ 75.769076375874079, 26.883028107960854 ], [ 75.768537386091566, 26.883028107960854 ], [ 75.768267891649941, 26.882758613519229 ], [ 75.768267891649941, 26.882219624636036 ], [ 75.768537386091566, 26.881950130194411 ], [ 75.768806880533191, 26.881950130194411 ], [ 75.769076375874079, 26.881680635752787 ], [ 75.770154353640578, 26.881680635752787 ], [ 75.770423848082203, 26.881680635752787 ], [ 75.77069334342309, 26.881411140411842 ] ] ] } },
{ "type": "Feature", "properties": { "OBJECTID": 690.0, "LAYER": "Stream", "STREAM_ID": 5531, "IN_FLOW": 201.0, "OUT_FLOW": 685.0, "DRAIN_AREA": "0.55 sq km", "STRAHLER": 1, "Shape_Leng": 0.012835330817199999 }, "geometry": { "type": "MultiLineString", "coordinates": [ [ [ 75.70870958857671, 26.88491457085081 ], [ 75.707362115469323, 26.88491457085081 ], [ 75.707092621027698, 26.884645075509866 ], [ 75.706823126586073, 26.884375581068241 ], [ 75.706823126586073, 26.883836592185048 ], [ 75.706823126586073, 26.881411140411842 ], [ 75.707092621027698, 26.881141645970217 ], [ 75.706553632144448, 26.880602657087024 ], [ 75.706284136803504, 26.880602657087024 ], [ 75.706014642361936, 26.8803331626454 ], [ 75.705475653478686, 26.8803331626454 ], [ 75.704936664595436, 26.880872151528649 ], [ 75.704397674812924, 26.880872151528649 ], [ 75.704128180371299, 26.881141645970217 ], [ 75.703858685929674, 26.881141645970217 ], [ 75.703319697046425, 26.880602657087024 ], [ 75.703319697046425, 26.880063668203775 ], [ 75.703319697046425, 26.87979417286283 ], [ 75.701972223939038, 26.878446700654763 ] ] ] } },
{ "type": "Feature", "properties": { "OBJECTID": 691.0, "LAYER": "Stream", "STREAM_ID": 5532, "IN_FLOW": 1064.0, "OUT_FLOW": 1154.0, "DRAIN_AREA": "0.926 sq km", "STRAHLER": 2, "Shape_Leng": 0.0045734748754599997 }, "geometry": { "type": "MultiLineString", "coordinates": [ [ [ 75.726496230716521, 26.88491457085081 ], [ 75.728382692707157, 26.883028107960854 ], [ 75.729730165814544, 26.881680635752787 ] ] ] } },
{ "type": "Feature", "properties": { "OBJECTID": 692.0, "LAYER": "Stream", "STREAM_ID": 5533, "IN_FLOW": 203.0, "OUT_FLOW": 396.0, "DRAIN_AREA": "0.3178 sq km", "STRAHLER": 1, "Shape_Leng": 0.00383831467024 }, "geometry": { "type": "MultiLineString", "coordinates": [ [ [ 75.761530527012269, 26.88491457085081 ], [ 75.760991538129019, 26.884375581068241 ], [ 75.760991538129019, 26.884106086626673 ], [ 75.760991538129019, 26.883836592185048 ], [ 75.760991538129019, 26.883297603301799 ], [ 75.760991538129019, 26.883028107960854 ], [ 75.760991538129019, 26.882758613519229 ], [ 75.760991538129019, 26.881680635752787 ], [ 75.760722043687451, 26.881411140411842 ] ] ] } },
{ "type": "Feature", "properties": { "OBJECTID": 693.0, "LAYER": "Stream", "STREAM_ID": 5537, "IN_FLOW": 200.0, "OUT_FLOW": 247.0, "DRAIN_AREA": "0.1982 sq km", "STRAHLER": 1, "Shape_Leng": 0.0020634811957199999 }, "geometry": { "type": "MultiLineString", "coordinates": [ [ [ 75.724879263167509, 26.883836592185048 ], [ 75.725418252950078, 26.883836592185048 ], [ 75.725687747391703, 26.884106086626673 ], [ 75.726496230716521, 26.88491457085081 ] ] ] } },
{ "type": "Feature", "properties": { "OBJECTID": 694.0, "LAYER": "Stream", "STREAM_ID": 5540, "IN_FLOW": 202.0, "OUT_FLOW": 335.0, "DRAIN_AREA": "0.2688 sq km", "STRAHLER": 1, "Shape_Leng": 0.0058555566579100004 }, "geometry": { "type": "MultiLineString", "coordinates": [ [ [ 75.813812476564578, 26.884375581068241 ], [ 75.813273487681386, 26.883836592185048 ], [ 75.813003993239761, 26.883567097743423 ], [ 75.813003993239761, 26.883297603301799 ], [ 75.813812476564578, 26.882489119077661 ], [ 75.813812476564578, 26.881141645970217 ], [ 75.81354298212301, 26.880872151528649 ], [ 75.81354298212301, 26.880602657087024 ], [ 75.813273487681386, 26.8803331626454 ], [ 75.813273487681386, 26.87979417286283 ], [ 75.81354298212301, 26.879524678421205 ] ] ] } },
{ "type": "Feature", "properties": { "OBJECTID": 695.0, "LAYER": "Stream", "STREAM_ID": 5541, "IN_FLOW": 202.0, "OUT_FLOW": 519.0, "DRAIN_AREA": "0.4165 sq km", "STRAHLER": 1, "Shape_Leng": 0.0101212316952 }, "geometry": { "type": "MultiLineString", "coordinates": [ [ [ 75.874448758303629, 26.884375581068241 ], [ 75.874718252745197, 26.884106086626673 ], [ 75.874718252745197, 26.883836592185048 ], [ 75.874718252745197, 26.883567097743423 ], [ 75.874179263862004, 26.883028107960854 ], [ 75.874179263862004, 26.882758613519229 ], [ 75.874179263862004, 26.881680635752787 ], [ 75.874718252745197, 26.881141645970217 ], [ 75.874718252745197, 26.8803331626454 ], [ 75.874718252745197, 26.880063668203775 ], [ 75.874718252745197, 26.87979417286283 ], [ 75.873909769420379, 26.878985689538013 ], [ 75.873909769420379, 26.878177206213138 ], [ 75.873909769420379, 26.876829733105751 ], [ 75.87337077963781, 26.876290743323182 ], [ 75.87337077963781, 26.876021248881557 ], [ 75.873101285196185, 26.875751754439989 ], [ 75.873101285196185, 26.875482259998364 ] ] ] } },
{ "type": "Feature", "properties": { "OBJECTID": 696.0, "LAYER": "Stream", "STREAM_ID": 5547, "IN_FLOW": 230.0, "OUT_FLOW": 283.0, "DRAIN_AREA": "0.2271 sq km", "STRAHLER": 1, "Shape_Leng": 0.0020634802963900001 }, "geometry": { "type": "MultiLineString", "coordinates": [ [ [ 75.796025834424768, 26.883297603301799 ], [ 75.795756339083823, 26.883567097743423 ], [ 75.795486844642198, 26.883836592185048 ], [ 75.794947855759006, 26.883836592185048 ], [ 75.794408866875756, 26.884375581068241 ] ] ] } },
{ "type": "Feature", "properties": { "OBJECTID": 697.0, "LAYER": "Stream", "STREAM_ID": 5548, "IN_FLOW": 210.0, "OUT_FLOW": 230.0, "DRAIN_AREA": "0.1846 sq km", "STRAHLER": 1, "Shape_Leng": 0.00141286379644 }, "geometry": { "type": "MultiLineString", "coordinates": [ [ [ 75.849116267301952, 26.883836592185048 ], [ 75.849385761743576, 26.883567097743423 ], [ 75.849655256185201, 26.883297603301799 ], [ 75.849924751526146, 26.883028107960854 ], [ 75.849924751526146, 26.882758613519229 ] ] ] } },
{ "type": "Feature", "properties": { "OBJECTID": 698.0, "LAYER": "Stream", "STREAM_ID": 5550, "IN_FLOW": 294.0, "OUT_FLOW": 389.0, "DRAIN_AREA": "0.3122 sq km", "STRAHLER": 1, "Shape_Leng": 0.0039499422869800002 }, "geometry": { "type": "MultiLineString", "coordinates": [ [ [ 75.749672765285936, 26.883567097743423 ], [ 75.749133776402743, 26.883028107960854 ], [ 75.749133776402743, 26.882489119077661 ], [ 75.749133776402743, 26.882219624636036 ], [ 75.749672765285936, 26.881680635752787 ], [ 75.749672765285936, 26.880063668203775 ] ] ] } },
{ "type": "Feature", "properties": { "OBJECTID": 699.0, "LAYER": "Stream", "STREAM_ID": 5563, "IN_FLOW": 745.0, "OUT_FLOW": 751.0, "DRAIN_AREA": "0.603 sq km", "STRAHLER": 2, "Shape_Leng": 0.00076224602453499996 }, "geometry": { "type": "MultiLineString", "coordinates": [ [ [ 75.746708324629537, 26.883028107960854 ], [ 75.747247314412107, 26.882489119077661 ] ] ] } },
{ "type": "Feature", "properties": { "OBJECTID": 700.0, "LAYER": "Stream", "STREAM_ID": 5564, "IN_FLOW": 251.0, "OUT_FLOW": 777.0, "DRAIN_AREA": "0.624 sq km", "STRAHLER": 1, "Shape_Leng": 0.013709204831000001 }, "geometry": { "type": "MultiLineString", "coordinates": [ [ [ 75.786324029130697, 26.883028107960854 ], [ 75.786054534689072, 26.882758613519229 ], [ 75.785785040247447, 26.882489119077661 ], [ 75.784707061581685, 26.882489119077661 ], [ 75.78443756714006, 26.882219624636036 ], [ 75.784168072698435, 26.882219624636036 ], [ 75.783359588474298, 26.881411140411842 ], [ 75.782820599591048, 26.880872151528649 ], [ 75.782281609808479, 26.8803331626454 ], [ 75.782012115366911, 26.8803331626454 ], [ 75.781742620925286, 26.880063668203775 ], [ 75.781742620925286, 26.879524678421205 ], [ 75.782012115366911, 26.879255183979581 ], [ 75.782012115366911, 26.878985689538013 ], [ 75.782281609808479, 26.878716195096388 ], [ 75.782281609808479, 26.878177206213138 ], [ 75.782281609808479, 26.877907710872194 ], [ 75.782012115366911, 26.877638216430569 ], [ 75.782012115366911, 26.877368721989001 ], [ 75.781742620925286, 26.877099227547376 ], [ 75.781742620925286, 26.876021248881557 ], [ 75.782012115366911, 26.875751754439989 ], [ 75.782012115366911, 26.874943271115114 ], [ 75.782012115366911, 26.87467377577417 ], [ 75.782012115366911, 26.873865292449352 ], [ 75.781742620925286, 26.873595798007727 ], [ 75.781203632042036, 26.873056808225158 ] ] ] } },
{ "type": "Feature", "properties": { "OBJECTID": 701.0, "LAYER": "Stream", "STREAM_ID": 5565, "IN_FLOW": 202.0, "OUT_FLOW": 948.0, "DRAIN_AREA": "0.761 sq km", "STRAHLER": 1, "Shape_Leng": 0.019072010278600001 }, "geometry": { "type": "MultiLineString", "coordinates": [ [ [ 75.890079444011178, 26.883028107960854 ], [ 75.890079444011178, 26.882758613519229 ], [ 75.890348938452803, 26.882489119077661 ], [ 75.890348938452803, 26.882219624636036 ], [ 75.890618433793747, 26.881950130194411 ], [ 75.890618433793747, 26.881411140411842 ], [ 75.891157422676997, 26.880872151528649 ], [ 75.891157422676997, 26.880063668203775 ], [ 75.892235401342759, 26.878985689538013 ], [ 75.892774390226009, 26.878985689538013 ], [ 75.893313379109202, 26.879524678421205 ], [ 75.893582873550827, 26.879524678421205 ], [ 75.894121863333396, 26.878985689538013 ], [ 75.894121863333396, 26.878446700654763 ], [ 75.894121863333396, 26.877638216430569 ], [ 75.894930346658214, 26.876829733105751 ], [ 75.895199841099839, 26.876829733105751 ], [ 75.895469336440783, 26.877099227547376 ], [ 75.896008325324033, 26.877099227547376 ], [ 75.896277819765601, 26.876829733105751 ], [ 75.897086303090475, 26.876829733105751 ], [ 75.897625292873045, 26.876829733105751 ], [ 75.897894787314613, 26.876560238664126 ], [ 75.897894787314613, 26.876290743323182 ], [ 75.898972765980432, 26.875212765556739 ], [ 75.899511754863624, 26.875751754439989 ], [ 75.899511754863624, 26.878446700654763 ], [ 75.900050743746874, 26.878985689538013 ] ] ] } },
{ "type": "Feature", "properties": { "OBJECTID": 702.0, "LAYER": "Stream", "STREAM_ID": 5570, "IN_FLOW": 202.0, "OUT_FLOW": 345.0, "DRAIN_AREA": "0.2769 sq km", "STRAHLER": 1, "Shape_Leng": 0.0054744339636199997 }, "geometry": { "type": "MultiLineString", "coordinates": [ [ [ 75.74024045533281, 26.882758613519229 ], [ 75.74024045533281, 26.882489119077661 ], [ 75.740509949774435, 26.882219624636036 ], [ 75.740509949774435, 26.881141645970217 ], [ 75.739431971108615, 26.880063668203775 ], [ 75.739431971108615, 26.878985689538013 ], [ 75.738623487783798, 26.878177206213138 ] ] ] } },
{ "type": "Feature", "properties": { "OBJECTID": 703.0, "LAYER": "Stream", "STREAM_ID": 5571, "IN_FLOW": 234.0, "OUT_FLOW": 240.0, "DRAIN_AREA": "0.1926 sq km", "STRAHLER": 1, "Shape_Leng": 0.0011896060191499999 }, "geometry": { "type": "MultiLineString", "coordinates": [ [ [ 75.745630346863095, 26.882758613519229 ], [ 75.746438830187913, 26.882758613519229 ], [ 75.746708324629537, 26.883028107960854 ] ] ] } },
{ "type": "Feature", "properties": { "OBJECTID": 704.0, "LAYER": "Stream", "STREAM_ID": 5572, "IN_FLOW": 710.0, "OUT_FLOW": 1309.0, "DRAIN_AREA": "1.05 sq km", "STRAHLER": 2, "Shape_Leng": 0.0089507784289600007 }, "geometry": { "type": "MultiLineString", "coordinates": [ [ [ 75.849924751526146, 26.882758613519229 ], [ 75.849655256185201, 26.882489119077661 ], [ 75.849655256185201, 26.882219624636036 ], [ 75.849655256185201, 26.881950130194411 ], [ 75.849116267301952, 26.881411140411842 ], [ 75.848846772860327, 26.881411140411842 ], [ 75.848577278418702, 26.881141645970217 ], [ 75.848307783977077, 26.881141645970217 ], [ 75.84749929975294, 26.8803331626454 ], [ 75.847229805311315, 26.8803331626454 ], [ 75.84696031086969, 26.880063668203775 ], [ 75.846690816428065, 26.880063668203775 ], [ 75.846421321087178, 26.87979417286283 ], [ 75.846421321087178, 26.879524678421205 ], [ 75.846151826645553, 26.879255183979581 ], [ 75.845882332203928, 26.878985689538013 ], [ 75.845612837762303, 26.878985689538013 ], [ 75.845073848879053, 26.878446700654763 ], [ 75.844804353538166, 26.878177206213138 ], [ 75.844804353538166, 26.877099227547376 ], [ 75.844534859096541, 26.876829733105751 ] ] ] } },
{ "type": "Feature", "properties": { "OBJECTID": 705.0, "LAYER": "Stream", "STREAM_ID": 5578, "IN_FLOW": 1317.0, "OUT_FLOW": 1397.0, "DRAIN_AREA": "1.121 sq km", "STRAHLER": 2, "Shape_Leng": 0.003587971973 }, "geometry": { "type": "MultiLineString", "coordinates": [ [ [ 75.747247314412107, 26.882489119077661 ], [ 75.748055797736924, 26.881680635752787 ], [ 75.748055797736924, 26.881411140411842 ], [ 75.748325292178549, 26.881141645970217 ], [ 75.749403270844311, 26.880063668203775 ], [ 75.749672765285936, 26.880063668203775 ] ] ] } },
{ "type": "Feature", "properties": { "OBJECTID": 706.0, "LAYER": "Stream", "STREAM_ID": 5584, "IN_FLOW": 1208.0, "OUT_FLOW": 1373.0, "DRAIN_AREA": "1.102 sq km", "STRAHLER": 2, "Shape_Leng": 0.0057439294136999997 }, "geometry": { "type": "MultiLineString", "coordinates": [ [ [ 75.712213018116358, 26.882219624636036 ], [ 75.711404533892164, 26.881411140411842 ], [ 75.711404533892164, 26.880872151528649 ], [ 75.711135039450539, 26.880602657087024 ], [ 75.710865545008971, 26.880602657087024 ], [ 75.710326556125722, 26.880063668203775 ], [ 75.708440094135085, 26.880063668203775 ], [ 75.707901104352516, 26.879524678421205 ] ] ] } },
{ "type": "Feature", "properties": { "OBJECTID": 707.0, "LAYER": "Stream", "STREAM_ID": 5585, "IN_FLOW": 200.0, "OUT_FLOW": 270.0, "DRAIN_AREA": "0.2167 sq km", "STRAHLER": 1, "Shape_Leng": 0.0039037043508500001 }, "geometry": { "type": "MultiLineString", "coordinates": [ [ [ 75.715446953214382, 26.882219624636036 ], [ 75.715177458772757, 26.881950130194411 ], [ 75.714907964331132, 26.881950130194411 ], [ 75.71436897454862, 26.881950130194411 ], [ 75.714099480106995, 26.881680635752787 ], [ 75.71382998566537, 26.881950130194411 ], [ 75.713560491223745, 26.881950130194411 ], [ 75.713290996782121, 26.882219624636036 ], [ 75.713021501441176, 26.881950130194411 ], [ 75.712482512557983, 26.881950130194411 ], [ 75.712213018116358, 26.882219624636036 ] ] ] } },
{ "type": "Feature", "properties": { "OBJECTID": 708.0, "LAYER": "Stream", "STREAM_ID": 5586, "IN_FLOW": 231.0, "OUT_FLOW": 438.0, "DRAIN_AREA": "0.3515 sq km", "STRAHLER": 1, "Shape_Leng": 0.0077149338377499998 }, "geometry": { "type": "MultiLineString", "coordinates": [ [ [ 75.733772585136762, 26.882219624636036 ], [ 75.734042079578387, 26.881950130194411 ], [ 75.733233595354193, 26.881141645970217 ], [ 75.731616627805181, 26.879524678421205 ], [ 75.731347133363556, 26.879524678421205 ], [ 75.731077638921931, 26.879255183979581 ], [ 75.731077638921931, 26.878716195096388 ], [ 75.731347133363556, 26.878446700654763 ], [ 75.731347133363556, 26.877907710872194 ], [ 75.732425112029375, 26.876829733105751 ], [ 75.732425112029375, 26.876560238664126 ] ] ] } },
{ "type": "Feature", "properties": { "OBJECTID": 709.0, "LAYER": "Stream", "STREAM_ID": 5587, "IN_FLOW": 227.0, "OUT_FLOW": 286.0, "DRAIN_AREA": "0.2295 sq km", "STRAHLER": 1, "Shape_Leng": 0.0037458385344 }, "geometry": { "type": "MultiLineString", "coordinates": [ [ [ 75.808153090592725, 26.882219624636036 ], [ 75.8078835961511, 26.881950130194411 ], [ 75.807344606368531, 26.881411140411842 ], [ 75.806805617485338, 26.881411140411842 ], [ 75.805997133261144, 26.880602657087024 ], [ 75.805727638819519, 26.880602657087024 ], [ 75.805458144377894, 26.8803331626454 ], [ 75.805188649936326, 26.8803331626454 ] ] ] } },
{ "type": "Feature", "properties": { "OBJECTID": 710.0, "LAYER": "Stream", "STREAM_ID": 5600, "IN_FLOW": 204.0, "OUT_FLOW": 424.0, "DRAIN_AREA": "0.3403 sq km", "STRAHLER": 1, "Shape_Leng": 0.0040153332394900002 }, "geometry": { "type": "MultiLineString", "coordinates": [ [ [ 75.698738288841014, 26.881680635752787 ], [ 75.698468794399389, 26.881411140411842 ], [ 75.698468794399389, 26.881141645970217 ], [ 75.698738288841014, 26.880872151528649 ], [ 75.699007783282639, 26.880872151528649 ], [ 75.699277277724264, 26.880872151528649 ], [ 75.699546772165831, 26.880872151528649 ], [ 75.699816267506776, 26.880872151528649 ], [ 75.7011637397149, 26.879524678421205 ] ] ] } },
{ "type": "Feature", "properties": { "OBJECTID": 711.0, "LAYER": "Stream", "STREAM_ID": 5601, "IN_FLOW": 2769.0, "OUT_FLOW": 3054.0, "DRAIN_AREA": "2.451 sq km", "STRAHLER": 2, "Shape_Leng": 0.0081885320318199999 }, "geometry": { "type": "MultiLineString", "coordinates": [ [ [ 75.729730165814544, 26.881680635752787 ], [ 75.728921682489727, 26.880872151528649 ], [ 75.728921682489727, 26.880602657087024 ], [ 75.729191176931351, 26.8803331626454 ], [ 75.729191176931351, 26.880063668203775 ], [ 75.729191176931351, 26.879524678421205 ], [ 75.729460671372919, 26.879255183979581 ], [ 75.729460671372919, 26.878716195096388 ], [ 75.729460671372919, 26.878446700654763 ], [ 75.729191176931351, 26.878177206213138 ], [ 75.729191176931351, 26.877638216430569 ], [ 75.730538650038739, 26.876290743323182 ], [ 75.730269155597114, 26.876021248881557 ], [ 75.730269155597114, 26.875751754439989 ], [ 75.730538650038739, 26.875482259998364 ], [ 75.730538650038739, 26.874943271115114 ] ] ] } },
{ "type": "Feature", "properties": { "OBJECTID": 712.0, "LAYER": "Stream", "STREAM_ID": 5602, "IN_FLOW": 214.0, "OUT_FLOW": 663.0, "DRAIN_AREA": "0.532 sq km", "STRAHLER": 1, "Shape_Leng": 0.0100096058771 }, "geometry": { "type": "MultiLineString", "coordinates": [ [ [ 75.834024570477595, 26.8803331626454 ], [ 75.83375507603597, 26.8803331626454 ], [ 75.833485581594346, 26.880602657087024 ], [ 75.830790635379572, 26.880602657087024 ], [ 75.830251646496322, 26.881141645970217 ], [ 75.829982152054754, 26.881141645970217 ], [ 75.829443162272185, 26.881680635752787 ], [ 75.828904173388935, 26.881680635752787 ], [ 75.82863467894731, 26.881680635752787 ], [ 75.828365184505742, 26.881680635752787 ], [ 75.827556700281548, 26.881680635752787 ], [ 75.827287205839923, 26.881411140411842 ], [ 75.82674821695673, 26.881411140411842 ], [ 75.826478722515105, 26.881680635752787 ], [ 75.826209227174161, 26.881680635752787 ], [ 75.825670238290911, 26.881141645970217 ], [ 75.825670238290911, 26.880872151528649 ], [ 75.825400743849286, 26.880602657087024 ] ] ] } },
{ "type": "Feature", "properties": { "OBJECTID": 713.0, "LAYER": "Stream", "STREAM_ID": 5608, "IN_FLOW": 92124.0, "OUT_FLOW": 92243.0, "DRAIN_AREA": "74.023 sq km", "STRAHLER": 5, "Shape_Leng": 0.0036342096457399999 }, "geometry": { "type": "MultiLineString", "coordinates": [ [ [ 75.760722043687451, 26.881411140411842 ], [ 75.760991538129019, 26.881141645970217 ], [ 75.760991538129019, 26.880872151528649 ], [ 75.761530527012269, 26.8803331626454 ], [ 75.761800021453894, 26.8803331626454 ], [ 75.762339011236463, 26.87979417286283 ], [ 75.762339011236463, 26.879524678421205 ], [ 75.762608505678031, 26.879255183979581 ], [ 75.762608505678031, 26.878985689538013 ], [ 75.762608505678031, 26.878716195096388 ] ] ] } },
{ "type": "Feature", "properties": { "OBJECTID": 714.0, "LAYER": "Stream", "STREAM_ID": 5609, "IN_FLOW": 37200.0, "OUT_FLOW": 37619.0, "DRAIN_AREA": "30.188 sq km", "STRAHLER": 3, "Shape_Leng": 0.0068872980234300002 }, "geometry": { "type": "MultiLineString", "coordinates": [ [ [ 75.77069334342309, 26.881411140411842 ], [ 75.77123233230634, 26.880872151528649 ], [ 75.77123233230634, 26.8803331626454 ], [ 75.77123233230634, 26.880063668203775 ], [ 75.77123233230634, 26.879524678421205 ], [ 75.77069334342309, 26.878985689538013 ], [ 75.770423848082203, 26.878985689538013 ], [ 75.769884859198953, 26.878446700654763 ], [ 75.769884859198953, 26.878177206213138 ], [ 75.769884859198953, 26.877907710872194 ], [ 75.770154353640578, 26.877638216430569 ], [ 75.770154353640578, 26.877099227547376 ], [ 75.77123233230634, 26.876021248881557 ] ] ] } },
{ "type": "Feature", "properties": { "OBJECTID": 715.0, "LAYER": "Stream", "STREAM_ID": 5622, "IN_FLOW": 229.0, "OUT_FLOW": 374.0, "DRAIN_AREA": "0.3001 sq km", "STRAHLER": 1, "Shape_Leng": 0.0033647154676199999 }, "geometry": { "type": "MultiLineString", "coordinates": [ [ [ 75.764494967668668, 26.880602657087024 ], [ 75.764764462110293, 26.8803331626454 ], [ 75.764764462110293, 26.880063668203775 ], [ 75.764494967668668, 26.87979417286283 ], [ 75.764225473227043, 26.879524678421205 ], [ 75.763416989002906, 26.879524678421205 ], [ 75.762608505678031, 26.878716195096388 ] ] ] } },
{ "type": "Feature", "properties": { "OBJECTID": 716.0, "LAYER": "Stream", "STREAM_ID": 5623, "IN_FLOW": 944.0, "OUT_FLOW": 1510.0, "DRAIN_AREA": "1.212 sq km", "STRAHLER": 2, "Shape_Leng": 0.0142481937143 }, "geometry": { "type": "MultiLineString", "coordinates": [ [ [ 75.825400743849286, 26.880602657087024 ], [ 75.824322765183524, 26.880602657087024 ], [ 75.824053270741899, 26.880602657087024 ], [ 75.823783776300274, 26.880602657087024 ], [ 75.822975292975457, 26.87979417286283 ], [ 75.822705797634512, 26.87979417286283 ], [ 75.821897314309638, 26.87979417286283 ], [ 75.821358325426445, 26.879255183979581 ], [ 75.820819335643876, 26.879255183979581 ], [ 75.820549841202251, 26.878985689538013 ], [ 75.820280346760626, 26.878985689538013 ], [ 75.820010852319058, 26.878985689538013 ], [ 75.819202368094864, 26.87979417286283 ], [ 75.818663379211614, 26.87979417286283 ], [ 75.818124390328421, 26.879255183979581 ], [ 75.817854895886796, 26.879255183979581 ], [ 75.817315906104227, 26.87979417286283 ], [ 75.816507422779409, 26.87979417286283 ], [ 75.816237928337785, 26.879524678421205 ], [ 75.81596843299684, 26.879255183979581 ], [ 75.81542944411359, 26.879255183979581 ], [ 75.814890455230397, 26.878716195096388 ], [ 75.814890455230397, 26.877907710872194 ], [ 75.814620960788773, 26.877638216430569 ], [ 75.814351465447828, 26.877638216430569 ], [ 75.814081971006203, 26.877368721989001 ] ] ] } },
{ "type": "Feature", "properties": { "OBJECTID": 717.0, "LAYER": "Stream", "STREAM_ID": 5624, "IN_FLOW": 202.0, "OUT_FLOW": 277.0, "DRAIN_AREA": "0.2223 sq km", "STRAHLER": 1, "Shape_Leng": 0.0035225813931299998 }, "geometry": { "type": "MultiLineString", "coordinates": [ [ [ 75.827556700281548, 26.878446700654763 ], [ 75.827017711398298, 26.878446700654763 ], [ 75.826478722515105, 26.878985689538013 ], [ 75.826478722515105, 26.879255183979581 ], [ 75.826478722515105, 26.87979417286283 ], [ 75.826209227174161, 26.880063668203775 ], [ 75.825939732732536, 26.8803331626454 ], [ 75.825670238290911, 26.880602657087024 ], [ 75.825400743849286, 26.880602657087024 ] ] ] } },
{ "type": "Feature", "properties": { "OBJECTID": 718.0, "LAYER": "Stream", "STREAM_ID": 5625, "IN_FLOW": 216.0, "OUT_FLOW": 333.0, "DRAIN_AREA": "0.2672 sq km", "STRAHLER": 1, "Shape_Leng": 0.0044426941334 }, "geometry": { "type": "MultiLineString", "coordinates": [ [ [ 75.896277819765601, 26.880602657087024 ], [ 75.897086303090475, 26.87979417286283 ], [ 75.89735579843142, 26.87979417286283 ], [ 75.897894787314613, 26.879255183979581 ], [ 75.899781249305249, 26.879255183979581 ], [ 75.900050743746874, 26.878985689538013 ] ] ] } },
{ "type": "Feature", "properties": { "OBJECTID": 719.0, "LAYER": "Stream", "STREAM_ID": 5631, "IN_FLOW": 206.0, "OUT_FLOW": 338.0, "DRAIN_AREA": "0.2712 sq km", "STRAHLER": 1, "Shape_Leng": 0.00569769057816 }, "geometry": { "type": "MultiLineString", "coordinates": [ [ [ 75.756410129923609, 26.8803331626454 ], [ 75.756679624365233, 26.880063668203775 ], [ 75.756949118806858, 26.880063668203775 ], [ 75.757757603030996, 26.879255183979581 ], [ 75.75802709747262, 26.879255183979581 ], [ 75.758296591914245, 26.879255183979581 ], [ 75.758835581696815, 26.878716195096388 ], [ 75.759644065021632, 26.877907710872194 ], [ 75.759913559463257, 26.877907710872194 ], [ 75.760183053904882, 26.877638216430569 ], [ 75.760183053904882, 26.877099227547376 ], [ 75.760183053904882, 26.876829733105751 ] ] ] } },
{ "type": "Feature", "properties": { "OBJECTID": 720.0, "LAYER": "Stream", "STREAM_ID": 5632, "IN_FLOW": 1961.0, "OUT_FLOW": 2001.0, "DRAIN_AREA": "1.606 sq km", "STRAHLER": 2, "Shape_Leng": 0.0021751094484299999 }, "geometry": { "type": "MultiLineString", "coordinates": [ [ [ 75.800876736172484, 26.8803331626454 ], [ 75.799798758406041, 26.879255183979581 ], [ 75.799529263964416, 26.878985689538013 ], [ 75.799259768623472, 26.878985689538013 ] ] ] } },
{ "type": "Feature", "properties": { "OBJECTID": 721.0, "LAYER": "Stream", "STREAM_ID": 5633, "IN_FLOW": 687.0, "OUT_FLOW": 770.0, "DRAIN_AREA": "0.618 sq km", "STRAHLER": 2, "Shape_Leng": 0.0047584275196800004 }, "geometry": { "type": "MultiLineString", "coordinates": [ [ [ 75.805188649936326, 26.8803331626454 ], [ 75.804110671270507, 26.8803331626454 ], [ 75.803841176828882, 26.8803331626454 ], [ 75.803032693504065, 26.8803331626454 ], [ 75.802493703721495, 26.87979417286283 ], [ 75.801685220396678, 26.87979417286283 ], [ 75.801415725955053, 26.87979417286283 ], [ 75.800876736172484, 26.8803331626454 ] ] ] } },
{ "type": "Feature", "properties": { "OBJECTID": 722.0, "LAYER": "Stream", "STREAM_ID": 5635, "IN_FLOW": 277.0, "OUT_FLOW": 441.0, "DRAIN_AREA": "0.3539 sq km", "STRAHLER": 1, "Shape_Leng": 0.0051587023308200001 }, "geometry": { "type": "MultiLineString", "coordinates": [ [ [ 75.723531790959441, 26.880063668203775 ], [ 75.723262295618497, 26.87979417286283 ], [ 75.722992801176872, 26.87979417286283 ], [ 75.721106339186235, 26.877907710872194 ], [ 75.720567350303043, 26.877907710872194 ], [ 75.720297855861418, 26.877907710872194 ], [ 75.720028361419793, 26.877907710872194 ], [ 75.719489371637223, 26.877368721989001 ] ] ] } },
{ "type": "Feature", "properties": { "OBJECTID": 723.0, "LAYER": "Stream", "STREAM_ID": 5636, "IN_FLOW": 1792.0, "OUT_FLOW": 2371.0, "DRAIN_AREA": "1.903 sq km", "STRAHLER": 2, "Shape_Leng": 0.013662967794200001 }, "geometry": { "type": "MultiLineString", "coordinates": [ [ [ 75.749672765285936, 26.880063668203775 ], [ 75.751289732834948, 26.878446700654763 ], [ 75.751828721718198, 26.877907710872194 ], [ 75.752367711500767, 26.877907710872194 ], [ 75.75344568926721, 26.876829733105751 ], [ 75.753715184608154, 26.876829733105751 ], [ 75.754254173491347, 26.877368721989001 ], [ 75.754254173491347, 26.878177206213138 ], [ 75.754523667932972, 26.878446700654763 ], [ 75.755332151257846, 26.878446700654763 ], [ 75.755871141040359, 26.878446700654763 ], [ 75.756140635481984, 26.878177206213138 ], [ 75.757757603030996, 26.878177206213138 ], [ 75.75802709747262, 26.877907710872194 ], [ 75.758296591914245, 26.877907710872194 ], [ 75.75856608635587, 26.877638216430569 ], [ 75.758835581696815, 26.877638216430569 ], [ 75.759105076138383, 26.877368721989001 ], [ 75.759374570580007, 26.877099227547376 ], [ 75.759644065021632, 26.877099227547376 ], [ 75.759913559463257, 26.876829733105751 ], [ 75.760183053904882, 26.876829733105751 ] ] ] } },
{ "type": "Feature", "properties": { "OBJECTID": 724.0, "LAYER": "Stream", "STREAM_ID": 5637, "IN_FLOW": 262.0, "OUT_FLOW": 398.0, "DRAIN_AREA": "0.3194 sq km", "STRAHLER": 1, "Shape_Leng": 0.00320684991459 }, "geometry": { "type": "MultiLineString", "coordinates": [ [ [ 75.807075111926906, 26.877907710872194 ], [ 75.806536123043713, 26.878446700654763 ], [ 75.806266628602089, 26.878716195096388 ], [ 75.805458144377894, 26.879524678421205 ], [ 75.805458144377894, 26.880063668203775 ], [ 75.805188649936326, 26.8803331626454 ] ] ] } },
{ "type": "Feature", "properties": { "OBJECTID": 725.0, "LAYER": "Stream", "STREAM_ID": 5638, "IN_FLOW": 222.0, "OUT_FLOW": 308.0, "DRAIN_AREA": "0.2472 sq km", "STRAHLER": 1, "Shape_Leng": 0.0048238163008400003 }, "geometry": { "type": "MultiLineString", "coordinates": [ [ [ 75.866902910341082, 26.880063668203775 ], [ 75.867172404782707, 26.880063668203775 ], [ 75.867441899224332, 26.880063668203775 ], [ 75.867711393665957, 26.880063668203775 ], [ 75.867980888107581, 26.880063668203775 ], [ 75.868250382549149, 26.880063668203775 ], [ 75.868519877890094, 26.87979417286283 ], [ 75.868519877890094, 26.879524678421205 ], [ 75.869058866773344, 26.878985689538013 ], [ 75.869328361214968, 26.878985689538013 ], [ 75.869597855656593, 26.879255183979581 ], [ 75.869867350098161, 26.878985689538013 ], [ 75.870136844539786, 26.878985689538013 ], [ 75.870406339880731, 26.878716195096388 ], [ 75.870675834322356, 26.878446700654763 ] ] ] } },
{ "type": "Feature", "properties": { "OBJECTID": 726.0, "LAYER": "Stream", "STREAM_ID": 5645, "IN_FLOW": 11529.0, "OUT_FLOW": 11546.0, "DRAIN_AREA": "9.265 sq km", "STRAHLER": 3, "Shape_Leng": 0.00157072934937 }, "geometry": { "type": "MultiLineString", "coordinates": [ [ [ 75.7011637397149, 26.879524678421205 ], [ 75.7011637397149, 26.879255183979581 ], [ 75.701433235055788, 26.878985689538013 ], [ 75.701702729497413, 26.878716195096388 ], [ 75.701702729497413, 26.878177206213138 ] ] ] } },
{ "type": "Feature", "properties": { "OBJECTID": 727.0, "LAYER": "Stream", "STREAM_ID": 5646, "IN_FLOW": 1606.0, "OUT_FLOW": 2033.0, "DRAIN_AREA": "1.631 sq km", "STRAHLER": 2, "Shape_Leng": 0.0063121084621900001 }, "geometry": { "type": "MultiLineString", "coordinates": [ [ [ 75.707901104352516, 26.879524678421205 ], [ 75.706823126586073, 26.879524678421205 ], [ 75.706284136803504, 26.878985689538013 ], [ 75.705745147920311, 26.878446700654763 ], [ 75.705745147920311, 26.877368721989001 ], [ 75.705206159037061, 26.876829733105751 ], [ 75.70496725773279, 26.876829733105751 ] ], [ [ 75.703204104485906, 26.87748431454952 ], [ 75.702780707263912, 26.877907710872194 ], [ 75.702511212822287, 26.877907710872194 ], [ 75.701972223939038, 26.878446700654763 ] ] ] } },
{ "type": "Feature", "properties": { "OBJECTID": 728.0, "LAYER": "Stream", "STREAM_ID": 5647, "IN_FLOW": 1468.0, "OUT_FLOW": 1565.0, "DRAIN_AREA": "1.256 sq km", "STRAHLER": 2, "Shape_Leng": 0.0032068496511700002 }, "geometry": { "type": "MultiLineString", "coordinates": [ [ [ 75.81354298212301, 26.879524678421205 ], [ 75.813273487681386, 26.879255183979581 ], [ 75.812734497898816, 26.878716195096388 ], [ 75.813003993239761, 26.878446700654763 ], [ 75.813273487681386, 26.878446700654763 ], [ 75.81354298212301, 26.878177206213138 ], [ 75.814081971006203, 26.877638216430569 ], [ 75.814081971006203, 26.877368721989001 ] ] ] } },
{ "type": "Feature", "properties": { "OBJECTID": 729.0, "LAYER": "Stream", "STREAM_ID": 5650, "IN_FLOW": 207.0, "OUT_FLOW": 230.0, "DRAIN_AREA": "0.1846 sq km", "STRAHLER": 1, "Shape_Leng": 0.0010317404661600001 }, "geometry": { "type": "MultiLineString", "coordinates": [ [ [ 75.70870958857671, 26.878985689538013 ], [ 75.708440094135085, 26.879255183979581 ], [ 75.70817059969346, 26.879255183979581 ], [ 75.707901104352516, 26.879524678421205 ] ] ] } },
{ "type": "Feature", "properties": { "OBJECTID": 730.0, "LAYER": "Stream", "STREAM_ID": 5651, "IN_FLOW": 2351.0, "OUT_FLOW": 2807.0, "DRAIN_AREA": "2.253 sq km", "STRAHLER": 2, "Shape_Leng": 0.0080115125632899999 }, "geometry": { "type": "MultiLineString", "coordinates": [ [ [ 75.799259768623472, 26.878985689538013 ], [ 75.79764280197378, 26.878985689538013 ], [ 75.797373306632835, 26.879255183979581 ], [ 75.796295328866393, 26.879255183979581 ], [ 75.795756339083823, 26.878716195096388 ], [ 75.795486844642198, 26.878716195096388 ], [ 75.794947855759006, 26.879255183979581 ], [ 75.794408866875756, 26.879255183979581 ], [ 75.793330888209994, 26.879255183979581 ], [ 75.792252909544175, 26.878177206213138 ] ] ] } },
{ "type": "Feature", "properties": { "OBJECTID": 731.0, "LAYER": "Stream", "STREAM_ID": 5656, "IN_FLOW": 1284.0, "OUT_FLOW": 1290.0, "DRAIN_AREA": "1.035 sq km", "STRAHLER": 2, "Shape_Leng": 0.000230549300397 }, "geometry": { "type": "MultiLineString", "coordinates": [ [ [ 75.900050743746874, 26.878985689538013 ], [ 75.900281293047271, 26.878985689538013 ] ] ] } },
{ "type": "Feature", "properties": { "OBJECTID": 732.0, "LAYER": "Stream", "STREAM_ID": 5660, "IN_FLOW": 206.0, "OUT_FLOW": 595.0, "DRAIN_AREA": "0.4775 sq km", "STRAHLER": 1, "Shape_Leng": 0.010205774392100001 }, "geometry": { "type": "MultiLineString", "coordinates": [ [ [ 75.746977819970482, 26.878716195096388 ], [ 75.746708324629537, 26.878446700654763 ], [ 75.746438830187913, 26.878446700654763 ], [ 75.745630346863095, 26.877638216430569 ], [ 75.745630346863095, 26.877099227547376 ], [ 75.746438830187913, 26.876290743323182 ], [ 75.746708324629537, 26.876021248881557 ], [ 75.746708324629537, 26.875482259998364 ], [ 75.746169335746288, 26.874943271115114 ], [ 75.746169335746288, 26.87467377577417 ], [ 75.746438830187913, 26.874404281332545 ], [ 75.747247314412107, 26.874404281332545 ], [ 75.7477863032953, 26.873865292449352 ], [ 75.7477863032953, 26.873595798007727 ], [ 75.748325292178549, 26.873056808225158 ], [ 75.7477863032953, 26.872517819341965 ], [ 75.7477863032953, 26.87224832490034 ], [ 75.748055797736924, 26.871978830458715 ], [ 75.7477863032953, 26.871709336017091 ] ] ] } },
{ "type": "Feature", "properties": { "OBJECTID": 733.0, "LAYER": "Stream", "STREAM_ID": 5661, "IN_FLOW": 92620.0, "OUT_FLOW": 92798.0, "DRAIN_AREA": "74.468 sq km", "STRAHLER": 5, "Shape_Leng": 0.0033455633506899998 }, "geometry": { "type": "MultiLineString", "coordinates": [ [ [ 75.762608505678031, 26.878716195096388 ], [ 75.762608505678031, 26.876290743323182 ], [ 75.762608505678031, 26.875751754439989 ], [ 75.762339011236463, 26.875482259998364 ] ] ] } },
{ "type": "Feature", "properties": { "OBJECTID": 734.0, "LAYER": "Stream", "STREAM_ID": 5662, "IN_FLOW": 222.0, "OUT_FLOW": 647.0, "DRAIN_AREA": "0.519 sq km", "STRAHLER": 1, "Shape_Leng": 0.0087929128760499999 }, "geometry": { "type": "MultiLineString", "coordinates": [ [ [ 75.778239191385637, 26.878716195096388 ], [ 75.777969696944012, 26.878446700654763 ], [ 75.776083234953376, 26.876560238664126 ], [ 75.775813740511751, 26.876829733105751 ], [ 75.775544245170806, 26.876829733105751 ], [ 75.775274750729238, 26.877099227547376 ], [ 75.774196772962739, 26.877099227547376 ], [ 75.773657783180226, 26.876560238664126 ], [ 75.772849299855352, 26.876560238664126 ], [ 75.772579805413727, 26.876290743323182 ], [ 75.772310310972102, 26.876290743323182 ], [ 75.772040815631215, 26.876560238664126 ], [ 75.77177132118959, 26.876560238664126 ], [ 75.771501826747965, 26.876290743323182 ], [ 75.77123233230634, 26.876021248881557 ] ] ] } },
{ "type": "Feature", "properties": { "OBJECTID": 735.0, "LAYER": "Stream", "STREAM_ID": 5663, "IN_FLOW": 289.0, "OUT_FLOW": 347.0, "DRAIN_AREA": "0.2785 sq km", "STRAHLER": 1, "Shape_Leng": 0.0032068496512099999 }, "geometry": { "type": "MultiLineString", "coordinates": [ [ [ 75.801415725955053, 26.876829733105751 ], [ 75.800876736172484, 26.877368721989001 ], [ 75.800876736172484, 26.877638216430569 ], [ 75.800607241730859, 26.877907710872194 ], [ 75.800337747289291, 26.878177206213138 ], [ 75.800068252847666, 26.878446700654763 ], [ 75.799798758406041, 26.878446700654763 ], [ 75.799259768623472, 26.878985689538013 ] ] ] } },
{ "type": "Feature", "properties": { "OBJECTID": 736.0, "LAYER": "Stream", "STREAM_ID": 5668, "IN_FLOW": 2721.0, "OUT_FLOW": 2721.0, "DRAIN_AREA": "2.184 sq km", "STRAHLER": 2, "Shape_Leng": 0.00038112269432999998 }, "geometry": { "type": "MultiLineString", "coordinates": [ [ [ 75.701972223939038, 26.878446700654763 ], [ 75.701702729497413, 26.878177206213138 ] ] ] } },
{ "type": "Feature", "properties": { "OBJECTID": 737.0, "LAYER": "Stream", "STREAM_ID": 5669, "IN_FLOW": 212.0, "OUT_FLOW": 233.0, "DRAIN_AREA": "0.187 sq km", "STRAHLER": 1, "Shape_Leng": 0.0016823576020599999 }, "geometry": { "type": "MultiLineString", "coordinates": [ [ [ 75.718411393870781, 26.878446700654763 ], [ 75.718950382754031, 26.877907710872194 ], [ 75.719219877195655, 26.877907710872194 ], [ 75.719489371637223, 26.877638216430569 ], [ 75.719489371637223, 26.877368721989001 ] ] ] } },
{ "type": "Feature", "properties": { "OBJECTID": 738.0, "LAYER": "Stream", "STREAM_ID": 5670, "IN_FLOW": 202.0, "OUT_FLOW": 443.0, "DRAIN_AREA": "0.3555 sq km", "STRAHLER": 1, "Shape_Leng": 0.0095360057752199995 }, "geometry": { "type": "MultiLineString", "coordinates": [ [ [ 75.821897314309638, 26.877368721989001 ], [ 75.821358325426445, 26.877368721989001 ], [ 75.8210888300855, 26.877099227547376 ], [ 75.820549841202251, 26.877099227547376 ], [ 75.820280346760626, 26.877368721989001 ], [ 75.820280346760626, 26.877638216430569 ], [ 75.820010852319058, 26.877907710872194 ], [ 75.819471862536489, 26.877907710872194 ], [ 75.818932873653239, 26.878446700654763 ], [ 75.818663379211614, 26.878446700654763 ], [ 75.818393884770046, 26.878177206213138 ], [ 75.818124390328421, 26.878177206213138 ], [ 75.817854895886796, 26.877907710872194 ], [ 75.817315906104227, 26.877907710872194 ], [ 75.817046411662602, 26.877907710872194 ], [ 75.816776917221034, 26.877638216430569 ], [ 75.816507422779409, 26.877638216430569 ], [ 75.816237928337785, 26.877368721989001 ], [ 75.81596843299684, 26.877099227547376 ], [ 75.81542944411359, 26.877099227547376 ], [ 75.814890455230397, 26.876560238664126 ], [ 75.814620960788773, 26.876829733105751 ], [ 75.814351465447828, 26.876829733105751 ], [ 75.814081971006203, 26.876829733105751 ] ] ] } },
{ "type": "Feature", "properties": { "OBJECTID": 739.0, "LAYER": "Stream", "STREAM_ID": 5671, "IN_FLOW": 7306.0, "OUT_FLOW": 7316.0, "DRAIN_AREA": "5.871 sq km", "STRAHLER": 3, "Shape_Leng": 0.0011433687188700001 }, "geometry": { "type": "MultiLineString", "coordinates": [ [ [ 75.870675834322356, 26.878446700654763 ], [ 75.871484317647173, 26.877638216430569 ] ] ] } },
{ "type": "Feature", "properties": { "OBJECTID": 740.0, "LAYER": "Stream", "STREAM_ID": 5680, "IN_FLOW": 14272.0, "OUT_FLOW": 15373.0, "DRAIN_AREA": "12.337 sq km", "STRAHLER": 3, "Shape_Leng": 0.00132332417893 }, "geometry": { "type": "MultiLineString", "coordinates": [ [ [ 75.701702729497413, 26.878177206213138 ], [ 75.701433235055788, 26.877907710872194 ], [ 75.701433235055788, 26.877638216430569 ], [ 75.700957559343919, 26.877162541618077 ] ] ] } },
{ "type": "Feature", "properties": { "OBJECTID": 741.0, "LAYER": "Stream", "STREAM_ID": 5681, "IN_FLOW": 3200.0, "OUT_FLOW": 3592.0, "DRAIN_AREA": "2.883 sq km", "STRAHLER": 2, "Shape_Leng": 0.0103444899994 }, "geometry": { "type": "MultiLineString", "coordinates": [ [ [ 75.738623487783798, 26.878177206213138 ], [ 75.738623487783798, 26.877638216430569 ], [ 75.738623487783798, 26.877368721989001 ], [ 75.738353992442853, 26.877099227547376 ], [ 75.738084498001228, 26.877099227547376 ], [ 75.737815003559604, 26.877099227547376 ], [ 75.737545509118036, 26.876829733105751 ], [ 75.737545509118036, 26.876560238664126 ], [ 75.737815003559604, 26.876290743323182 ], [ 75.738353992442853, 26.875751754439989 ], [ 75.739162476667047, 26.874943271115114 ], [ 75.739162476667047, 26.873865292449352 ], [ 75.738892982225423, 26.873595798007727 ], [ 75.738892982225423, 26.873056808225158 ], [ 75.738353992442853, 26.872517819341965 ], [ 75.737815003559604, 26.872517819341965 ], [ 75.737276014676411, 26.871978830458715 ], [ 75.737276014676411, 26.870900851792953 ], [ 75.737276014676411, 26.870361862909704 ] ] ] } },
{ "type": "Feature", "properties": { "OBJECTID": 742.0, "LAYER": "Stream", "STREAM_ID": 5682, "IN_FLOW": 3127.0, "OUT_FLOW": 3289.0, "DRAIN_AREA": "2.639 sq km", "STRAHLER": 2, "Shape_Leng": 0.00515870259421 }, "geometry": { "type": "MultiLineString", "coordinates": [ [ [ 75.792252909544175, 26.878177206213138 ], [ 75.791983415102607, 26.878177206213138 ], [ 75.790905437336107, 26.877099227547376 ], [ 75.790635941995163, 26.877099227547376 ], [ 75.78955796422872, 26.876021248881557 ], [ 75.789018974446151, 26.876560238664126 ], [ 75.788749480004583, 26.876560238664126 ], [ 75.788210491121333, 26.876560238664126 ] ] ] } },
{ "type": "Feature", "properties": { "OBJECTID": 743.0, "LAYER": "Stream", "STREAM_ID": 5683, "IN_FLOW": 203.0, "OUT_FLOW": 317.0, "DRAIN_AREA": "0.2544 sq km", "STRAHLER": 1, "Shape_Leng": 0.0053165693099800002 }, "geometry": { "type": "MultiLineString", "coordinates": [ [ [ 75.796564823308017, 26.876290743323182 ], [ 75.796295328866393, 26.876560238664126 ], [ 75.795486844642198, 26.876560238664126 ], [ 75.79521735020063, 26.876560238664126 ], [ 75.794408866875756, 26.877368721989001 ], [ 75.794139371534811, 26.877368721989001 ], [ 75.793869877093186, 26.877099227547376 ], [ 75.793600382651618, 26.877099227547376 ], [ 75.792791899326744, 26.877907710872194 ], [ 75.792522404885119, 26.878177206213138 ], [ 75.792252909544175, 26.878177206213138 ] ] ] } },
{ "type": "Feature", "properties": { "OBJECTID": 744.0, "LAYER": "Stream", "STREAM_ID": 5689, "IN_FLOW": 214.0, "OUT_FLOW": 238.0, "DRAIN_AREA": "0.191 sq km", "STRAHLER": 1, "Shape_Leng": 0.0018402231551000001 }, "geometry": { "type": "MultiLineString", "coordinates": [ [ [ 75.843456881330042, 26.877907710872194 ], [ 75.843995870213291, 26.877907710872194 ], [ 75.844265364654916, 26.877638216430569 ], [ 75.844265364654916, 26.877368721989001 ], [ 75.844534859096541, 26.877099227547376 ], [ 75.844534859096541, 26.876829733105751 ] ] ] } },
{ "type": "Feature", "properties": { "OBJECTID": 745.0, "LAYER": "Stream", "STREAM_ID": 5695, "IN_FLOW": 7519.0, "OUT_FLOW": 7584.0, "DRAIN_AREA": "6.086 sq km", "STRAHLER": 3, "Shape_Leng": 0.0034571913399900002 }, "geometry": { "type": "MultiLineString", "coordinates": [ [ [ 75.871484317647173, 26.877638216430569 ], [ 75.871753812088798, 26.877368721989001 ], [ 75.871753812088798, 26.877099227547376 ], [ 75.871753812088798, 26.875751754439989 ], [ 75.872023307429743, 26.875482259998364 ], [ 75.873101285196185, 26.875482259998364 ] ] ] } },
{ "type": "Feature", "properties": { "OBJECTID": 746.0, "LAYER": "Stream", "STREAM_ID": 5697, "IN_FLOW": 681.0, "OUT_FLOW": 681.0, "DRAIN_AREA": "0.546 sq km", "STRAHLER": 2, "Shape_Leng": 0.00038112269429000002 }, "geometry": { "type": "MultiLineString", "coordinates": [ [ [ 75.719489371637223, 26.877368721989001 ], [ 75.719219877195655, 26.877099227547376 ] ] ] } },
{ "type": "Feature", "properties": { "OBJECTID": 747.0, "LAYER": "Stream", "STREAM_ID": 5698, "IN_FLOW": 203.0, "OUT_FLOW": 214.0, "DRAIN_AREA": "0.1717 sq km", "STRAHLER": 1, "Shape_Leng": 0.00114336808295 }, "geometry": { "type": "MultiLineString", "coordinates": [ [ [ 75.733233595354193, 26.877368721989001 ], [ 75.732425112029375, 26.876560238664126 ] ] ] } },
{ "type": "Feature", "properties": { "OBJECTID": 748.0, "LAYER": "Stream", "STREAM_ID": 5699, "IN_FLOW": 3078.0, "OUT_FLOW": 3081.0, "DRAIN_AREA": "2.472 sq km", "STRAHLER": 3, "Shape_Leng": 0.00053898888324999995 }, "geometry": { "type": "MultiLineString", "coordinates": [ [ [ 75.814081971006203, 26.877368721989001 ], [ 75.814081971006203, 26.877099227547376 ], [ 75.814081971006203, 26.876829733105751 ] ] ] } },
{ "type": "Feature", "properties": { "OBJECTID": 749.0, "LAYER": "Stream", "STREAM_ID": 5700, "IN_FLOW": 200.0, "OUT_FLOW": 200.0, "DRAIN_AREA": "0.1605 sq km", "STRAHLER": 1, "Shape_Leng": 0.00038112269425000001 }, "geometry": { "type": "MultiLineString", "coordinates": [ [ [ 75.871214823205605, 26.877368721989001 ], [ 75.871484317647173, 26.877638216430569 ] ] ] } },
{ "type": "Feature", "properties": { "OBJECTID": 750.0, "LAYER": "Stream", "STREAM_ID": 5703, "IN_FLOW": 1056.0, "OUT_FLOW": 2174.0, "DRAIN_AREA": "1.745 sq km", "STRAHLER": 2, "Shape_Leng": 0.023329754684 }, "geometry": { "type": "MultiLineString", "coordinates": [ [ [ 75.719219877195655, 26.877099227547376 ], [ 75.718950382754031, 26.876829733105751 ], [ 75.717872404088212, 26.875751754439989 ], [ 75.717602909646644, 26.875751754439989 ], [ 75.717333415205019, 26.875482259998364 ], [ 75.716524930980825, 26.87467377577417 ], [ 75.715985942097632, 26.87467377577417 ], [ 75.715716447656007, 26.874404281332545 ], [ 75.715985942097632, 26.874134786890977 ], [ 75.717333415205019, 26.874134786890977 ], [ 75.717602909646644, 26.873865292449352 ], [ 75.717872404088212, 26.873865292449352 ], [ 75.718680888312406, 26.873056808225158 ], [ 75.718680888312406, 26.872517819341965 ], [ 75.718680888312406, 26.87224832490034 ], [ 75.718950382754031, 26.871978830458715 ], [ 75.718950382754031, 26.871170346234521 ], [ 75.719219877195655, 26.870900851792953 ], [ 75.719489371637223, 26.870900851792953 ], [ 75.720028361419793, 26.870900851792953 ], [ 75.720567350303043, 26.870361862909704 ], [ 75.720567350303043, 26.870092368468079 ], [ 75.720297855861418, 26.869822874026454 ], [ 75.720028361419793, 26.869822874026454 ], [ 75.719489371637223, 26.869283884243941 ], [ 75.719489371637223, 26.868205906477442 ], [ 75.720567350303043, 26.86712792781168 ], [ 75.721106339186235, 26.86712792781168 ], [ 75.72191482341043, 26.866319444486805 ], [ 75.72191482341043, 26.866049949145861 ], [ 75.720567350303043, 26.864702476937794 ], [ 75.720567350303043, 26.864432981596849 ], [ 75.72137583362786, 26.863624498272031 ], [ 75.72191482341043, 26.863624498272031 ], [ 75.722723306735247, 26.862816014047837 ] ] ] } },
{ "type": "Feature", "properties": { "OBJECTID": 751.0, "LAYER": "Stream", "STREAM_ID": 5712, "IN_FLOW": 335.0, "OUT_FLOW": 370.0, "DRAIN_AREA": "0.2969 sq km", "STRAHLER": 1, "Shape_Leng": 0.00222134712122 }, "geometry": { "type": "MultiLineString", "coordinates": [ [ [ 75.721106339186235, 26.876290743323182 ], [ 75.720028361419793, 26.876290743323182 ], [ 75.719219877195655, 26.877099227547376 ] ] ] } },
{ "type": "Feature", "properties": { "OBJECTID": 752.0, "LAYER": "Stream", "STREAM_ID": 5713, "IN_FLOW": 2715.0, "OUT_FLOW": 2833.0, "DRAIN_AREA": "2.273 sq km", "STRAHLER": 2, "Shape_Leng": 0.0028719648930899998 }, "geometry": { "type": "MultiLineString", "coordinates": [ [ [ 75.760183053904882, 26.876829733105751 ], [ 75.760722043687451, 26.876290743323182 ], [ 75.761800021453894, 26.876290743323182 ], [ 75.762339011236463, 26.875751754439989 ], [ 75.762339011236463, 26.875482259998364 ] ] ] } },
{ "type": "Feature", "properties": { "OBJECTID": 753.0, "LAYER": "Stream", "STREAM_ID": 5714, "IN_FLOW": 3532.0, "OUT_FLOW": 3595.0, "DRAIN_AREA": "2.885 sq km", "STRAHLER": 3, "Shape_Leng": 0.0026678601320599999 }, "geometry": { "type": "MultiLineString", "coordinates": [ [ [ 75.814081971006203, 26.876829733105751 ], [ 75.812465003457191, 26.875212765556739 ], [ 75.812195509015567, 26.874943271115114 ] ] ] } },
{ "type": "Feature", "properties": { "OBJECTID": 754.0, "LAYER": "Stream", "STREAM_ID": 5715, "IN_FLOW": 1560.0, "OUT_FLOW": 1613.0, "DRAIN_AREA": "1.294 sq km", "STRAHLER": 2, "Shape_Leng": 0.0016823576021199999 }, "geometry": { "type": "MultiLineString", "coordinates": [ [ [ 75.844534859096541, 26.876829733105751 ], [ 75.844265364654916, 26.876560238664126 ], [ 75.843995870213291, 26.876290743323182 ], [ 75.843995870213291, 26.876021248881557 ], [ 75.843726375771666, 26.875751754439989 ], [ 75.843726375771666, 26.875482259998364 ] ] ] } },
{ "type": "Feature", "properties": { "OBJECTID": 755.0, "LAYER": "Stream", "STREAM_ID": 5716, "IN_FLOW": 200.0, "OUT_FLOW": 810.0, "DRAIN_AREA": "0.65 sq km", "STRAHLER": 1, "Shape_Leng": 0.0127237042089 }, "geometry": { "type": "MultiLineString", "coordinates": [ [ [ 75.880916628499676, 26.876829733105751 ], [ 75.880916628499676, 26.876021248881557 ], [ 75.881186122941301, 26.875751754439989 ], [ 75.881186122941301, 26.875482259998364 ], [ 75.880916628499676, 26.875212765556739 ], [ 75.880916628499676, 26.874943271115114 ], [ 75.880647134058052, 26.87467377577417 ], [ 75.881186122941301, 26.874134786890977 ], [ 75.881994607165439, 26.874134786890977 ], [ 75.882264101607063, 26.873865292449352 ], [ 75.882533596048688, 26.873865292449352 ], [ 75.882803090490313, 26.873865292449352 ], [ 75.883072584931881, 26.873595798007727 ], [ 75.883342079373506, 26.873595798007727 ], [ 75.8841505635977, 26.873595798007727 ], [ 75.884689552480893, 26.873056808225158 ], [ 75.884959046922518, 26.873326303566103 ], [ 75.885498036705087, 26.873326303566103 ], [ 75.885767531146712, 26.873056808225158 ], [ 75.885767531146712, 26.871978830458715 ], [ 75.886037025588337, 26.871709336017091 ], [ 75.886037025588337, 26.871439841575466 ], [ 75.885228541364143, 26.870631357351328 ], [ 75.885228541364143, 26.869283884243941 ] ] ] } },
{ "type": "Feature", "properties": { "OBJECTID": 756.0, "LAYER": "Stream", "STREAM_ID": 5717, "IN_FLOW": 655.0, "OUT_FLOW": 725.0, "DRAIN_AREA": "0.582 sq km", "STRAHLER": 2, "Shape_Leng": 0.0030952210260100001 }, "geometry": { "type": "MultiLineString", "coordinates": [ [ [ 75.732425112029375, 26.876560238664126 ], [ 75.732425112029375, 26.876021248881557 ], [ 75.731886123146126, 26.875482259998364 ], [ 75.731616627805181, 26.875751754439989 ], [ 75.731347133363556, 26.875751754439989 ], [ 75.730538650038739, 26.874943271115114 ] ] ] } },
{ "type": "Feature", "properties": { "OBJECTID": 757.0, "LAYER": "Stream", "STREAM_ID": 5718, "IN_FLOW": 4908.0, "OUT_FLOW": 5149.0, "DRAIN_AREA": "4.132 sq km", "STRAHLER": 3, "Shape_Leng": 0.0088391507030899999 }, "geometry": { "type": "MultiLineString", "coordinates": [ [ [ 75.788210491121333, 26.876560238664126 ], [ 75.787940996679708, 26.876290743323182 ], [ 75.787671502238084, 26.876021248881557 ], [ 75.787402006897139, 26.876021248881557 ], [ 75.785785040247447, 26.874404281332545 ], [ 75.78497655602331, 26.874404281332545 ], [ 75.784168072698435, 26.873595798007727 ], [ 75.784168072698435, 26.873326303566103 ], [ 75.783629082915922, 26.872787313783533 ], [ 75.783359588474298, 26.872787313783533 ], [ 75.783090094032673, 26.872787313783533 ], [ 75.782820599591048, 26.872787313783533 ], [ 75.782551105149423, 26.873056808225158 ], [ 75.782281609808479, 26.873056808225158 ], [ 75.781203632042036, 26.873056808225158 ] ] ] } },
{ "type": "Feature", "properties": { "OBJECTID": 758.0, "LAYER": "Stream", "STREAM_ID": 5719, "IN_FLOW": 203.0, "OUT_FLOW": 238.0, "DRAIN_AREA": "0.191 sq km", "STRAHLER": 1, "Shape_Leng": 0.0026024700789300001 }, "geometry": { "type": "MultiLineString", "coordinates": [ [ [ 75.841570419339462, 26.876560238664126 ], [ 75.84183991378103, 26.876290743323182 ], [ 75.842109408222655, 26.876290743323182 ], [ 75.842378902664279, 26.876290743323182 ], [ 75.842648397105904, 26.876290743323182 ], [ 75.842917891547529, 26.876021248881557 ], [ 75.843187386888474, 26.876021248881557 ], [ 75.843456881330042, 26.875751754439989 ], [ 75.843726375771666, 26.875482259998364 ] ] ] } },
{ "type": "Feature", "properties": { "OBJECTID": 759.0, "LAYER": "Stream", "STREAM_ID": 5729, "IN_FLOW": 241.0, "OUT_FLOW": 410.0, "DRAIN_AREA": "0.329 sq km", "STRAHLER": 1, "Shape_Leng": 0.00536280661026 }, "geometry": { "type": "MultiLineString", "coordinates": [ [ [ 75.711943523674734, 26.876021248881557 ], [ 75.711674029233109, 26.875751754439989 ], [ 75.711943523674734, 26.875482259998364 ], [ 75.711943523674734, 26.874943271115114 ], [ 75.711943523674734, 26.87467377577417 ], [ 75.711943523674734, 26.874134786890977 ], [ 75.711135039450539, 26.873326303566103 ], [ 75.711135039450539, 26.872787313783533 ], [ 75.710596050567347, 26.87224832490034 ], [ 75.709787566343152, 26.87224832490034 ] ] ] } },
{ "type": "Feature", "properties": { "OBJECTID": 760.0, "LAYER": "Stream", "STREAM_ID": 5730, "IN_FLOW": 38272.0, "OUT_FLOW": 38585.0, "DRAIN_AREA": "30.964 sq km", "STRAHLER": 3, "Shape_Leng": 0.0062366799881799998 }, "geometry": { "type": "MultiLineString", "coordinates": [ [ [ 75.77123233230634, 26.876021248881557 ], [ 75.771501826747965, 26.875751754439989 ], [ 75.771501826747965, 26.875482259998364 ], [ 75.771501826747965, 26.874404281332545 ], [ 75.770962837864715, 26.873865292449352 ], [ 75.770962837864715, 26.873595798007727 ], [ 75.77069334342309, 26.873326303566103 ], [ 75.769884859198953, 26.872517819341965 ], [ 75.769884859198953, 26.87224832490034 ], [ 75.769076375874079, 26.871439841575466 ], [ 75.769076375874079, 26.870900851792953 ] ] ] } },
{ "type": "Feature", "properties": { "OBJECTID": 761.0, "LAYER": "Stream", "STREAM_ID": 5731, "IN_FLOW": 200.0, "OUT_FLOW": 770.0, "DRAIN_AREA": "0.618 sq km", "STRAHLER": 1, "Shape_Leng": 0.0144714512281 }, "geometry": { "type": "MultiLineString", "coordinates": [ [ [ 75.876874209177458, 26.876021248881557 ], [ 75.876874209177458, 26.875482259998364 ], [ 75.877143704518403, 26.875212765556739 ], [ 75.877413198960028, 26.874943271115114 ], [ 75.877413198960028, 26.87467377577417 ], [ 75.877143704518403, 26.874404281332545 ], [ 75.877143704518403, 26.874134786890977 ], [ 75.876874209177458, 26.873865292449352 ], [ 75.877413198960028, 26.873326303566103 ], [ 75.877952187843277, 26.873326303566103 ], [ 75.87849117672647, 26.873865292449352 ], [ 75.878760672067415, 26.873865292449352 ], [ 75.879569155392289, 26.873056808225158 ], [ 75.879569155392289, 26.872787313783533 ], [ 75.880377639616427, 26.871978830458715 ], [ 75.880377639616427, 26.871709336017091 ], [ 75.880377639616427, 26.871439841575466 ], [ 75.880377639616427, 26.870900851792953 ], [ 75.880647134058052, 26.870631357351328 ], [ 75.880647134058052, 26.870361862909704 ], [ 75.880916628499676, 26.870092368468079 ], [ 75.881455617382869, 26.870092368468079 ], [ 75.881994607165439, 26.869553378685509 ], [ 75.882803090490313, 26.869553378685509 ], [ 75.883072584931881, 26.869283884243941 ], [ 75.884420058039325, 26.869283884243941 ], [ 75.884689552480893, 26.869014389802317 ], [ 75.884959046922518, 26.869014389802317 ], [ 75.885228541364143, 26.869283884243941 ] ] ] } },
{ "type": "Feature", "properties": { "OBJECTID": 762.0, "LAYER": "Stream", "STREAM_ID": 5737, "IN_FLOW": 95642.0, "OUT_FLOW": 96222.0, "DRAIN_AREA": "77.216 sq km", "STRAHLER": 5, "Shape_Leng": 0.010259947566000001 }, "geometry": { "type": "MultiLineString", "coordinates": [ [ [ 75.762339011236463, 26.875482259998364 ], [ 75.762069515895519, 26.875212765556739 ], [ 75.762069515895519, 26.874134786890977 ], [ 75.762339011236463, 26.873865292449352 ], [ 75.762339011236463, 26.871978830458715 ], [ 75.763147494561281, 26.871170346234521 ], [ 75.768537386091566, 26.871170346234521 ] ] ] } },
{ "type": "Feature", "properties": { "OBJECTID": 763.0, "LAYER": "Stream", "STREAM_ID": 5738, "IN_FLOW": 222.0, "OUT_FLOW": 1305.0, "DRAIN_AREA": "1.047 sq km", "STRAHLER": 1, "Shape_Leng": 0.0192490301197 }, "geometry": { "type": "MultiLineString", "coordinates": [ [ [ 75.829982152054754, 26.875482259998364 ], [ 75.82917366783056, 26.87467377577417 ], [ 75.82917366783056, 26.874404281332545 ], [ 75.828904173388935, 26.874134786890977 ], [ 75.82863467894731, 26.873865292449352 ], [ 75.828365184505742, 26.873595798007727 ], [ 75.828095690064117, 26.873326303566103 ], [ 75.827826194723173, 26.873326303566103 ], [ 75.827287205839923, 26.873326303566103 ], [ 75.827017711398298, 26.873056808225158 ], [ 75.826478722515105, 26.872517819341965 ], [ 75.825400743849286, 26.872517819341965 ], [ 75.824592260524469, 26.871709336017091 ], [ 75.824322765183524, 26.871709336017091 ], [ 75.824053270741899, 26.871709336017091 ], [ 75.823783776300274, 26.871439841575466 ], [ 75.823244787417082, 26.871439841575466 ], [ 75.822975292975457, 26.871170346234521 ], [ 75.822705797634512, 26.871170346234521 ], [ 75.82162781986807, 26.870092368468079 ], [ 75.821358325426445, 26.870092368468079 ], [ 75.8210888300855, 26.870092368468079 ], [ 75.820819335643876, 26.870092368468079 ], [ 75.820280346760626, 26.870092368468079 ], [ 75.819471862536489, 26.870900851792953 ], [ 75.818932873653239, 26.870900851792953 ], [ 75.818663379211614, 26.870631357351328 ], [ 75.818393884770046, 26.870900851792953 ], [ 75.818124390328421, 26.870900851792953 ], [ 75.817854895886796, 26.870900851792953 ], [ 75.817315906104227, 26.871439841575466 ], [ 75.816507422779409, 26.871439841575466 ], [ 75.81542944411359, 26.872517819341965 ], [ 75.81542944411359, 26.873595798007727 ] ] ] } },
{ "type": "Feature", "properties": { "OBJECTID": 764.0, "LAYER": "Stream", "STREAM_ID": 5739, "IN_FLOW": 1854.0, "OUT_FLOW": 2421.0, "DRAIN_AREA": "1.943 sq km", "STRAHLER": 2, "Shape_Leng": 0.0079190388621200002 }, "geometry": { "type": "MultiLineString", "coordinates": [ [ [ 75.843726375771666, 26.875482259998364 ], [ 75.843726375771666, 26.875212765556739 ], [ 75.842109408222655, 26.873595798007727 ], [ 75.842109408222655, 26.872787313783533 ], [ 75.84183991378103, 26.872517819341965 ], [ 75.841300923998517, 26.872517819341965 ], [ 75.841031429556892, 26.87224832490034 ], [ 75.841031429556892, 26.871978830458715 ], [ 75.841031429556892, 26.871709336017091 ], [ 75.840222946232018, 26.870900851792953 ], [ 75.83995345179045, 26.870631357351328 ], [ 75.83995345179045, 26.870092368468079 ], [ 75.83995345179045, 26.869822874026454 ], [ 75.839683956449505, 26.869553378685509 ] ] ] } },
{ "type": "Feature", "properties": { "OBJECTID": 765.0, "LAYER": "Stream", "STREAM_ID": 5740, "IN_FLOW": 8110.0, "OUT_FLOW": 8342.0, "DRAIN_AREA": "6.694 sq km", "STRAHLER": 3, "Shape_Leng": 0.0051395498414500002 }, "geometry": { "type": "MultiLineString", "coordinates": [ [ [ 75.873101285196185, 26.875482259998364 ], [ 75.873640274978754, 26.874943271115114 ], [ 75.873640274978754, 26.874404281332545 ], [ 75.873640274978754, 26.874134786890977 ], [ 75.873640274978754, 26.873865292449352 ], [ 75.874448758303629, 26.873056808225158 ], [ 75.874448758303629, 26.872787313783533 ], [ 75.874448758303629, 26.87224832490034 ], [ 75.874448758303629, 26.871170346234521 ], [ 75.874448758303629, 26.870900851792953 ] ] ] } },
{ "type": "Feature", "properties": { "OBJECTID": 766.0, "LAYER": "Stream", "STREAM_ID": 5748, "IN_FLOW": 3782.0, "OUT_FLOW": 4151.0, "DRAIN_AREA": "3.331 sq km", "STRAHLER": 3, "Shape_Leng": 0.0081693801784 }, "geometry": { "type": "MultiLineString", "coordinates": [ [ [ 75.730538650038739, 26.874943271115114 ], [ 75.730538650038739, 26.874404281332545 ], [ 75.730538650038739, 26.874134786890977 ], [ 75.730808144480363, 26.873865292449352 ], [ 75.730808144480363, 26.873056808225158 ], [ 75.730808144480363, 26.872787313783533 ], [ 75.730808144480363, 26.872517819341965 ], [ 75.730808144480363, 26.87224832490034 ], [ 75.731616627805181, 26.871439841575466 ], [ 75.731616627805181, 26.870361862909704 ], [ 75.731347133363556, 26.870092368468079 ], [ 75.731347133363556, 26.869014389802317 ], [ 75.731077638921931, 26.868744895360692 ], [ 75.731077638921931, 26.868475400919067 ], [ 75.730538650038739, 26.867936411136498 ], [ 75.730538650038739, 26.867666916694873 ] ] ] } },
{ "type": "Feature", "properties": { "OBJECTID": 767.0, "LAYER": "Stream", "STREAM_ID": 5749, "IN_FLOW": 5431.0, "OUT_FLOW": 5950.0, "DRAIN_AREA": "4.775 sq km", "STRAHLER": 3, "Shape_Leng": 0.0094435300119099994 }, "geometry": { "type": "MultiLineString", "coordinates": [ [ [ 75.812195509015567, 26.874943271115114 ], [ 75.811656520132374, 26.874404281332545 ], [ 75.811387025690749, 26.874404281332545 ], [ 75.811117531249124, 26.874134786890977 ], [ 75.81084803590818, 26.874134786890977 ], [ 75.809770058141737, 26.873056808225158 ], [ 75.809770058141737, 26.871978830458715 ], [ 75.809770058141737, 26.871709336017091 ], [ 75.809770058141737, 26.871439841575466 ], [ 75.808961573917543, 26.870631357351328 ], [ 75.808961573917543, 26.870361862909704 ], [ 75.807344606368531, 26.868744895360692 ], [ 75.807344606368531, 26.868205906477442 ], [ 75.807075111926906, 26.867936411136498 ] ] ] } },
{ "type": "Feature", "properties": { "OBJECTID": 768.0, "LAYER": "Stream", "STREAM_ID": 5750, "IN_FLOW": 213.0, "OUT_FLOW": 507.0, "DRAIN_AREA": "0.4069 sq km", "STRAHLER": 1, "Shape_Leng": 0.0081231420879299999 }, "geometry": { "type": "MultiLineString", "coordinates": [ [ [ 75.865555437233695, 26.87467377577417 ], [ 75.86582493167532, 26.87467377577417 ], [ 75.866094426116945, 26.874943271115114 ], [ 75.86636392055857, 26.874943271115114 ], [ 75.866633415000138, 26.874943271115114 ], [ 75.867172404782707, 26.874943271115114 ], [ 75.867441899224332, 26.87467377577417 ], [ 75.867441899224332, 26.874404281332545 ], [ 75.867441899224332, 26.873595798007727 ], [ 75.867711393665957, 26.873326303566103 ], [ 75.867980888107581, 26.873326303566103 ], [ 75.868519877890094, 26.872787313783533 ], [ 75.868519877890094, 26.872517819341965 ], [ 75.868789372331719, 26.87224832490034 ], [ 75.868789372331719, 26.871978830458715 ], [ 75.869058866773344, 26.871709336017091 ], [ 75.869058866773344, 26.871439841575466 ], [ 75.869328361214968, 26.871170346234521 ], [ 75.869328361214968, 26.870900851792953 ], [ 75.869058866773344, 26.870631357351328 ], [ 75.869058866773344, 26.870361862909704 ], [ 75.868789372331719, 26.870092368468079 ], [ 75.868789372331719, 26.869822874026454 ] ] ] } },
{ "type": "Feature", "properties": { "OBJECTID": 769.0, "LAYER": "Stream", "STREAM_ID": 5754, "IN_FLOW": 1644.0, "OUT_FLOW": 1820.0, "DRAIN_AREA": "1.461 sq km", "STRAHLER": 2, "Shape_Leng": 0.0037920769974600001 }, "geometry": { "type": "MultiLineString", "coordinates": [ [ [ 75.81542944411359, 26.873595798007727 ], [ 75.814890455230397, 26.874134786890977 ], [ 75.814620960788773, 26.874404281332545 ], [ 75.813812476564578, 26.874404281332545 ], [ 75.81354298212301, 26.87467377577417 ], [ 75.812465003457191, 26.87467377577417 ], [ 75.812195509015567, 26.874943271115114 ] ] ] } },
{ "type": "Feature", "properties": { "OBJECTID": 770.0, "LAYER": "Stream", "STREAM_ID": 5764, "IN_FLOW": 203.0, "OUT_FLOW": 1541.0, "DRAIN_AREA": "1.237 sq km", "STRAHLER": 1, "Shape_Leng": 0.015075829792 }, "geometry": { "type": "MultiLineString", "coordinates": [ [ [ 75.8526196968416, 26.874134786890977 ], [ 75.852889191283225, 26.873865292449352 ], [ 75.85315868572485, 26.873595798007727 ], [ 75.852889191283225, 26.873326303566103 ], [ 75.8526196968416, 26.873056808225158 ], [ 75.852080707958351, 26.872517819341965 ], [ 75.851541718175838, 26.872517819341965 ], [ 75.851002729292588, 26.871978830458715 ], [ 75.850733234850964, 26.871978830458715 ], [ 75.850463740409339, 26.871709336017091 ], [ 75.849655256185201, 26.871709336017091 ], [ 75.849385761743576, 26.871439841575466 ], [ 75.849385761743576, 26.870361862909704 ], [ 75.849116267301952, 26.870092368468079 ], [ 75.849116267301952, 26.869822874026454 ], [ 75.848577278418702, 26.869283884243941 ], [ 75.848577278418702, 26.868744895360692 ], [ 75.848577278418702, 26.868205906477442 ], [ 75.84696031086969, 26.86658893892843 ], [ 75.84696031086969, 26.866319444486805 ], [ 75.846151826645553, 26.865510960262668 ], [ 75.846151826645553, 26.863893992713656 ], [ 75.845612837762303, 26.863355003830407 ] ] ] } },
{ "type": "Feature", "properties": { "OBJECTID": 771.0, "LAYER": "Stream", "STREAM_ID": 5768, "IN_FLOW": 222.0, "OUT_FLOW": 251.0, "DRAIN_AREA": "0.2014 sq km", "STRAHLER": 1, "Shape_Leng": 0.0017285964376299999 }, "geometry": { "type": "MultiLineString", "coordinates": [ [ [ 75.710057061684097, 26.873865292449352 ], [ 75.710057061684097, 26.873056808225158 ], [ 75.709787566343152, 26.872787313783533 ], [ 75.709787566343152, 26.87224832490034 ] ] ] } },
{ "type": "Feature", "properties": { "OBJECTID": 772.0, "LAYER": "Stream", "STREAM_ID": 5769, "IN_FLOW": 206.0, "OUT_FLOW": 606.0, "DRAIN_AREA": "0.4863 sq km", "STRAHLER": 1, "Shape_Leng": 0.0116457240078 }, "geometry": { "type": "MultiLineString", "coordinates": [ [ [ 75.792252909544175, 26.873595798007727 ], [ 75.791983415102607, 26.873865292449352 ], [ 75.791174931777732, 26.873865292449352 ], [ 75.790905437336107, 26.873865292449352 ], [ 75.79009695311197, 26.873865292449352 ], [ 75.789827458670345, 26.873865292449352 ], [ 75.789018974446151, 26.873056808225158 ], [ 75.788749480004583, 26.873056808225158 ], [ 75.788210491121333, 26.873056808225158 ], [ 75.787402006897139, 26.87224832490034 ], [ 75.787402006897139, 26.871978830458715 ], [ 75.787132512455514, 26.871709336017091 ], [ 75.787132512455514, 26.870900851792953 ], [ 75.787132512455514, 26.870361862909704 ], [ 75.786324029130697, 26.869553378685509 ], [ 75.785246050464934, 26.869553378685509 ], [ 75.784707061581685, 26.869014389802317 ], [ 75.78443756714006, 26.869014389802317 ], [ 75.784168072698435, 26.868744895360692 ], [ 75.78389857735749, 26.868475400919067 ] ] ] } },
{ "type": "Feature", "properties": { "OBJECTID": 773.0, "LAYER": "Stream", "STREAM_ID": 5771, "IN_FLOW": 216.0, "OUT_FLOW": 398.0, "DRAIN_AREA": "0.3194 sq km", "STRAHLER": 1, "Shape_Leng": 0.0047775786280799997 }, "geometry": { "type": "MultiLineString", "coordinates": [ [ [ 75.743743884872458, 26.873595798007727 ], [ 75.744013379314083, 26.873326303566103 ], [ 75.744013379314083, 26.873056808225158 ], [ 75.744282873755651, 26.872787313783533 ], [ 75.745091357080526, 26.871978830458715 ], [ 75.745091357080526, 26.871439841575466 ], [ 75.745899841304663, 26.870631357351328 ], [ 75.746438830187913, 26.870631357351328 ], [ 75.746708324629537, 26.870361862909704 ] ] ] } },
{ "type": "Feature", "properties": { "OBJECTID": 774.0, "LAYER": "Stream", "STREAM_ID": 5772, "IN_FLOW": 213.0, "OUT_FLOW": 278.0, "DRAIN_AREA": "0.2231 sq km", "STRAHLER": 1, "Shape_Leng": 0.0028719642571799998 }, "geometry": { "type": "MultiLineString", "coordinates": [ [ [ 75.800607241730859, 26.873595798007727 ], [ 75.800068252847666, 26.873056808225158 ], [ 75.800068252847666, 26.872787313783533 ], [ 75.800068252847666, 26.871978830458715 ], [ 75.799798758406041, 26.871709336017091 ], [ 75.799529263964416, 26.871709336017091 ], [ 75.799259768623472, 26.871439841575466 ] ] ] } },
{ "type": "Feature", "properties": { "OBJECTID": 775.0, "LAYER": "Stream", "STREAM_ID": 5773, "IN_FLOW": 208.0, "OUT_FLOW": 333.0, "DRAIN_AREA": "0.2672 sq km", "STRAHLER": 1, "Shape_Leng": 0.0027603371672399999 }, "geometry": { "type": "MultiLineString", "coordinates": [ [ [ 75.817854895886796, 26.872787313783533 ], [ 75.817585400545852, 26.872787313783533 ], [ 75.816776917221034, 26.872787313783533 ], [ 75.816507422779409, 26.873056808225158 ], [ 75.81596843299684, 26.873056808225158 ], [ 75.81542944411359, 26.873595798007727 ] ] ] } },
{ "type": "Feature", "properties": { "OBJECTID": 776.0, "LAYER": "Stream", "STREAM_ID": 5774, "IN_FLOW": 1908.0, "OUT_FLOW": 2196.0, "DRAIN_AREA": "1.762 sq km", "STRAHLER": 2, "Shape_Leng": 0.0100479107469 }, "geometry": { "type": "MultiLineString", "coordinates": [ [ [ 75.892235401342759, 26.873326303566103 ], [ 75.892504895784384, 26.873326303566103 ], [ 75.892774390226009, 26.873326303566103 ], [ 75.893582873550827, 26.872517819341965 ], [ 75.894391357775021, 26.871709336017091 ], [ 75.894391357775021, 26.871170346234521 ], [ 75.894121863333396, 26.870900851792953 ], [ 75.894121863333396, 26.870631357351328 ], [ 75.893582873550827, 26.870092368468079 ], [ 75.892774390226009, 26.869283884243941 ], [ 75.892774390226009, 26.869014389802317 ], [ 75.893582873550827, 26.868205906477442 ], [ 75.893852368891771, 26.868205906477442 ], [ 75.894121863333396, 26.867936411136498 ], [ 75.894660852216589, 26.868475400919067 ], [ 75.895199841099839, 26.868475400919067 ], [ 75.895738830882408, 26.867936411136498 ] ] ] } },
{ "type": "Feature", "properties": { "OBJECTID": 777.0, "LAYER": "Stream", "STREAM_ID": 5780, "IN_FLOW": 5930.0, "OUT_FLOW": 6538.0, "DRAIN_AREA": "5.247 sq km", "STRAHLER": 3, "Shape_Leng": 0.012835330662899999 }, "geometry": { "type": "MultiLineString", "coordinates": [ [ [ 75.781203632042036, 26.873056808225158 ], [ 75.780934137600411, 26.873056808225158 ], [ 75.780664642259467, 26.872787313783533 ], [ 75.780664642259467, 26.872517819341965 ], [ 75.780125653376274, 26.871978830458715 ], [ 75.780125653376274, 26.871709336017091 ], [ 75.780125653376274, 26.871439841575466 ], [ 75.778778180268887, 26.870092368468079 ], [ 75.778508685827262, 26.870092368468079 ], [ 75.778239191385637, 26.869822874026454 ], [ 75.777700202502388, 26.869822874026454 ], [ 75.77689171827825, 26.869014389802317 ], [ 75.776352729395001, 26.869014389802317 ], [ 75.776083234953376, 26.868744895360692 ], [ 75.775813740511751, 26.868744895360692 ], [ 75.775274750729238, 26.868205906477442 ], [ 75.775274750729238, 26.867936411136498 ], [ 75.775274750729238, 26.867666916694873 ], [ 75.775274750729238, 26.86712792781168 ], [ 75.775005256287614, 26.866858433370055 ], [ 75.775005256287614, 26.86658893892843 ], [ 75.775005256287614, 26.866319444486805 ], [ 75.775005256287614, 26.863893992713656 ] ] ] } },
{ "type": "Feature", "properties": { "OBJECTID": 778.0, "LAYER": "Stream", "STREAM_ID": 5781, "IN_FLOW": 200.0, "OUT_FLOW": 232.0, "DRAIN_AREA": "0.1862 sq km", "STRAHLER": 1, "Shape_Leng": 0.0024446036266500002 }, "geometry": { "type": "MultiLineString", "coordinates": [ [ [ 75.890618433793747, 26.871709336017091 ], [ 75.891157422676997, 26.87224832490034 ], [ 75.891157422676997, 26.872517819341965 ], [ 75.89169641156019, 26.873056808225158 ], [ 75.891965906001815, 26.873056808225158 ], [ 75.892235401342759, 26.873326303566103 ] ] ] } },
{ "type": "Feature", "properties": { "OBJECTID": 779.0, "LAYER": "Stream", "STREAM_ID": 5784, "IN_FLOW": 861.0, "OUT_FLOW": 1387.0, "DRAIN_AREA": "1.113 sq km", "STRAHLER": 2, "Shape_Leng": 0.012538750401900001 }, "geometry": { "type": "MultiLineString", "coordinates": [ [ [ 75.799259768623472, 26.871439841575466 ], [ 75.798181790857029, 26.872517819341965 ], [ 75.79764280197378, 26.872517819341965 ], [ 75.797373306632835, 26.872787313783533 ], [ 75.796834317749642, 26.872787313783533 ], [ 75.796564823308017, 26.872517819341965 ], [ 75.795756339083823, 26.871709336017091 ], [ 75.795486844642198, 26.871439841575466 ], [ 75.79521735020063, 26.871170346234521 ], [ 75.794408866875756, 26.870361862909704 ], [ 75.794408866875756, 26.869822874026454 ], [ 75.794139371534811, 26.869553378685509 ], [ 75.794139371534811, 26.869283884243941 ], [ 75.794139371534811, 26.869014389802317 ], [ 75.794408866875756, 26.868744895360692 ], [ 75.794408866875756, 26.867936411136498 ], [ 75.794139371534811, 26.867666916694873 ], [ 75.793869877093186, 26.867397422253305 ], [ 75.792791899326744, 26.866319444486805 ], [ 75.792791899326744, 26.865780454704293 ], [ 75.792791899326744, 26.865510960262668 ], [ 75.792522404885119, 26.865241465821043 ] ] ] } },
{ "type": "Feature", "properties": { "OBJECTID": 780.0, "LAYER": "Stream", "STREAM_ID": 5789, "IN_FLOW": 220.0, "OUT_FLOW": 484.0, "DRAIN_AREA": "0.3884 sq km", "STRAHLER": 1, "Shape_Leng": 0.0095309000528200002 }, "geometry": { "type": "MultiLineString", "coordinates": [ [ [ 75.901937205737511, 26.872517819341965 ], [ 75.902258267305228, 26.872196757774191 ] ], [ [ 75.90247619552008, 26.870934448665935 ], [ 75.90247619552008, 26.870900851792953 ], [ 75.90247619552008, 26.870631357351328 ], [ 75.90247619552008, 26.870092368468079 ], [ 75.902745689961705, 26.869822874026454 ], [ 75.902745689961705, 26.869014389802317 ], [ 75.90247619552008, 26.868744895360692 ], [ 75.90247619552008, 26.868205906477442 ], [ 75.902745689961705, 26.867936411136498 ], [ 75.903015184403273, 26.867936411136498 ], [ 75.903554173286523, 26.867397422253305 ], [ 75.904362657510717, 26.867397422253305 ], [ 75.905440635277159, 26.866319444486805 ], [ 75.906249119501297, 26.866319444486805 ], [ 75.906788108384546, 26.865780454704293 ], [ 75.906788108384546, 26.865510960262668 ], [ 75.906788108384546, 26.864971971379418 ] ] ] } },
{ "type": "Feature", "properties": { "OBJECTID": 781.0, "LAYER": "Stream", "STREAM_ID": 5796, "IN_FLOW": 669.0, "OUT_FLOW": 983.0, "DRAIN_AREA": "0.789 sq km", "STRAHLER": 2, "Shape_Leng": 0.0040462126246300001 }, "geometry": { "type": "MultiLineString", "coordinates": [ [ [ 75.709787566343152, 26.87224832490034 ], [ 75.70924857745996, 26.871709336017091 ], [ 75.70924857745996, 26.871439841575466 ], [ 75.708979083018335, 26.871170346234521 ], [ 75.707901104352516, 26.871170346234521 ], [ 75.706823126586073, 26.870092368468079 ], [ 75.706792246564987, 26.870092368468079 ] ] ] } },
{ "type": "Feature", "properties": { "OBJECTID": 782.0, "LAYER": "Stream", "STREAM_ID": 5802, "IN_FLOW": 206.0, "OUT_FLOW": 231.0, "DRAIN_AREA": "0.1854 sq km", "STRAHLER": 1, "Shape_Leng": 0.0022213467487699999 }, "geometry": { "type": "MultiLineString", "coordinates": [ [ [ 75.749672765285936, 26.871978830458715 ], [ 75.749133776402743, 26.871439841575466 ], [ 75.748864281961119, 26.871439841575466 ], [ 75.748055797736924, 26.871439841575466 ], [ 75.7477863032953, 26.871709336017091 ] ] ] } },
{ "type": "Feature", "properties": { "OBJECTID": 783.0, "LAYER": "Stream", "STREAM_ID": 5807, "IN_FLOW": 239.0, "OUT_FLOW": 754.0, "DRAIN_AREA": "0.605 sq km", "STRAHLER": 1, "Shape_Leng": 0.0081415620729 }, "geometry": { "type": "MultiLineString", "coordinates": [ [ [ 75.713021501441176, 26.871709336017091 ], [ 75.712213018116358, 26.871709336017091 ], [ 75.710865545008971, 26.870361862909704 ], [ 75.710326556125722, 26.870361862909704 ], [ 75.709787566343152, 26.870361862909704 ], [ 75.70924857745996, 26.869822874026454 ], [ 75.70924857745996, 26.868744895360692 ], [ 75.70924857745996, 26.868475400919067 ], [ 75.707901104352516, 26.86712792781168 ], [ 75.707566952253103, 26.86712792781168 ] ] ] } },
{ "type": "Feature", "properties": { "OBJECTID": 784.0, "LAYER": "Stream", "STREAM_ID": 5808, "IN_FLOW": 831.0, "OUT_FLOW": 856.0, "DRAIN_AREA": "0.687 sq km", "STRAHLER": 2, "Shape_Leng": 0.0017939864906899999 }, "geometry": { "type": "MultiLineString", "coordinates": [ [ [ 75.7477863032953, 26.871709336017091 ], [ 75.746708324629537, 26.870631357351328 ], [ 75.746708324629537, 26.870361862909704 ] ] ] } },
{ "type": "Feature", "properties": { "OBJECTID": 785.0, "LAYER": "Stream", "STREAM_ID": 5811, "IN_FLOW": 201.0, "OUT_FLOW": 221.0, "DRAIN_AREA": "0.1773 sq km", "STRAHLER": 1, "Shape_Leng": 0.0017939864907400001 }, "geometry": { "type": "MultiLineString", "coordinates": [ [ [ 75.735928541568967, 26.871439841575466 ], [ 75.736467530452217, 26.870900851792953 ], [ 75.736737024893841, 26.870900851792953 ], [ 75.737276014676411, 26.870361862909704 ] ] ] } },
{ "type": "Feature", "properties": { "OBJECTID": 786.0, "LAYER": "Stream", "STREAM_ID": 5812, "IN_FLOW": 204.0, "OUT_FLOW": 311.0, "DRAIN_AREA": "0.2496 sq km", "STRAHLER": 1, "Shape_Leng": 0.00446184662276 }, "geometry": { "type": "MultiLineString", "coordinates": [ [ [ 75.752367711500767, 26.871439841575466 ], [ 75.751289732834948, 26.870361862909704 ], [ 75.751020238393323, 26.870092368468079 ], [ 75.750750743951755, 26.869822874026454 ], [ 75.750481249510131, 26.869822874026454 ], [ 75.750211754169186, 26.870092368468079 ], [ 75.749133776402743, 26.869014389802317 ] ] ] } },
{ "type": "Feature", "properties": { "OBJECTID": 787.0, "LAYER": "Stream", "STREAM_ID": 5816, "IN_FLOW": 97062.0, "OUT_FLOW": 97066.0, "DRAIN_AREA": "77.893 sq km", "STRAHLER": 5, "Shape_Leng": 0.00065061777179 }, "geometry": { "type": "MultiLineString", "coordinates": [ [ [ 75.768537386091566, 26.871170346234521 ], [ 75.768806880533191, 26.871170346234521 ], [ 75.769076375874079, 26.870900851792953 ] ] ] } },
{ "type": "Feature", "properties": { "OBJECTID": 788.0, "LAYER": "Stream", "STREAM_ID": 5817, "IN_FLOW": 303.0, "OUT_FLOW": 578.0, "DRAIN_AREA": "0.4638 sq km", "STRAHLER": 1, "Shape_Leng": 0.0076303920402800004 }, "geometry": { "type": "MultiLineString", "coordinates": [ [ [ 75.80330218794569, 26.869283884243941 ], [ 75.803032693504065, 26.869014389802317 ], [ 75.803032693504065, 26.868475400919067 ], [ 75.802493703721495, 26.867936411136498 ], [ 75.800607241730859, 26.867936411136498 ], [ 75.800337747289291, 26.868205906477442 ], [ 75.800337747289291, 26.870361862909704 ], [ 75.799259768623472, 26.871439841575466 ] ] ] } },
{ "type": "Feature", "properties": { "OBJECTID": 789.0, "LAYER": "Stream", "STREAM_ID": 5818, "IN_FLOW": 280.0, "OUT_FLOW": 1218.0, "DRAIN_AREA": "0.977 sq km", "STRAHLER": 1, "Shape_Leng": 0.018421392879299999 }, "geometry": { "type": "MultiLineString", "coordinates": [ [ [ 75.86016554570341, 26.871170346234521 ], [ 75.86016554570341, 26.870900851792953 ], [ 75.860435040145035, 26.870631357351328 ], [ 75.860435040145035, 26.870361862909704 ], [ 75.86016554570341, 26.870092368468079 ], [ 75.86016554570341, 26.869822874026454 ], [ 75.86016554570341, 26.869553378685509 ], [ 75.86016554570341, 26.869283884243941 ], [ 75.860435040145035, 26.869014389802317 ], [ 75.860435040145035, 26.868744895360692 ], [ 75.860435040145035, 26.868475400919067 ], [ 75.86070453458666, 26.868205906477442 ], [ 75.861513017911477, 26.868205906477442 ], [ 75.861782513252422, 26.867936411136498 ], [ 75.862052007694047, 26.867936411136498 ], [ 75.862590996577296, 26.867936411136498 ], [ 75.863129985460489, 26.867397422253305 ], [ 75.863938469684683, 26.867397422253305 ], [ 75.864207964126308, 26.867397422253305 ], [ 75.86528594279207, 26.866319444486805 ], [ 75.865555437233695, 26.866319444486805 ], [ 75.86582493167532, 26.86658893892843 ], [ 75.86636392055857, 26.86658893892843 ], [ 75.866633415000138, 26.866319444486805 ], [ 75.866902910341082, 26.866319444486805 ], [ 75.867172404782707, 26.866319444486805 ], [ 75.867441899224332, 26.866049949145861 ], [ 75.868250382549149, 26.865241465821043 ], [ 75.870136844539786, 26.865241465821043 ], [ 75.870406339880731, 26.864971971379418 ], [ 75.870675834322356, 26.864971971379418 ], [ 75.871214823205605, 26.864432981596849 ], [ 75.871484317647173, 26.864163487155281 ], [ 75.872023307429743, 26.863624498272031 ], [ 75.872023307429743, 26.863355003830407 ], [ 75.872292801871367, 26.863085509388782 ], [ 75.872292801871367, 26.862816014047837 ], [ 75.872562296312992, 26.862546519606269 ], [ 75.872831790754617, 26.862546519606269 ] ] ] } },
{ "type": "Feature", "properties": { "OBJECTID": 790.0, "LAYER": "Stream", "STREAM_ID": 5826, "IN_FLOW": 700.0, "OUT_FLOW": 836.0, "DRAIN_AREA": "0.671 sq km", "STRAHLER": 2, "Shape_Leng": 0.0035225810205799998 }, "geometry": { "type": "MultiLineString", "coordinates": [ [ [ 75.765572946334487, 26.869822874026454 ], [ 75.765842440776055, 26.870092368468079 ], [ 75.766650924100929, 26.870092368468079 ], [ 75.766920418542554, 26.870092368468079 ], [ 75.767459408325067, 26.870092368468079 ], [ 75.768537386091566, 26.871170346234521 ] ] ] } },
{ "type": "Feature", "properties": { "OBJECTID": 791.0, "LAYER": "Stream", "STREAM_ID": 5827, "IN_FLOW": 135656.0, "OUT_FLOW": 135992.0, "DRAIN_AREA": "109.13 sq km", "STRAHLER": 5, "Shape_Leng": 0.0053819582003700002 }, "geometry": { "type": "MultiLineString", "coordinates": [ [ [ 75.769076375874079, 26.870900851792953 ], [ 75.769345870315703, 26.870631357351328 ], [ 75.769615364757328, 26.870361862909704 ], [ 75.77123233230634, 26.868744895360692 ], [ 75.77177132118959, 26.868744895360692 ], [ 75.772040815631215, 26.868744895360692 ], [ 75.773118794296977, 26.867666916694873 ] ] ] } },
{ "type": "Feature", "properties": { "OBJECTID": 792.0, "LAYER": "Stream", "STREAM_ID": 5828, "IN_FLOW": 203.0, "OUT_FLOW": 252.0, "DRAIN_AREA": "0.2022 sq km", "STRAHLER": 1, "Shape_Leng": 0.0023329747380699999 }, "geometry": { "type": "MultiLineString", "coordinates": [ [ [ 75.866902910341082, 26.870900851792953 ], [ 75.867172404782707, 26.870900851792953 ], [ 75.867441899224332, 26.870631357351328 ], [ 75.867980888107581, 26.870631357351328 ], [ 75.868789372331719, 26.869822874026454 ] ] ] } },
{ "type": "Feature", "properties": { "OBJECTID": 793.0, "LAYER": "Stream", "STREAM_ID": 5829, "IN_FLOW": 762.0, "OUT_FLOW": 993.0, "DRAIN_AREA": "0.797 sq km", "STRAHLER": 2, "Shape_Leng": 0.0065524132653200003 }, "geometry": { "type": "MultiLineString", "coordinates": [ [ [ 75.868789372331719, 26.869822874026454 ], [ 75.869058866773344, 26.869553378685509 ], [ 75.869867350098161, 26.869553378685509 ], [ 75.870406339880731, 26.869553378685509 ], [ 75.870675834322356, 26.869283884243941 ], [ 75.87094532876398, 26.869283884243941 ], [ 75.871214823205605, 26.869553378685509 ], [ 75.872292801871367, 26.869553378685509 ], [ 75.873101285196185, 26.870361862909704 ], [ 75.87337077963781, 26.870631357351328 ], [ 75.873640274978754, 26.870631357351328 ], [ 75.873909769420379, 26.870900851792953 ], [ 75.874448758303629, 26.870900851792953 ] ] ] } },
{ "type": "Feature", "properties": { "OBJECTID": 794.0, "LAYER": "Stream", "STREAM_ID": 5830, "IN_FLOW": 9341.0, "OUT_FLOW": 9675.0, "DRAIN_AREA": "7.764 sq km", "STRAHLER": 3, "Shape_Leng": 0.0067294313077000002 }, "geometry": { "type": "MultiLineString", "coordinates": [ [ [ 75.874448758303629, 26.870900851792953 ], [ 75.876335220294266, 26.869014389802317 ], [ 75.876604714735834, 26.868744895360692 ], [ 75.877682693401653, 26.867666916694873 ], [ 75.877682693401653, 26.865510960262668 ] ] ] } },
{ "type": "Feature", "properties": { "OBJECTID": 795.0, "LAYER": "Stream", "STREAM_ID": 5834, "IN_FLOW": 200.0, "OUT_FLOW": 218.0, "DRAIN_AREA": "0.1749 sq km", "STRAHLER": 1, "Shape_Leng": 0.00130123490783 }, "geometry": { "type": "MultiLineString", "coordinates": [ [ [ 75.839144967566256, 26.870631357351328 ], [ 75.839414462007881, 26.870361862909704 ], [ 75.839414462007881, 26.870092368468079 ], [ 75.839414462007881, 26.869822874026454 ], [ 75.839683956449505, 26.869553378685509 ] ] ] } },
{ "type": "Feature", "properties": { "OBJECTID": 796.0, "LAYER": "Stream", "STREAM_ID": 5839, "IN_FLOW": 3816.0, "OUT_FLOW": 4072.0, "DRAIN_AREA": "3.268 sq km", "STRAHLER": 2, "Shape_Leng": 0.0080115152614200005 }, "geometry": { "type": "MultiLineString", "coordinates": [ [ [ 75.737276014676411, 26.870361862909704 ], [ 75.737276014676411, 26.870092368468079 ], [ 75.737545509118036, 26.869822874026454 ], [ 75.737545509118036, 26.869553378685509 ], [ 75.737545509118036, 26.869283884243941 ], [ 75.737545509118036, 26.868744895360692 ], [ 75.736737024893841, 26.867936411136498 ], [ 75.736737024893841, 26.867666916694873 ], [ 75.736467530452217, 26.867397422253305 ], [ 75.736737024893841, 26.86712792781168 ], [ 75.737276014676411, 26.86712792781168 ], [ 75.737545509118036, 26.866858433370055 ], [ 75.738084498001228, 26.866858433370055 ], [ 75.738353992442853, 26.86658893892843 ], [ 75.738353992442853, 26.866049949145861 ], [ 75.738623487783798, 26.865780454704293 ], [ 75.738623487783798, 26.864432981596849 ] ] ] } },
{ "type": "Feature", "properties": { "OBJECTID": 797.0, "LAYER": "Stream", "STREAM_ID": 5840, "IN_FLOW": 1262.0, "OUT_FLOW": 1367.0, "DRAIN_AREA": "1.097 sq km", "STRAHLER": 2, "Shape_Leng": 0.0029835931458000002 }, "geometry": { "type": "MultiLineString", "coordinates": [ [ [ 75.746708324629537, 26.870361862909704 ], [ 75.747247314412107, 26.869822874026454 ], [ 75.748325292178549, 26.869822874026454 ], [ 75.749133776402743, 26.869014389802317 ] ] ] } },
{ "type": "Feature", "properties": { "OBJECTID": 798.0, "LAYER": "Stream", "STREAM_ID": 5841, "IN_FLOW": 206.0, "OUT_FLOW": 268.0, "DRAIN_AREA": "0.2151 sq km", "STRAHLER": 1, "Shape_Leng": 0.0031414595981199998 }, "geometry": { "type": "MultiLineString", "coordinates": [ [ [ 75.774196772962739, 26.870361862909704 ], [ 75.773927277621794, 26.870092368468079 ], [ 75.773927277621794, 26.869553378685509 ], [ 75.773927277621794, 26.868475400919067 ], [ 75.773388288738602, 26.867936411136498 ], [ 75.773118794296977, 26.867666916694873 ] ] ] } },
{ "type": "Feature", "properties": { "OBJECTID": 799.0, "LAYER": "Stream", "STREAM_ID": 5849, "IN_FLOW": 218.0, "OUT_FLOW": 381.0, "DRAIN_AREA": "0.3057 sq km", "STRAHLER": 1, "Shape_Leng": 0.0068027555900700004 }, "geometry": { "type": "MultiLineString", "coordinates": [ [ [ 75.759105076138383, 26.869553378685509 ], [ 75.759374570580007, 26.869553378685509 ], [ 75.759644065021632, 26.869553378685509 ], [ 75.759913559463257, 26.869553378685509 ], [ 75.760183053904882, 26.869283884243941 ], [ 75.760722043687451, 26.869283884243941 ], [ 75.761261032570644, 26.869822874026454 ], [ 75.762608505678031, 26.869822874026454 ], [ 75.762878000119656, 26.869822874026454 ], [ 75.765572946334487, 26.869822874026454 ] ] ] } },
{ "type": "Feature", "properties": { "OBJECTID": 800.0, "LAYER": "Stream", "STREAM_ID": 5850, "IN_FLOW": 205.0, "OUT_FLOW": 407.0, "DRAIN_AREA": "0.3266 sq km", "STRAHLER": 1, "Shape_Leng": 0.0071376395579800002 }, "geometry": { "type": "MultiLineString", "coordinates": [ [ [ 75.782820599591048, 26.869553378685509 ], [ 75.782551105149423, 26.869822874026454 ], [ 75.781473126483661, 26.869822874026454 ], [ 75.781203632042036, 26.869553378685509 ], [ 75.781203632042036, 26.868205906477442 ], [ 75.780934137600411, 26.867936411136498 ], [ 75.780934137600411, 26.866858433370055 ], [ 75.780934137600411, 26.86658893892843 ], [ 75.780934137600411, 26.866319444486805 ], [ 75.781203632042036, 26.866049949145861 ], [ 75.781203632042036, 26.865241465821043 ], [ 75.781742620925286, 26.864702476937794 ] ] ] } },
{ "type": "Feature", "properties": { "OBJECTID": 801.0, "LAYER": "Stream", "STREAM_ID": 5852, "IN_FLOW": 261.0, "OUT_FLOW": 432.0, "DRAIN_AREA": "0.3467 sq km", "STRAHLER": 1, "Shape_Leng": 0.0067294313077400003 }, "geometry": { "type": "MultiLineString", "coordinates": [ [ [ 75.742126917323446, 26.869553378685509 ], [ 75.741587927540877, 26.869014389802317 ], [ 75.741587927540877, 26.868744895360692 ], [ 75.741587927540877, 26.868205906477442 ], [ 75.741587927540877, 26.867666916694873 ], [ 75.73970146555024, 26.865780454704293 ], [ 75.739431971108615, 26.865780454704293 ], [ 75.739162476667047, 26.865510960262668 ], [ 75.739162476667047, 26.864971971379418 ], [ 75.738623487783798, 26.864432981596849 ] ] ] } },
{ "type": "Feature", "properties": { "OBJECTID": 802.0, "LAYER": "Stream", "STREAM_ID": 5853, "IN_FLOW": 260.0, "OUT_FLOW": 311.0, "DRAIN_AREA": "0.2496 sq km", "STRAHLER": 1, "Shape_Leng": 0.0019518526796499999 }, "geometry": { "type": "MultiLineString", "coordinates": [ [ [ 75.764225473227043, 26.868744895360692 ], [ 75.764225473227043, 26.869014389802317 ], [ 75.764494967668668, 26.869283884243941 ], [ 75.765033956551918, 26.869283884243941 ], [ 75.765572946334487, 26.869822874026454 ] ] ] } },
{ "type": "Feature", "properties": { "OBJECTID": 803.0, "LAYER": "Stream", "STREAM_ID": 5854, "IN_FLOW": 202.0, "OUT_FLOW": 350.0, "DRAIN_AREA": "0.2809 sq km", "STRAHLER": 1, "Shape_Leng": 0.00639454654961 }, "geometry": { "type": "MultiLineString", "coordinates": [ [ [ 75.788479985562958, 26.869553378685509 ], [ 75.787671502238084, 26.869553378685509 ], [ 75.787132512455514, 26.869014389802317 ], [ 75.787132512455514, 26.868205906477442 ], [ 75.786324029130697, 26.867397422253305 ], [ 75.785246050464934, 26.867397422253305 ], [ 75.78497655602331, 26.867666916694873 ], [ 75.784707061581685, 26.867936411136498 ], [ 75.78443756714006, 26.867936411136498 ], [ 75.78389857735749, 26.868475400919067 ] ] ] } },
{ "type": "Feature", "properties": { "OBJECTID": 804.0, "LAYER": "Stream", "STREAM_ID": 5855, "IN_FLOW": 2642.0, "OUT_FLOW": 2866.0, "DRAIN_AREA": "2.3 sq km", "STRAHLER": 2, "Shape_Leng": 0.0042194367286499997 }, "geometry": { "type": "MultiLineString", "coordinates": [ [ [ 75.839683956449505, 26.869553378685509 ], [ 75.839683956449505, 26.869283884243941 ], [ 75.839144967566256, 26.868744895360692 ], [ 75.839144967566256, 26.868205906477442 ], [ 75.839144967566256, 26.867666916694873 ], [ 75.838875473124631, 26.867397422253305 ], [ 75.838875473124631, 26.86712792781168 ], [ 75.838875473124631, 26.866858433370055 ], [ 75.838875473124631, 26.866319444486805 ], [ 75.838605978683006, 26.866049949145861 ], [ 75.838605978683006, 26.865780454704293 ] ] ] } },
{ "type": "Feature", "properties": { "OBJECTID": 805.0, "LAYER": "Stream", "STREAM_ID": 5861, "IN_FLOW": 1585.0, "OUT_FLOW": 2171.0, "DRAIN_AREA": "1.742 sq km", "STRAHLER": 2, "Shape_Leng": 0.011329991630099999 }, "geometry": { "type": "MultiLineString", "coordinates": [ [ [ 75.885228541364143, 26.869283884243941 ], [ 75.885767531146712, 26.868744895360692 ], [ 75.885767531146712, 26.867666916694873 ], [ 75.886037025588337, 26.867397422253305 ], [ 75.885498036705087, 26.866858433370055 ], [ 75.885498036705087, 26.866049949145861 ], [ 75.885767531146712, 26.865780454704293 ], [ 75.885767531146712, 26.865241465821043 ], [ 75.884959046922518, 26.864432981596849 ], [ 75.884689552480893, 26.864432981596849 ], [ 75.883881069156075, 26.863624498272031 ], [ 75.883881069156075, 26.862007530723019 ], [ 75.883072584931881, 26.861199046498825 ], [ 75.883072584931881, 26.860660057615632 ], [ 75.882533596048688, 26.860121068732383 ] ] ] } },
{ "type": "Feature", "properties": { "OBJECTID": 806.0, "LAYER": "Stream", "STREAM_ID": 5862, "IN_FLOW": 200.0, "OUT_FLOW": 220.0, "DRAIN_AREA": "0.1765 sq km", "STRAHLER": 1, "Shape_Leng": 0.0014591010967400001 }, "geometry": { "type": "MultiLineString", "coordinates": [ [ [ 75.896008325324033, 26.869283884243941 ], [ 75.896008325324033, 26.868205906477442 ], [ 75.895738830882408, 26.867936411136498 ] ] ] } },
{ "type": "Feature", "properties": { "OBJECTID": 807.0, "LAYER": "Stream", "STREAM_ID": 5864, "IN_FLOW": 1681.0, "OUT_FLOW": 2096.0, "DRAIN_AREA": "1.682 sq km", "STRAHLER": 2, "Shape_Leng": 0.011060496925 }, "geometry": { "type": "MultiLineString", "coordinates": [ [ [ 75.749133776402743, 26.869014389802317 ], [ 75.749133776402743, 26.868475400919067 ], [ 75.749403270844311, 26.868205906477442 ], [ 75.750211754169186, 26.867397422253305 ], [ 75.750211754169186, 26.86712792781168 ], [ 75.750211754169186, 26.865510960262668 ], [ 75.749133776402743, 26.864432981596849 ], [ 75.749133776402743, 26.864163487155281 ], [ 75.748594786620174, 26.863624498272031 ], [ 75.748594786620174, 26.863085509388782 ], [ 75.748864281961119, 26.862816014047837 ], [ 75.748864281961119, 26.862546519606269 ], [ 75.7477863032953, 26.86146854183977 ], [ 75.747516808853675, 26.861738036281395 ], [ 75.747516808853675, 26.862007530723019 ], [ 75.747247314412107, 26.862277025164644 ], [ 75.746438830187913, 26.862277025164644 ] ] ] } },
{ "type": "Feature", "properties": { "OBJECTID": 808.0, "LAYER": "Stream", "STREAM_ID": 5870, "IN_FLOW": 216.0, "OUT_FLOW": 236.0, "DRAIN_AREA": "0.1894 sq km", "STRAHLER": 1, "Shape_Leng": 0.0014128637964000001 }, "geometry": { "type": "MultiLineString", "coordinates": [ [ [ 75.856931610605386, 26.868744895360692 ], [ 75.856123126381249, 26.867936411136498 ], [ 75.856123126381249, 26.867666916694873 ] ] ] } },
{ "type": "Feature", "properties": { "OBJECTID": 809.0, "LAYER": "Stream", "STREAM_ID": 5876, "IN_FLOW": 962.0, "OUT_FLOW": 1068.0, "DRAIN_AREA": "0.857 sq km", "STRAHLER": 2, "Shape_Leng": 0.0036342102817100001 }, "geometry": { "type": "MultiLineString", "coordinates": [ [ [ 75.78389857735749, 26.868475400919067 ], [ 75.783359588474298, 26.867936411136498 ], [ 75.783359588474298, 26.866858433370055 ], [ 75.783090094032673, 26.86658893892843 ], [ 75.783090094032673, 26.866319444486805 ], [ 75.782281609808479, 26.865510960262668 ] ] ] } },
{ "type": "Feature", "properties": { "OBJECTID": 810.0, "LAYER": "Stream", "STREAM_ID": 5877, "IN_FLOW": 219.0, "OUT_FLOW": 323.0, "DRAIN_AREA": "0.2592 sq km", "STRAHLER": 1, "Shape_Leng": 0.0047775783646899998 }, "geometry": { "type": "MultiLineString", "coordinates": [ [ [ 75.835372043584982, 26.868475400919067 ], [ 75.835641538026607, 26.868205906477442 ], [ 75.835911032468232, 26.867936411136498 ], [ 75.836180526909857, 26.867666916694873 ], [ 75.836180526909857, 26.867397422253305 ], [ 75.835911032468232, 26.86712792781168 ], [ 75.835911032468232, 26.866858433370055 ], [ 75.835911032468232, 26.86658893892843 ], [ 75.835911032468232, 26.866319444486805 ], [ 75.836180526909857, 26.866049949145861 ], [ 75.836180526909857, 26.865780454704293 ], [ 75.836450022250801, 26.865510960262668 ], [ 75.836989011133994, 26.864971971379418 ], [ 75.837258505575619, 26.864702476937794 ] ] ] } },
{ "type": "Feature", "properties": { "OBJECTID": 811.0, "LAYER": "Stream", "STREAM_ID": 5878, "IN_FLOW": 211.0, "OUT_FLOW": 223.0, "DRAIN_AREA": "0.179 sq km", "STRAHLER": 1, "Shape_Leng": 0.00114336871891 }, "geometry": { "type": "MultiLineString", "coordinates": [ [ [ 75.855314643056374, 26.868475400919067 ], [ 75.855584137497999, 26.868205906477442 ], [ 75.855853631939624, 26.867936411136498 ], [ 75.856123126381249, 26.867666916694873 ] ] ] } },
{ "type": "Feature", "properties": { "OBJECTID": 812.0, "LAYER": "Stream", "STREAM_ID": 5892, "IN_FLOW": 202.0, "OUT_FLOW": 367.0, "DRAIN_AREA": "0.2945 sq km", "STRAHLER": 1, "Shape_Leng": 0.00325308721493 }, "geometry": { "type": "MultiLineString", "coordinates": [ [ [ 75.727843703823908, 26.867397422253305 ], [ 75.728113198265532, 26.867397422253305 ], [ 75.728382692707157, 26.86712792781168 ], [ 75.729191176931351, 26.86712792781168 ], [ 75.729460671372919, 26.867397422253305 ], [ 75.729730165814544, 26.867397422253305 ], [ 75.730269155597114, 26.867936411136498 ], [ 75.730538650038739, 26.867666916694873 ] ] ] } },
{ "type": "Feature", "properties": { "OBJECTID": 813.0, "LAYER": "Stream", "STREAM_ID": 5893, "IN_FLOW": 6213.0, "OUT_FLOW": 6581.0, "DRAIN_AREA": "5.281 sq km", "STRAHLER": 3, "Shape_Leng": 0.011152972797400001 }, "geometry": { "type": "MultiLineString", "coordinates": [ [ [ 75.807075111926906, 26.867936411136498 ], [ 75.806805617485338, 26.867936411136498 ], [ 75.806536123043713, 26.867666916694873 ], [ 75.806266628602089, 26.867397422253305 ], [ 75.805727638819519, 26.866858433370055 ], [ 75.805727638819519, 26.866319444486805 ], [ 75.805458144377894, 26.866049949145861 ], [ 75.804649661053077, 26.865241465821043 ], [ 75.804649661053077, 26.863085509388782 ], [ 75.804380166611452, 26.862816014047837 ], [ 75.804380166611452, 26.862546519606269 ], [ 75.804110671270507, 26.862277025164644 ], [ 75.804110671270507, 26.862007530723019 ], [ 75.804919155494701, 26.861199046498825 ], [ 75.804919155494701, 26.860929552057257 ], [ 75.804919155494701, 26.858504101183371 ] ] ] } },
{ "type": "Feature", "properties": { "OBJECTID": 814.0, "LAYER": "Stream", "STREAM_ID": 5894, "IN_FLOW": 2421.0, "OUT_FLOW": 3045.0, "DRAIN_AREA": "2.444 sq km", "STRAHLER": 2, "Shape_Leng": 0.012184713154499999 }, "geometry": { "type": "MultiLineString", "coordinates": [ [ [ 75.895738830882408, 26.867936411136498 ], [ 75.896547314207226, 26.86712792781168 ], [ 75.89735579843142, 26.86712792781168 ], [ 75.897625292873045, 26.867397422253305 ], [ 75.898164281756237, 26.867397422253305 ], [ 75.898433776197862, 26.867397422253305 ], [ 75.898972765980432, 26.867397422253305 ], [ 75.899511754863624, 26.867936411136498 ], [ 75.899781249305249, 26.867666916694873 ], [ 75.899781249305249, 26.86712792781168 ], [ 75.899781249305249, 26.866319444486805 ], [ 75.900589733529443, 26.865510960262668 ], [ 75.900589733529443, 26.864971971379418 ], [ 75.900320238188499, 26.864702476937794 ], [ 75.900320238188499, 26.864163487155281 ], [ 75.899781249305249, 26.863624498272031 ], [ 75.899781249305249, 26.861738036281395 ], [ 75.900320238188499, 26.861199046498825 ] ] ] } },
{ "type": "Feature", "properties": { "OBJECTID": 815.0, "LAYER": "Stream", "STREAM_ID": 5900, "IN_FLOW": 4523.0, "OUT_FLOW": 4613.0, "DRAIN_AREA": "3.702 sq km", "STRAHLER": 3, "Shape_Leng": 0.00356881959271 }, "geometry": { "type": "MultiLineString", "coordinates": [ [ [ 75.730538650038739, 26.867666916694873 ], [ 75.730808144480363, 26.867397422253305 ], [ 75.730808144480363, 26.86658893892843 ], [ 75.731077638921931, 26.866319444486805 ], [ 75.731077638921931, 26.866049949145861 ], [ 75.731077638921931, 26.865780454704293 ], [ 75.731077638921931, 26.864702476937794 ], [ 75.731347133363556, 26.864432981596849 ] ] ] } },
{ "type": "Feature", "properties": { "OBJECTID": 816.0, "LAYER": "Stream", "STREAM_ID": 5901, "IN_FLOW": 136266.0, "OUT_FLOW": 136388.0, "DRAIN_AREA": "109.45 sq km", "STRAHLER": 5, "Shape_Leng": 0.00448893233296 }, "geometry": { "type": "MultiLineString", "coordinates": [ [ [ 75.773118794296977, 26.867666916694873 ], [ 75.773927277621794, 26.866858433370055 ], [ 75.774196772962739, 26.866858433370055 ], [ 75.774466267404364, 26.86658893892843 ], [ 75.774466267404364, 26.866319444486805 ], [ 75.774466267404364, 26.863893992713656 ] ] ] } },
{ "type": "Feature", "properties": { "OBJECTID": 817.0, "LAYER": "Stream", "STREAM_ID": 5902, "IN_FLOW": 202.0, "OUT_FLOW": 260.0, "DRAIN_AREA": "0.2086 sq km", "STRAHLER": 1, "Shape_Leng": 0.00276033653128 }, "geometry": { "type": "MultiLineString", "coordinates": [ [ [ 75.809500563700112, 26.86712792781168 ], [ 75.809231068359168, 26.86712792781168 ], [ 75.808692079475918, 26.86712792781168 ], [ 75.80842258503435, 26.86712792781168 ], [ 75.808153090592725, 26.86712792781168 ], [ 75.8078835961511, 26.867397422253305 ], [ 75.807614100810156, 26.867397422253305 ], [ 75.807344606368531, 26.867666916694873 ], [ 75.807075111926906, 26.867936411136498 ] ] ] } },
{ "type": "Feature", "properties": { "OBJECTID": 818.0, "LAYER": "Stream", "STREAM_ID": 5903, "IN_FLOW": 462.0, "OUT_FLOW": 543.0, "DRAIN_AREA": "0.4357 sq km", "STRAHLER": 2, "Shape_Leng": 0.00325308695145 }, "geometry": { "type": "MultiLineString", "coordinates": [ [ [ 75.856123126381249, 26.867666916694873 ], [ 75.856123126381249, 26.86712792781168 ], [ 75.855853631939624, 26.866858433370055 ], [ 75.856123126381249, 26.86658893892843 ], [ 75.856392620822874, 26.866319444486805 ], [ 75.856662116163761, 26.866049949145861 ], [ 75.856662116163761, 26.865241465821043 ], [ 75.856931610605386, 26.864971971379418 ] ] ] } },
{ "type": "Feature", "properties": { "OBJECTID": 819.0, "LAYER": "Stream", "STREAM_ID": 5904, "IN_FLOW": 265.0, "OUT_FLOW": 394.0, "DRAIN_AREA": "0.3162 sq km", "STRAHLER": 1, "Shape_Leng": 0.00401533323945 }, "geometry": { "type": "MultiLineString", "coordinates": [ [ [ 75.905979625059729, 26.867666916694873 ], [ 75.906518613942922, 26.86712792781168 ], [ 75.906788108384546, 26.86712792781168 ], [ 75.907057602826171, 26.86712792781168 ], [ 75.907596592608741, 26.86658893892843 ], [ 75.907596592608741, 26.865780454704293 ], [ 75.906788108384546, 26.864971971379418 ] ] ] } },
{ "type": "Feature", "properties": { "OBJECTID": 820.0, "LAYER": "Stream", "STREAM_ID": 5907, "IN_FLOW": 207.0, "OUT_FLOW": 461.0, "DRAIN_AREA": "0.3699 sq km", "STRAHLER": 1, "Shape_Leng": 0.0084580271094200007 }, "geometry": { "type": "MultiLineString", "coordinates": [ [ [ 75.754254173491347, 26.867397422253305 ], [ 75.75344568926721, 26.86658893892843 ], [ 75.75290670038396, 26.866049949145861 ], [ 75.75290670038396, 26.865510960262668 ], [ 75.751020238393323, 26.863624498272031 ], [ 75.751020238393323, 26.862816014047837 ], [ 75.751020238393323, 26.861738036281395 ], [ 75.751020238393323, 26.860660057615632 ], [ 75.751289732834948, 26.860390563174008 ] ] ] } },
{ "type": "Feature", "properties": { "OBJECTID": 821.0, "LAYER": "Stream", "STREAM_ID": 5911, "IN_FLOW": 280.0, "OUT_FLOW": 623.0, "DRAIN_AREA": "0.4999 sq km", "STRAHLER": 1, "Shape_Leng": 0.0075570673853599998 }, "geometry": { "type": "MultiLineString", "coordinates": [ [ [ 75.734042079578387, 26.86712792781168 ], [ 75.734042079578387, 26.86658893892843 ], [ 75.734311574019955, 26.866319444486805 ], [ 75.73458106846158, 26.866049949145861 ], [ 75.735659047127399, 26.864971971379418 ], [ 75.73512005734483, 26.864432981596849 ], [ 75.734850562903205, 26.864432981596849 ], [ 75.73458106846158, 26.864163487155281 ], [ 75.733772585136762, 26.863355003830407 ], [ 75.733772585136762, 26.863085509388782 ], [ 75.732425112029375, 26.861738036281395 ] ] ] } },
{ "type": "Feature", "properties": { "OBJECTID": 822.0, "LAYER": "Stream", "STREAM_ID": 5917, "IN_FLOW": 236.0, "OUT_FLOW": 387.0, "DRAIN_AREA": "0.3106 sq km", "STRAHLER": 1, "Shape_Leng": 0.0072684199274899997 }, "geometry": { "type": "MultiLineString", "coordinates": [ [ [ 75.892504895784384, 26.866858433370055 ], [ 75.893582873550827, 26.865780454704293 ], [ 75.893852368891771, 26.865510960262668 ], [ 75.894391357775021, 26.864971971379418 ], [ 75.894391357775021, 26.864702476937794 ], [ 75.894660852216589, 26.864432981596849 ], [ 75.894660852216589, 26.863355003830407 ], [ 75.895199841099839, 26.862816014047837 ], [ 75.895199841099839, 26.862546519606269 ], [ 75.895469336440783, 26.862277025164644 ], [ 75.896547314207226, 26.862277025164644 ], [ 75.89681680864885, 26.862007530723019 ] ] ] } },
{ "type": "Feature", "properties": { "OBJECTID": 823.0, "LAYER": "Stream", "STREAM_ID": 5919, "IN_FLOW": 204.0, "OUT_FLOW": 745.0, "DRAIN_AREA": "0.598 sq km", "STRAHLER": 1, "Shape_Leng": 0.013709205948499999 }, "geometry": { "type": "MultiLineString", "coordinates": [ [ [ 75.821897314309638, 26.86658893892843 ], [ 75.82162781986807, 26.866319444486805 ], [ 75.821358325426445, 26.866049949145861 ], [ 75.8210888300855, 26.866049949145861 ], [ 75.820819335643876, 26.866049949145861 ], [ 75.820010852319058, 26.866049949145861 ], [ 75.819471862536489, 26.865510960262668 ], [ 75.819471862536489, 26.865241465821043 ], [ 75.819202368094864, 26.864971971379418 ], [ 75.818932873653239, 26.864971971379418 ], [ 75.818663379211614, 26.864702476937794 ], [ 75.818393884770046, 26.864702476937794 ], [ 75.817585400545852, 26.863893992713656 ], [ 75.817854895886796, 26.863624498272031 ], [ 75.817854895886796, 26.863355003830407 ], [ 75.817585400545852, 26.863085509388782 ], [ 75.817315906104227, 26.862816014047837 ], [ 75.817046411662602, 26.862816014047837 ], [ 75.816776917221034, 26.862546519606269 ], [ 75.816776917221034, 26.862007530723019 ], [ 75.817046411662602, 26.861738036281395 ], [ 75.817046411662602, 26.86146854183977 ], [ 75.817046411662602, 26.861199046498825 ], [ 75.817046411662602, 26.860390563174008 ], [ 75.816507422779409, 26.859851574290758 ], [ 75.816237928337785, 26.859851574290758 ], [ 75.81596843299684, 26.859582079849133 ], [ 75.81542944411359, 26.859582079849133 ], [ 75.814890455230397, 26.859582079849133 ], [ 75.814351465447828, 26.859043090066621 ], [ 75.813812476564578, 26.859043090066621 ] ] ] } },
{ "type": "Feature", "properties": { "OBJECTID": 824.0, "LAYER": "Stream", "STREAM_ID": 5920, "IN_FLOW": 274.0, "OUT_FLOW": 283.0, "DRAIN_AREA": "0.2271 sq km", "STRAHLER": 1, "Shape_Leng": 0.0014128640598100001 }, "geometry": { "type": "MultiLineString", "coordinates": [ [ [ 75.876874209177458, 26.86658893892843 ], [ 75.877143704518403, 26.866319444486805 ], [ 75.877143704518403, 26.866049949145861 ], [ 75.877682693401653, 26.865510960262668 ] ] ] } },
{ "type": "Feature", "properties": { "OBJECTID": 825.0, "LAYER": "Stream", "STREAM_ID": 5923, "IN_FLOW": 200.0, "OUT_FLOW": 354.0, "DRAIN_AREA": "0.2841 sq km", "STRAHLER": 1, "Shape_Leng": 0.0055860629613700002 }, "geometry": { "type": "MultiLineString", "coordinates": [ [ [ 75.832138108486959, 26.866319444486805 ], [ 75.832407602928583, 26.866049949145861 ], [ 75.832677097370208, 26.866049949145861 ], [ 75.832946591811833, 26.865780454704293 ], [ 75.832946591811833, 26.865510960262668 ], [ 75.833216087152778, 26.865241465821043 ], [ 75.833485581594346, 26.865241465821043 ], [ 75.83375507603597, 26.864971971379418 ], [ 75.83429406491922, 26.864971971379418 ], [ 75.834563559360845, 26.864702476937794 ], [ 75.835372043584982, 26.863893992713656 ], [ 75.835372043584982, 26.863624498272031 ], [ 75.835372043584982, 26.863085509388782 ], [ 75.835641538026607, 26.862816014047837 ] ] ] } },
{ "type": "Feature", "properties": { "OBJECTID": 826.0, "LAYER": "Stream", "STREAM_ID": 5929, "IN_FLOW": 3085.0, "OUT_FLOW": 3168.0, "DRAIN_AREA": "2.542 sq km", "STRAHLER": 2, "Shape_Leng": 0.0019518520437399999 }, "geometry": { "type": "MultiLineString", "coordinates": [ [ [ 75.838605978683006, 26.865780454704293 ], [ 75.838066988900493, 26.865241465821043 ], [ 75.837528000017244, 26.865241465821043 ], [ 75.837258505575619, 26.864971971379418 ], [ 75.837258505575619, 26.864702476937794 ] ] ] } },
{ "type": "Feature", "properties": { "OBJECTID": 827.0, "LAYER": "Stream", "STREAM_ID": 5930, "IN_FLOW": 212.0, "OUT_FLOW": 214.0, "DRAIN_AREA": "0.1717 sq km", "STRAHLER": 1, "Shape_Leng": 0.00065061713595500001 }, "geometry": { "type": "MultiLineString", "coordinates": [ [ [ 75.839144967566256, 26.865510960262668 ], [ 75.838875473124631, 26.865780454704293 ], [ 75.838605978683006, 26.865780454704293 ] ] ] } },
{ "type": "Feature", "properties": { "OBJECTID": 828.0, "LAYER": "Stream", "STREAM_ID": 5938, "IN_FLOW": 3658.0, "OUT_FLOW": 3668.0, "DRAIN_AREA": "2.943 sq km", "STRAHLER": 3, "Shape_Leng": 0.0010317398302400001 }, "geometry": { "type": "MultiLineString", "coordinates": [ [ [ 75.782281609808479, 26.865510960262668 ], [ 75.782012115366911, 26.865241465821043 ], [ 75.781742620925286, 26.864971971379418 ], [ 75.781742620925286, 26.864702476937794 ] ] ] } },
{ "type": "Feature", "properties": { "OBJECTID": 829.0, "LAYER": "Stream", "STREAM_ID": 5939, "IN_FLOW": 2536.0, "OUT_FLOW": 2584.0, "DRAIN_AREA": "2.074 sq km", "STRAHLER": 2, "Shape_Leng": 0.0022213476480899999 }, "geometry": { "type": "MultiLineString", "coordinates": [ [ [ 75.78389857735749, 26.864432981596849 ], [ 75.78389857735749, 26.864702476937794 ], [ 75.783629082915922, 26.864971971379418 ], [ 75.783090094032673, 26.865510960262668 ], [ 75.782281609808479, 26.865510960262668 ] ] ] } },
{ "type": "Feature", "properties": { "OBJECTID": 830.0, "LAYER": "Stream", "STREAM_ID": 5940, "IN_FLOW": 9965.0, "OUT_FLOW": 10394.0, "DRAIN_AREA": "8.341 sq km", "STRAHLER": 3, "Shape_Leng": 0.0077149338376700004 }, "geometry": { "type": "MultiLineString", "coordinates": [ [ [ 75.877682693401653, 26.865510960262668 ], [ 75.877952187843277, 26.865241465821043 ], [ 75.879838649833857, 26.863355003830407 ], [ 75.879838649833857, 26.862546519606269 ], [ 75.880108144275482, 26.862277025164644 ], [ 75.880108144275482, 26.862007530723019 ], [ 75.880647134058052, 26.86146854183977 ], [ 75.880916628499676, 26.861199046498825 ], [ 75.881994607165439, 26.860121068732383 ], [ 75.882533596048688, 26.860121068732383 ] ] ] } },
{ "type": "Feature", "properties": { "OBJECTID": 831.0, "LAYER": "Stream", "STREAM_ID": 5944, "IN_FLOW": 202.0, "OUT_FLOW": 901.0, "DRAIN_AREA": "0.723 sq km", "STRAHLER": 1, "Shape_Leng": 0.0097272859150999997 }, "geometry": { "type": "MultiLineString", "coordinates": [ [ [ 75.71436897454862, 26.865241465821043 ], [ 75.714099480106995, 26.865241465821043 ], [ 75.71382998566537, 26.864971971379418 ], [ 75.71382998566537, 26.864432981596849 ], [ 75.71382998566537, 26.863085509388782 ], [ 75.715177458772757, 26.861738036281395 ], [ 75.715177458772757, 26.86146854183977 ], [ 75.715716447656007, 26.860929552057257 ], [ 75.715716447656007, 26.860660057615632 ], [ 75.715716447656007, 26.860121068732383 ], [ 75.716794426321769, 26.859043090066621 ], [ 75.716794426321769, 26.857920504128003 ] ], [ [ 75.717356750813451, 26.857426122517609 ], [ 75.717602909646644, 26.857426122517609 ], [ 75.717872404088212, 26.857156628075984 ], [ 75.717872404088212, 26.856986619337079 ] ] ] } },
{ "type": "Feature", "properties": { "OBJECTID": 832.0, "LAYER": "Stream", "STREAM_ID": 5945, "IN_FLOW": 238.0, "OUT_FLOW": 361.0, "DRAIN_AREA": "0.2897 sq km", "STRAHLER": 1, "Shape_Leng": 0.0043310658806699999 }, "geometry": { "type": "MultiLineString", "coordinates": [ [ [ 75.77069334342309, 26.865241465821043 ], [ 75.77123233230634, 26.864702476937794 ], [ 75.771501826747965, 26.864702476937794 ], [ 75.772310310972102, 26.864702476937794 ], [ 75.773118794296977, 26.863893992713656 ], [ 75.773657783180226, 26.863893992713656 ], [ 75.773927277621794, 26.863893992713656 ], [ 75.774196772962739, 26.863893992713656 ], [ 75.774466267404364, 26.863893992713656 ] ] ] } },
{ "type": "Feature", "properties": { "OBJECTID": 833.0, "LAYER": "Stream", "STREAM_ID": 5946, "IN_FLOW": 1639.0, "OUT_FLOW": 1857.0, "DRAIN_AREA": "1.49 sq km", "STRAHLER": 2, "Shape_Leng": 0.0069335356962099996 }, "geometry": { "type": "MultiLineString", "coordinates": [ [ [ 75.792522404885119, 26.865241465821043 ], [ 75.792252909544175, 26.864971971379418 ], [ 75.791983415102607, 26.864971971379418 ], [ 75.791713920660982, 26.864702476937794 ], [ 75.790635941995163, 26.863624498272031 ], [ 75.787940996679708, 26.863624498272031 ], [ 75.787671502238084, 26.863355003830407 ], [ 75.787402006897139, 26.863355003830407 ], [ 75.787132512455514, 26.863624498272031 ], [ 75.786863018013946, 26.863624498272031 ], [ 75.786593523572321, 26.863893992713656 ] ] ] } },
{ "type": "Feature", "properties": { "OBJECTID": 834.0, "LAYER": "Stream", "STREAM_ID": 5947, "IN_FLOW": 200.0, "OUT_FLOW": 246.0, "DRAIN_AREA": "0.1974 sq km", "STRAHLER": 1, "Shape_Leng": 0.0023329747380499998 }, "geometry": { "type": "MultiLineString", "coordinates": [ [ [ 75.794408866875756, 26.865241465821043 ], [ 75.793869877093186, 26.864702476937794 ], [ 75.793600382651618, 26.864702476937794 ], [ 75.793061393768369, 26.864702476937794 ], [ 75.792791899326744, 26.864971971379418 ], [ 75.792522404885119, 26.865241465821043 ] ] ] } },
{ "type": "Feature", "properties": { "OBJECTID": 835.0, "LAYER": "Stream", "STREAM_ID": 5948, "IN_FLOW": 207.0, "OUT_FLOW": 375.0, "DRAIN_AREA": "0.3009 sq km", "STRAHLER": 1, "Shape_Leng": 0.0030298307094999998 }, "geometry": { "type": "MultiLineString", "coordinates": [ [ [ 75.854236664390612, 26.864702476937794 ], [ 75.854506158832237, 26.864971971379418 ], [ 75.854775653273862, 26.864971971379418 ], [ 75.855045148614749, 26.865241465821043 ], [ 75.855314643056374, 26.865241465821043 ], [ 75.855584137497999, 26.864971971379418 ], [ 75.856662116163761, 26.864971971379418 ], [ 75.856931610605386, 26.864971971379418 ] ] ] } },
{ "type": "Feature", "properties": { "OBJECTID": 836.0, "LAYER": "Stream", "STREAM_ID": 5956, "IN_FLOW": 925.0, "OUT_FLOW": 1351.0, "DRAIN_AREA": "1.084 sq km", "STRAHLER": 2, "Shape_Leng": 0.0089316259395500006 }, "geometry": { "type": "MultiLineString", "coordinates": [ [ [ 75.856931610605386, 26.864971971379418 ], [ 75.857201105047011, 26.864702476937794 ], [ 75.857201105047011, 26.864163487155281 ], [ 75.857201105047011, 26.863624498272031 ], [ 75.857740093930261, 26.863085509388782 ], [ 75.858009588371885, 26.862816014047837 ], [ 75.858009588371885, 26.862007530723019 ], [ 75.858009588371885, 26.86146854183977 ], [ 75.857740093930261, 26.861199046498825 ], [ 75.857740093930261, 26.860929552057257 ], [ 75.858009588371885, 26.860660057615632 ], [ 75.858009588371885, 26.860390563174008 ], [ 75.858279082813453, 26.860121068732383 ], [ 75.858279082813453, 26.859312584508245 ], [ 75.858548578154398, 26.859043090066621 ], [ 75.858818072596023, 26.858773595624996 ], [ 75.86016554570341, 26.858773595624996 ], [ 75.860435040145035, 26.858504101183371 ] ] ] } },
{ "type": "Feature", "properties": { "OBJECTID": 837.0, "LAYER": "Stream", "STREAM_ID": 5957, "IN_FLOW": 923.0, "OUT_FLOW": 1018.0, "DRAIN_AREA": "0.817 sq km", "STRAHLER": 2, "Shape_Leng": 0.0021097182326400002 }, "geometry": { "type": "MultiLineString", "coordinates": [ [ [ 75.906788108384546, 26.864971971379418 ], [ 75.906249119501297, 26.864432981596849 ], [ 75.906249119501297, 26.863085509388782 ] ] ] } },
{ "type": "Feature", "properties": { "OBJECTID": 838.0, "LAYER": "Stream", "STREAM_ID": 5959, "IN_FLOW": 230.0, "OUT_FLOW": 307.0, "DRAIN_AREA": "0.2464 sq km", "STRAHLER": 1, "Shape_Leng": 0.0040615711756200002 }, "geometry": { "type": "MultiLineString", "coordinates": [ [ [ 75.727843703823908, 26.864702476937794 ], [ 75.728113198265532, 26.864432981596849 ], [ 75.728652188048102, 26.863893992713656 ], [ 75.728921682489727, 26.863893992713656 ], [ 75.729191176931351, 26.864163487155281 ], [ 75.730808144480363, 26.864163487155281 ], [ 75.731077638921931, 26.864432981596849 ], [ 75.731347133363556, 26.864432981596849 ] ] ] } },
{ "type": "Feature", "properties": { "OBJECTID": 839.0, "LAYER": "Stream", "STREAM_ID": 5960, "IN_FLOW": 4078.0, "OUT_FLOW": 4420.0, "DRAIN_AREA": "3.547 sq km", "STRAHLER": 3, "Shape_Leng": 0.0092856637138900005 }, "geometry": { "type": "MultiLineString", "coordinates": [ [ [ 75.781742620925286, 26.864702476937794 ], [ 75.781742620925286, 26.864432981596849 ], [ 75.781473126483661, 26.864163487155281 ], [ 75.780664642259467, 26.863355003830407 ], [ 75.780125653376274, 26.862816014047837 ], [ 75.779856158934649, 26.862816014047837 ], [ 75.778778180268887, 26.861738036281395 ], [ 75.778508685827262, 26.861738036281395 ], [ 75.777969696944012, 26.862277025164644 ], [ 75.777700202502388, 26.862277025164644 ], [ 75.77689171827825, 26.862277025164644 ], [ 75.776622223836625, 26.862007530723019 ], [ 75.776352729395001, 26.862007530723019 ], [ 75.776083234953376, 26.861738036281395 ], [ 75.775813740511751, 26.86146854183977 ], [ 75.775813740511751, 26.861199046498825 ], [ 75.775005256287614, 26.860390563174008 ] ] ] } },
{ "type": "Feature", "properties": { "OBJECTID": 840.0, "LAYER": "Stream", "STREAM_ID": 5961, "IN_FLOW": 201.0, "OUT_FLOW": 216.0, "DRAIN_AREA": "0.1733 sq km", "STRAHLER": 1, "Shape_Leng": 0.0016823585013899999 }, "geometry": { "type": "MultiLineString", "coordinates": [ [ [ 75.787940996679708, 26.864702476937794 ], [ 75.787671502238084, 26.864432981596849 ], [ 75.787402006897139, 26.864432981596849 ], [ 75.786863018013946, 26.863893992713656 ], [ 75.786593523572321, 26.863893992713656 ] ] ] } },
{ "type": "Feature", "properties": { "OBJECTID": 841.0, "LAYER": "Stream", "STREAM_ID": 5962, "IN_FLOW": 3494.0, "OUT_FLOW": 3609.0, "DRAIN_AREA": "2.896 sq km", "STRAHLER": 2, "Shape_Leng": 0.0025562327786699999 }, "geometry": { "type": "MultiLineString", "coordinates": [ [ [ 75.837258505575619, 26.864702476937794 ], [ 75.837258505575619, 26.864432981596849 ], [ 75.835641538026607, 26.862816014047837 ] ] ] } },
{ "type": "Feature", "properties": { "OBJECTID": 842.0, "LAYER": "Stream", "STREAM_ID": 5968, "IN_FLOW": 4926.0, "OUT_FLOW": 4959.0, "DRAIN_AREA": "3.979 sq km", "STRAHLER": 3, "Shape_Leng": 0.0031414589622099998 }, "geometry": { "type": "MultiLineString", "coordinates": [ [ [ 75.731347133363556, 26.864432981596849 ], [ 75.731886123146126, 26.863893992713656 ], [ 75.73215561758775, 26.863624498272031 ], [ 75.73215561758775, 26.863355003830407 ], [ 75.732425112029375, 26.863085509388782 ], [ 75.732425112029375, 26.861738036281395 ] ] ] } },
{ "type": "Feature", "properties": { "OBJECTID": 843.0, "LAYER": "Stream", "STREAM_ID": 5969, "IN_FLOW": 4510.0, "OUT_FLOW": 4777.0, "DRAIN_AREA": "3.833 sq km", "STRAHLER": 2, "Shape_Leng": 0.00736089632679 }, "geometry": { "type": "MultiLineString", "coordinates": [ [ [ 75.738623487783798, 26.864432981596849 ], [ 75.738353992442853, 26.864163487155281 ], [ 75.738353992442853, 26.863893992713656 ], [ 75.738084498001228, 26.863624498272031 ], [ 75.738084498001228, 26.862546519606269 ], [ 75.738084498001228, 26.862277025164644 ], [ 75.738084498001228, 26.862007530723019 ], [ 75.738084498001228, 26.86146854183977 ], [ 75.739431971108615, 26.860121068732383 ], [ 75.739431971108615, 26.858504101183371 ], [ 75.73970146555024, 26.858234606741746 ], [ 75.73970146555024, 26.857965112300121 ] ] ] } },
{ "type": "Feature", "properties": { "OBJECTID": 844.0, "LAYER": "Stream", "STREAM_ID": 5970, "IN_FLOW": 276.0, "OUT_FLOW": 277.0, "DRAIN_AREA": "0.2223 sq km", "STRAHLER": 1, "Shape_Leng": 0.00076224538858000004 }, "geometry": { "type": "MultiLineString", "coordinates": [ [ [ 75.775544245170806, 26.864432981596849 ], [ 75.775274750729238, 26.864163487155281 ], [ 75.775005256287614, 26.863893992713656 ] ] ] } },
{ "type": "Feature", "properties": { "OBJECTID": 845.0, "LAYER": "Stream", "STREAM_ID": 5971, "IN_FLOW": 270.0, "OUT_FLOW": 714.0, "DRAIN_AREA": "0.573 sq km", "STRAHLER": 1, "Shape_Leng": 0.0123617314603 }, "geometry": { "type": "MultiLineString", "coordinates": [ [ [ 75.863668975243058, 26.864432981596849 ], [ 75.863938469684683, 26.864163487155281 ], [ 75.864207964126308, 26.864163487155281 ], [ 75.864477458567933, 26.864163487155281 ], [ 75.865016447451126, 26.864163487155281 ], [ 75.86528594279207, 26.863893992713656 ], [ 75.866094426116945, 26.863893992713656 ], [ 75.86636392055857, 26.863624498272031 ], [ 75.86636392055857, 26.863355003830407 ], [ 75.866094426116945, 26.863085509388782 ], [ 75.866902910341082, 26.862277025164644 ], [ 75.867711393665957, 26.86146854183977 ], [ 75.867711393665957, 26.861199046498825 ], [ 75.868250382549149, 26.860660057615632 ], [ 75.870136844539786, 26.860660057615632 ], [ 75.870406339880731, 26.860929552057257 ], [ 75.871214823205605, 26.861738036281395 ], [ 75.872023307429743, 26.861738036281395 ], [ 75.872831790754617, 26.862546519606269 ] ] ] } },
{ "type": "Feature", "properties": { "OBJECTID": 846.0, "LAYER": "Stream", "STREAM_ID": 5972, "IN_FLOW": 5557.0, "OUT_FLOW": 6195.0, "DRAIN_AREA": "4.971 sq km", "STRAHLER": 3, "Shape_Leng": 0.00135605578107 }, "geometry": { "type": "MultiLineString", "coordinates": [ [ [ 75.906249119501297, 26.863085509388782 ], [ 75.906788108384546, 26.862546519606269 ], [ 75.907381918141084, 26.862546519606269 ] ] ] } },
{ "type": "Feature", "properties": { "OBJECTID": 847.0, "LAYER": "Stream", "STREAM_ID": 5979, "IN_FLOW": 200.0, "OUT_FLOW": 634.0, "DRAIN_AREA": "0.509 sq km", "STRAHLER": 1, "Shape_Leng": 0.0079652755265099996 }, "geometry": { "type": "MultiLineString", "coordinates": [ [ [ 75.743204895089889, 26.864163487155281 ], [ 75.743204895089889, 26.863355003830407 ], [ 75.743204895089889, 26.861738036281395 ], [ 75.742665906206639, 26.861199046498825 ], [ 75.742126917323446, 26.861199046498825 ], [ 75.740779444216059, 26.859851574290758 ], [ 75.740779444216059, 26.859043090066621 ], [ 75.73970146555024, 26.857965112300121 ] ] ] } },
{ "type": "Feature", "properties": { "OBJECTID": 848.0, "LAYER": "Stream", "STREAM_ID": 5980, "IN_FLOW": 203.0, "OUT_FLOW": 343.0, "DRAIN_AREA": "0.2753 sq km", "STRAHLER": 1, "Shape_Leng": 0.0050470734421899999 }, "geometry": { "type": "MultiLineString", "coordinates": [ [ [ 75.786324029130697, 26.860390563174008 ], [ 75.785785040247447, 26.860929552057257 ], [ 75.785785040247447, 26.861199046498825 ], [ 75.785515544906502, 26.86146854183977 ], [ 75.785515544906502, 26.861738036281395 ], [ 75.785515544906502, 26.862277025164644 ], [ 75.78389857735749, 26.863893992713656 ], [ 75.78389857735749, 26.864432981596849 ] ] ] } },
{ "type": "Feature", "properties": { "OBJECTID": 849.0, "LAYER": "Stream", "STREAM_ID": 5981, "IN_FLOW": 2078.0, "OUT_FLOW": 2190.0, "DRAIN_AREA": "1.757 sq km", "STRAHLER": 2, "Shape_Leng": 0.0029182024568000001 }, "geometry": { "type": "MultiLineString", "coordinates": [ [ [ 75.786593523572321, 26.863893992713656 ], [ 75.786324029130697, 26.864163487155281 ], [ 75.786054534689072, 26.864163487155281 ], [ 75.785515544906502, 26.864163487155281 ], [ 75.785246050464934, 26.864163487155281 ], [ 75.784168072698435, 26.864163487155281 ], [ 75.78389857735749, 26.864432981596849 ] ] ] } },
{ "type": "Feature", "properties": { "OBJECTID": 850.0, "LAYER": "Stream", "STREAM_ID": 5985, "IN_FLOW": 136770.0, "OUT_FLOW": 136770.0, "DRAIN_AREA": "109.76 sq km", "STRAHLER": 5, "Shape_Leng": 0.00038112269432999998 }, "geometry": { "type": "MultiLineString", "coordinates": [ [ [ 75.774466267404364, 26.863893992713656 ], [ 75.774735761845989, 26.863624498272031 ] ] ] } },
{ "type": "Feature", "properties": { "OBJECTID": 851.0, "LAYER": "Stream", "STREAM_ID": 5986, "IN_FLOW": 6817.0, "OUT_FLOW": 6817.0, "DRAIN_AREA": "5.47 sq km", "STRAHLER": 3, "Shape_Leng": 0.00038112269432999998 }, "geometry": { "type": "MultiLineString", "coordinates": [ [ [ 75.775005256287614, 26.863893992713656 ], [ 75.774735761845989, 26.863624498272031 ] ] ] } },
{ "type": "Feature", "properties": { "OBJECTID": 852.0, "LAYER": "Stream", "STREAM_ID": 5987, "IN_FLOW": 200.0, "OUT_FLOW": 215.0, "DRAIN_AREA": "0.1725 sq km", "STRAHLER": 1, "Shape_Leng": 0.00130123517117 }, "geometry": { "type": "MultiLineString", "coordinates": [ [ [ 75.844534859096541, 26.863893992713656 ], [ 75.845073848879053, 26.863893992713656 ], [ 75.845612837762303, 26.863355003830407 ] ] ] } },
{ "type": "Feature", "properties": { "OBJECTID": 853.0, "LAYER": "Stream", "STREAM_ID": 5994, "IN_FLOW": 143593.0, "OUT_FLOW": 143673.0, "DRAIN_AREA": "115.29 sq km", "STRAHLER": 5, "Shape_Leng": 0.0035688195927399999 }, "geometry": { "type": "MultiLineString", "coordinates": [ [ [ 75.774735761845989, 26.863624498272031 ], [ 75.775274750729238, 26.863085509388782 ], [ 75.775005256287614, 26.862816014047837 ], [ 75.775005256287614, 26.862007530723019 ], [ 75.775005256287614, 26.860390563174008 ] ] ] } },
{ "type": "Feature", "properties": { "OBJECTID": 854.0, "LAYER": "Stream", "STREAM_ID": 5996, "IN_FLOW": 205.0, "OUT_FLOW": 219.0, "DRAIN_AREA": "0.1757 sq km", "STRAHLER": 1, "Shape_Leng": 0.0014128640598100001 }, "geometry": { "type": "MultiLineString", "coordinates": [ [ [ 75.723801285401066, 26.863355003830407 ], [ 75.723531790959441, 26.863085509388782 ], [ 75.723531790959441, 26.862816014047837 ], [ 75.722992801176872, 26.862277025164644 ] ] ] } },
{ "type": "Feature", "properties": { "OBJECTID": 855.0, "LAYER": "Stream", "STREAM_ID": 5997, "IN_FLOW": 263.0, "OUT_FLOW": 420.0, "DRAIN_AREA": "0.337 sq km", "STRAHLER": 1, "Shape_Leng": 0.0048238163009400002 }, "geometry": { "type": "MultiLineString", "coordinates": [ [ [ 75.824861754966093, 26.863355003830407 ], [ 75.824592260524469, 26.863355003830407 ], [ 75.824053270741899, 26.862816014047837 ], [ 75.824053270741899, 26.862546519606269 ], [ 75.823783776300274, 26.862277025164644 ], [ 75.823783776300274, 26.861738036281395 ], [ 75.82351428185865, 26.86146854183977 ], [ 75.823783776300274, 26.861199046498825 ], [ 75.823783776300274, 26.860929552057257 ], [ 75.824053270741899, 26.860660057615632 ], [ 75.824322765183524, 26.860390563174008 ], [ 75.824322765183524, 26.860121068732383 ], [ 75.824322765183524, 26.859582079849133 ] ] ] } },
{ "type": "Feature", "properties": { "OBJECTID": 856.0, "LAYER": "Stream", "STREAM_ID": 5998, "IN_FLOW": 1761.0, "OUT_FLOW": 2464.0, "DRAIN_AREA": "1.977 sq km", "STRAHLER": 2, "Shape_Leng": 0.011060497451799999 }, "geometry": { "type": "MultiLineString", "coordinates": [ [ [ 75.845612837762303, 26.863355003830407 ], [ 75.845073848879053, 26.862816014047837 ], [ 75.845073848879053, 26.862277025164644 ], [ 75.844804353538166, 26.862007530723019 ], [ 75.844804353538166, 26.86146854183977 ], [ 75.844534859096541, 26.861199046498825 ], [ 75.844534859096541, 26.860660057615632 ], [ 75.844265364654916, 26.860390563174008 ], [ 75.843456881330042, 26.859582079849133 ], [ 75.843456881330042, 26.859312584508245 ], [ 75.843187386888474, 26.859043090066621 ], [ 75.842917891547529, 26.859043090066621 ], [ 75.842648397105904, 26.858773595624996 ], [ 75.842378902664279, 26.858773595624996 ], [ 75.841570419339462, 26.857965112300121 ], [ 75.841300923998517, 26.857965112300121 ], [ 75.841031429556892, 26.857695616959234 ], [ 75.840761935115268, 26.857426122517609 ], [ 75.840761935115268, 26.857156628075984 ], [ 75.840492440673643, 26.856887133634359 ], [ 75.838875473124631, 26.856887133634359 ], [ 75.838605978683006, 26.856617639192734 ] ] ] } },
{ "type": "Feature", "properties": { "OBJECTID": 857.0, "LAYER": "Stream", "STREAM_ID": 6003, "IN_FLOW": 233.0, "OUT_FLOW": 591.0, "DRAIN_AREA": "0.4743 sq km", "STRAHLER": 1, "Shape_Leng": 0.0048700547638699998 }, "geometry": { "type": "MultiLineString", "coordinates": [ [ [ 75.892774390226009, 26.863085509388782 ], [ 75.893043884667577, 26.862816014047837 ], [ 75.893043884667577, 26.862546519606269 ], [ 75.893582873550827, 26.862007530723019 ], [ 75.893852368891771, 26.862007530723019 ], [ 75.894121863333396, 26.861738036281395 ], [ 75.896547314207226, 26.861738036281395 ], [ 75.89681680864885, 26.862007530723019 ] ] ] } },
{ "type": "Feature", "properties": { "OBJECTID": 858.0, "LAYER": "Stream", "STREAM_ID": 6004, "IN_FLOW": 4181.0, "OUT_FLOW": 4532.0, "DRAIN_AREA": "3.637 sq km", "STRAHLER": 3, "Shape_Leng": 0.0067102800901199999 }, "geometry": { "type": "MultiLineString", "coordinates": [ [ [ 75.900320238188499, 26.861199046498825 ], [ 75.900589733529443, 26.861199046498825 ], [ 75.901128722412693, 26.861738036281395 ], [ 75.901667711295886, 26.861738036281395 ], [ 75.901937205737511, 26.862007530723019 ], [ 75.902206701078455, 26.862007530723019 ], [ 75.90247619552008, 26.862007530723019 ], [ 75.904632151952285, 26.862007530723019 ], [ 75.905710130618104, 26.863085509388782 ], [ 75.906249119501297, 26.863085509388782 ] ] ] } },
{ "type": "Feature", "properties": { "OBJECTID": 859.0, "LAYER": "Stream", "STREAM_ID": 6006, "IN_FLOW": 203.0, "OUT_FLOW": 295.0, "DRAIN_AREA": "0.2367 sq km", "STRAHLER": 1, "Shape_Leng": 0.00372668604494 }, "geometry": { "type": "MultiLineString", "coordinates": [ [ [ 75.719219877195655, 26.862816014047837 ], [ 75.719489371637223, 26.862546519606269 ], [ 75.719758866078848, 26.862546519606269 ], [ 75.722184317852054, 26.862546519606269 ], [ 75.722453812293679, 26.862816014047837 ], [ 75.722723306735247, 26.862816014047837 ] ] ] } },
{ "type": "Feature", "properties": { "OBJECTID": 860.0, "LAYER": "Stream", "STREAM_ID": 6007, "IN_FLOW": 2474.0, "OUT_FLOW": 2477.0, "DRAIN_AREA": "1.988 sq km", "STRAHLER": 2, "Shape_Leng": 0.00065061713591499999 }, "geometry": { "type": "MultiLineString", "coordinates": [ [ [ 75.722723306735247, 26.862816014047837 ], [ 75.722992801176872, 26.862546519606269 ], [ 75.722992801176872, 26.862277025164644 ] ] ] } },
{ "type": "Feature", "properties": { "OBJECTID": 861.0, "LAYER": "Stream", "STREAM_ID": 6008, "IN_FLOW": 203.0, "OUT_FLOW": 206.0, "DRAIN_AREA": "0.1653 sq km", "STRAHLER": 1, "Shape_Leng": 0.00076224602453499996 }, "geometry": { "type": "MultiLineString", "coordinates": [ [ [ 75.746977819970482, 26.862816014047837 ], [ 75.746438830187913, 26.862277025164644 ] ] ] } },
{ "type": "Feature", "properties": { "OBJECTID": 862.0, "LAYER": "Stream", "STREAM_ID": 6009, "IN_FLOW": 3970.0, "OUT_FLOW": 4471.0, "DRAIN_AREA": "3.588 sq km", "STRAHLER": 2, "Shape_Leng": 0.0093781377877200003 }, "geometry": { "type": "MultiLineString", "coordinates": [ [ [ 75.835641538026607, 26.862816014047837 ], [ 75.835102549143357, 26.862277025164644 ], [ 75.833485581594346, 26.860660057615632 ], [ 75.833485581594346, 26.859582079849133 ], [ 75.83429406491922, 26.858773595624996 ], [ 75.83429406491922, 26.858504101183371 ], [ 75.834563559360845, 26.858234606741746 ], [ 75.834563559360845, 26.857965112300121 ], [ 75.834024570477595, 26.857426122517609 ], [ 75.834024570477595, 26.856887133634359 ], [ 75.834024570477595, 26.856617639192734 ], [ 75.834024570477595, 26.855270166085347 ], [ 75.834024570477595, 26.855000671643722 ] ] ] } },
{ "type": "Feature", "properties": { "OBJECTID": 863.0, "LAYER": "Stream", "STREAM_ID": 6010, "IN_FLOW": 1935.0, "OUT_FLOW": 2231.0, "DRAIN_AREA": "1.79 sq km", "STRAHLER": 2, "Shape_Leng": 0.0089507780563700002 }, "geometry": { "type": "MultiLineString", "coordinates": [ [ [ 75.872831790754617, 26.862546519606269 ], [ 75.873101285196185, 26.862546519606269 ], [ 75.87337077963781, 26.862816014047837 ], [ 75.874179263862004, 26.862816014047837 ], [ 75.874448758303629, 26.862546519606269 ], [ 75.875526736969391, 26.86146854183977 ], [ 75.875796231411016, 26.86146854183977 ], [ 75.876335220294266, 26.860929552057257 ], [ 75.876335220294266, 26.860660057615632 ], [ 75.876604714735834, 26.860390563174008 ], [ 75.877143704518403, 26.860390563174008 ], [ 75.87849117672647, 26.859043090066621 ], [ 75.87849117672647, 26.857965112300121 ], [ 75.878221682284845, 26.857695616959234 ] ] ] } },
{ "type": "Feature", "properties": { "OBJECTID": 864.0, "LAYER": "Stream", "STREAM_ID": 6016, "IN_FLOW": 222.0, "OUT_FLOW": 584.0, "DRAIN_AREA": "0.4686 sq km", "STRAHLER": 1, "Shape_Leng": 0.0122038646354 }, "geometry": { "type": "MultiLineString", "coordinates": [ [ [ 75.800337747289291, 26.862546519606269 ], [ 75.800068252847666, 26.862277025164644 ], [ 75.800068252847666, 26.861738036281395 ], [ 75.799798758406041, 26.86146854183977 ], [ 75.800068252847666, 26.861199046498825 ], [ 75.800607241730859, 26.860660057615632 ], [ 75.800607241730859, 26.860390563174008 ], [ 75.800607241730859, 26.860121068732383 ], [ 75.800607241730859, 26.859851574290758 ], [ 75.800337747289291, 26.859582079849133 ], [ 75.800337747289291, 26.858504101183371 ], [ 75.799529263964416, 26.857695616959234 ], [ 75.799529263964416, 26.857426122517609 ], [ 75.797912296415404, 26.855809154968597 ], [ 75.797912296415404, 26.855539660526972 ], [ 75.798720779740222, 26.854731177202098 ], [ 75.798720779740222, 26.854461681861153 ], [ 75.798451285298654, 26.854192187419585 ], [ 75.798181790857029, 26.854192187419585 ], [ 75.797912296415404, 26.85392269297796 ], [ 75.796834317749642, 26.85392269297796 ] ] ] } },
{ "type": "Feature", "properties": { "OBJECTID": 865.0, "LAYER": "Stream", "STREAM_ID": 6020, "IN_FLOW": 2699.0, "OUT_FLOW": 3056.0, "DRAIN_AREA": "2.452 sq km", "STRAHLER": 2, "Shape_Leng": 0.0119343717291 }, "geometry": { "type": "MultiLineString", "coordinates": [ [ [ 75.722992801176872, 26.862277025164644 ], [ 75.722992801176872, 26.862007530723019 ], [ 75.723262295618497, 26.861738036281395 ], [ 75.723262295618497, 26.860929552057257 ], [ 75.723531790959441, 26.860660057615632 ], [ 75.725148758508453, 26.859043090066621 ], [ 75.725148758508453, 26.858773595624996 ], [ 75.725957241833328, 26.857965112300121 ], [ 75.725957241833328, 26.857695616959234 ], [ 75.726226736274896, 26.857426122517609 ], [ 75.726496230716521, 26.857156628075984 ], [ 75.726496230716521, 26.856887133634359 ], [ 75.726765726057465, 26.856617639192734 ], [ 75.72703522049909, 26.856348144751109 ], [ 75.727304714940715, 26.856348144751109 ], [ 75.728113198265532, 26.855539660526972 ], [ 75.730269155597114, 26.855539660526972 ], [ 75.730808144480363, 26.855000671643722 ] ] ] } },
{ "type": "Feature", "properties": { "OBJECTID": 866.0, "LAYER": "Stream", "STREAM_ID": 6021, "IN_FLOW": 2307.0, "OUT_FLOW": 3319.0, "DRAIN_AREA": "2.663 sq km", "STRAHLER": 2, "Shape_Leng": 0.0168506640566 }, "geometry": { "type": "MultiLineString", "coordinates": [ [ [ 75.746438830187913, 26.862277025164644 ], [ 75.745630346863095, 26.86146854183977 ], [ 75.745630346863095, 26.861199046498825 ], [ 75.746169335746288, 26.860660057615632 ], [ 75.745630346863095, 26.860121068732383 ], [ 75.74536085242147, 26.859851574290758 ], [ 75.74536085242147, 26.859582079849133 ], [ 75.74536085242147, 26.858773595624996 ], [ 75.74536085242147, 26.858504101183371 ], [ 75.745899841304663, 26.857965112300121 ], [ 75.745899841304663, 26.857695616959234 ], [ 75.746438830187913, 26.857156628075984 ], [ 75.746438830187913, 26.856617639192734 ], [ 75.745899841304663, 26.856078649410165 ], [ 75.744821862638901, 26.856078649410165 ], [ 75.744282873755651, 26.855539660526972 ], [ 75.743474389531514, 26.855539660526972 ], [ 75.743204895089889, 26.855809154968597 ], [ 75.742665906206639, 26.855809154968597 ], [ 75.742126917323446, 26.855809154968597 ], [ 75.740779444216059, 26.854461681861153 ], [ 75.738084498001228, 26.854461681861153 ], [ 75.737815003559604, 26.854731177202098 ] ] ] } },
{ "type": "Feature", "properties": { "OBJECTID": 867.0, "LAYER": "Stream", "STREAM_ID": 6022, "IN_FLOW": 200.0, "OUT_FLOW": 264.0, "DRAIN_AREA": "0.2119 sq km", "STRAHLER": 1, "Shape_Leng": 0.00352258229244 }, "geometry": { "type": "MultiLineString", "coordinates": [ [ [ 75.753715184608154, 26.862277025164644 ], [ 75.753176194825585, 26.862277025164644 ], [ 75.75290670038396, 26.862007530723019 ], [ 75.752367711500767, 26.862007530723019 ], [ 75.751559227276573, 26.861199046498825 ], [ 75.751559227276573, 26.860660057615632 ], [ 75.751289732834948, 26.860390563174008 ] ] ] } },
{ "type": "Feature", "properties": { "OBJECTID": 868.0, "LAYER": "Stream", "STREAM_ID": 6023, "IN_FLOW": 248.0, "OUT_FLOW": 490.0, "DRAIN_AREA": "0.3932 sq km", "STRAHLER": 1, "Shape_Leng": 0.0058555570304800004 }, "geometry": { "type": "MultiLineString", "coordinates": [ [ [ 75.8078835961511, 26.862277025164644 ], [ 75.807614100810156, 26.862007530723019 ], [ 75.807614100810156, 26.861738036281395 ], [ 75.807075111926906, 26.861199046498825 ], [ 75.807075111926906, 26.860660057615632 ], [ 75.807344606368531, 26.860390563174008 ], [ 75.807344606368531, 26.859851574290758 ], [ 75.806536123043713, 26.859043090066621 ], [ 75.805458144377894, 26.859043090066621 ], [ 75.805188649936326, 26.858773595624996 ], [ 75.804919155494701, 26.858504101183371 ] ] ] } },
{ "type": "Feature", "properties": { "OBJECTID": 869.0, "LAYER": "Stream", "STREAM_ID": 6024, "IN_FLOW": 983.0, "OUT_FLOW": 1133.0, "DRAIN_AREA": "0.909 sq km", "STRAHLER": 2, "Shape_Leng": 0.0042848276810300004 }, "geometry": { "type": "MultiLineString", "coordinates": [ [ [ 75.89681680864885, 26.862007530723019 ], [ 75.897086303090475, 26.862277025164644 ], [ 75.897625292873045, 26.862277025164644 ], [ 75.897894787314613, 26.862007530723019 ], [ 75.898164281756237, 26.862007530723019 ], [ 75.899242260422056, 26.860929552057257 ], [ 75.900050743746874, 26.860929552057257 ], [ 75.900320238188499, 26.861199046498825 ] ] ] } },
{ "type": "Feature", "properties": { "OBJECTID": 870.0, "LAYER": "Stream", "STREAM_ID": 6034, "IN_FLOW": 5647.0, "OUT_FLOW": 5805.0, "DRAIN_AREA": "4.658 sq km", "STRAHLER": 3, "Shape_Leng": 0.00513954984146 }, "geometry": { "type": "MultiLineString", "coordinates": [ [ [ 75.732425112029375, 26.861738036281395 ], [ 75.732425112029375, 26.861199046498825 ], [ 75.732425112029375, 26.860929552057257 ], [ 75.732425112029375, 26.859582079849133 ], [ 75.731347133363556, 26.858504101183371 ], [ 75.731347133363556, 26.858234606741746 ], [ 75.731077638921931, 26.857965112300121 ], [ 75.731077638921931, 26.857156628075984 ] ] ] } },
{ "type": "Feature", "properties": { "OBJECTID": 871.0, "LAYER": "Stream", "STREAM_ID": 6035, "IN_FLOW": 287.0, "OUT_FLOW": 895.0, "DRAIN_AREA": "0.718 sq km", "STRAHLER": 1, "Shape_Leng": 0.0089778654109900005 }, "geometry": { "type": "MultiLineString", "coordinates": [ [ [ 75.762069515895519, 26.861738036281395 ], [ 75.762608505678031, 26.861199046498825 ], [ 75.763416989002906, 26.861199046498825 ], [ 75.764225473227043, 26.860390563174008 ], [ 75.764225473227043, 26.860121068732383 ], [ 75.764225473227043, 26.859851574290758 ], [ 75.764225473227043, 26.859312584508245 ], [ 75.763416989002906, 26.858504101183371 ], [ 75.763416989002906, 26.854461681861153 ] ] ] } },
{ "type": "Feature", "properties": { "OBJECTID": 872.0, "LAYER": "Stream", "STREAM_ID": 6036, "IN_FLOW": 222.0, "OUT_FLOW": 346.0, "DRAIN_AREA": "0.2777 sq km", "STRAHLER": 1, "Shape_Leng": 0.0037920760981099999 }, "geometry": { "type": "MultiLineString", "coordinates": [ [ [ 75.813003993239761, 26.861738036281395 ], [ 75.813273487681386, 26.86146854183977 ], [ 75.813812476564578, 26.86146854183977 ], [ 75.814081971006203, 26.861199046498825 ], [ 75.814351465447828, 26.860929552057257 ], [ 75.814351465447828, 26.860660057615632 ], [ 75.814351465447828, 26.859851574290758 ], [ 75.814081971006203, 26.859582079849133 ], [ 75.814081971006203, 26.859312584508245 ], [ 75.813812476564578, 26.859043090066621 ] ] ] } },
{ "type": "Feature", "properties": { "OBJECTID": 873.0, "LAYER": "Stream", "STREAM_ID": 6049, "IN_FLOW": 234.0, "OUT_FLOW": 468.0, "DRAIN_AREA": "0.3756 sq km", "STRAHLER": 1, "Shape_Leng": 0.0091740348252100003 }, "geometry": { "type": "MultiLineString", "coordinates": [ [ [ 75.79710381219121, 26.861199046498825 ], [ 75.797373306632835, 26.860929552057257 ], [ 75.797373306632835, 26.860660057615632 ], [ 75.798451285298654, 26.859582079849133 ], [ 75.798451285298654, 26.859312584508245 ], [ 75.798720779740222, 26.859043090066621 ], [ 75.798720779740222, 26.858773595624996 ], [ 75.798181790857029, 26.858234606741746 ], [ 75.798181790857029, 26.857965112300121 ], [ 75.798181790857029, 26.857426122517609 ], [ 75.796295328866393, 26.855539660526972 ], [ 75.796295328866393, 26.854461681861153 ], [ 75.796834317749642, 26.85392269297796 ] ] ] } },
{ "type": "Feature", "properties": { "OBJECTID": 874.0, "LAYER": "Stream", "STREAM_ID": 6061, "IN_FLOW": 730.0, "OUT_FLOW": 846.0, "DRAIN_AREA": "0.679 sq km", "STRAHLER": 2, "Shape_Leng": 0.0043310665166100002 }, "geometry": { "type": "MultiLineString", "coordinates": [ [ [ 75.751289732834948, 26.860390563174008 ], [ 75.751559227276573, 26.860121068732383 ], [ 75.751559227276573, 26.859312584508245 ], [ 75.752098217059142, 26.858773595624996 ], [ 75.752098217059142, 26.858504101183371 ], [ 75.752367711500767, 26.858234606741746 ], [ 75.752367711500767, 26.857965112300121 ], [ 75.752637205942335, 26.857695616959234 ], [ 75.753715184608154, 26.857695616959234 ] ] ] } },
{ "type": "Feature", "properties": { "OBJECTID": 875.0, "LAYER": "Stream", "STREAM_ID": 6062, "IN_FLOW": 148191.0, "OUT_FLOW": 148381.0, "DRAIN_AREA": "119.07 sq km", "STRAHLER": 5, "Shape_Leng": 0.00318769689838 }, "geometry": { "type": "MultiLineString", "coordinates": [ [ [ 75.775005256287614, 26.860390563174008 ], [ 75.775005256287614, 26.859582079849133 ], [ 75.775544245170806, 26.859043090066621 ], [ 75.775544245170806, 26.857426122517609 ] ] ] } },
{ "type": "Feature", "properties": { "OBJECTID": 876.0, "LAYER": "Stream", "STREAM_ID": 6063, "IN_FLOW": 282.0, "OUT_FLOW": 316.0, "DRAIN_AREA": "0.2536 sq km", "STRAHLER": 1, "Shape_Leng": 0.0022213464853500001 }, "geometry": { "type": "MultiLineString", "coordinates": [ [ [ 75.822436303192887, 26.860390563174008 ], [ 75.822705797634512, 26.860390563174008 ], [ 75.823244787417082, 26.859851574290758 ], [ 75.82351428185865, 26.859851574290758 ], [ 75.823783776300274, 26.859851574290758 ], [ 75.824053270741899, 26.859851574290758 ], [ 75.824322765183524, 26.859582079849133 ] ] ] } },
{ "type": "Feature", "properties": { "OBJECTID": 877.0, "LAYER": "Stream", "STREAM_ID": 6067, "IN_FLOW": 204.0, "OUT_FLOW": 298.0, "DRAIN_AREA": "0.2391 sq km", "STRAHLER": 1, "Shape_Leng": 0.00677566950732 }, "geometry": { "type": "MultiLineString", "coordinates": [ [ [ 75.830790635379572, 26.860121068732383 ], [ 75.831060129821196, 26.859851574290758 ], [ 75.831060129821196, 26.859582079849133 ], [ 75.831060129821196, 26.859312584508245 ], [ 75.831329625162141, 26.859043090066621 ], [ 75.831599119603766, 26.858773595624996 ], [ 75.831868614045334, 26.858504101183371 ], [ 75.832138108486959, 26.858504101183371 ], [ 75.832677097370208, 26.857965112300121 ], [ 75.832946591811833, 26.857965112300121 ], [ 75.833216087152778, 26.857695616959234 ], [ 75.833216087152778, 26.857426122517609 ], [ 75.833485581594346, 26.857156628075984 ], [ 75.833485581594346, 26.856348144751109 ], [ 75.833485581594346, 26.856078649410165 ], [ 75.833485581594346, 26.855539660526972 ], [ 75.83375507603597, 26.855270166085347 ], [ 75.834024570477595, 26.855000671643722 ] ] ] } },
{ "type": "Feature", "properties": { "OBJECTID": 878.0, "LAYER": "Stream", "STREAM_ID": 6068, "IN_FLOW": 12570.0, "OUT_FLOW": 12739.0, "DRAIN_AREA": "10.223 sq km", "STRAHLER": 3, "Shape_Leng": 0.0043964559337399999 }, "geometry": { "type": "MultiLineString", "coordinates": [ [ [ 75.882533596048688, 26.860121068732383 ], [ 75.882803090490313, 26.859851574290758 ], [ 75.882803090490313, 26.859582079849133 ], [ 75.882803090490313, 26.859312584508245 ], [ 75.883072584931881, 26.859043090066621 ], [ 75.884689552480893, 26.857426122517609 ], [ 75.884689552480893, 26.856617639192734 ] ] ] } },
{ "type": "Feature", "properties": { "OBJECTID": 879.0, "LAYER": "Stream", "STREAM_ID": 6078, "IN_FLOW": 766.0, "OUT_FLOW": 1287.0, "DRAIN_AREA": "1.033 sq km", "STRAHLER": 2, "Shape_Leng": 0.012946959814900001 }, "geometry": { "type": "MultiLineString", "coordinates": [ [ [ 75.824322765183524, 26.859582079849133 ], [ 75.824861754966093, 26.859043090066621 ], [ 75.825670238290911, 26.859043090066621 ], [ 75.825939732732536, 26.858773595624996 ], [ 75.826478722515105, 26.858773595624996 ], [ 75.82674821695673, 26.858773595624996 ], [ 75.827017711398298, 26.858773595624996 ], [ 75.827287205839923, 26.859043090066621 ], [ 75.828095690064117, 26.859043090066621 ], [ 75.828365184505742, 26.859043090066621 ], [ 75.829443162272185, 26.859043090066621 ], [ 75.830521140937947, 26.857965112300121 ], [ 75.830521140937947, 26.857695616959234 ], [ 75.830790635379572, 26.857426122517609 ], [ 75.831060129821196, 26.857426122517609 ], [ 75.832677097370208, 26.855809154968597 ], [ 75.832677097370208, 26.855000671643722 ], [ 75.832677097370208, 26.854192187419585 ], [ 75.833216087152778, 26.853653198536335 ], [ 75.833216087152778, 26.853383704094711 ] ] ] } },
{ "type": "Feature", "properties": { "OBJECTID": 880.0, "LAYER": "Stream", "STREAM_ID": 6086, "IN_FLOW": 322.0, "OUT_FLOW": 355.0, "DRAIN_AREA": "0.2849 sq km", "STRAHLER": 1, "Shape_Leng": 0.0025562318793600001 }, "geometry": { "type": "MultiLineString", "coordinates": [ [ [ 75.729460671372919, 26.859043090066621 ], [ 75.729730165814544, 26.858773595624996 ], [ 75.729730165814544, 26.858504101183371 ], [ 75.730269155597114, 26.857965112300121 ], [ 75.731077638921931, 26.857156628075984 ] ] ] } },
{ "type": "Feature", "properties": { "OBJECTID": 881.0, "LAYER": "Stream", "STREAM_ID": 6087, "IN_FLOW": 1096.0, "OUT_FLOW": 1515.0, "DRAIN_AREA": "1.216 sq km", "STRAHLER": 2, "Shape_Leng": 0.015680208991500001 }, "geometry": { "type": "MultiLineString", "coordinates": [ [ [ 75.813812476564578, 26.859043090066621 ], [ 75.813273487681386, 26.858504101183371 ], [ 75.813273487681386, 26.857426122517609 ], [ 75.813812476564578, 26.856887133634359 ], [ 75.81354298212301, 26.856617639192734 ], [ 75.81354298212301, 26.856348144751109 ], [ 75.81354298212301, 26.855809154968597 ], [ 75.813812476564578, 26.855539660526972 ], [ 75.813003993239761, 26.854731177202098 ], [ 75.812734497898816, 26.854461681861153 ], [ 75.812465003457191, 26.854461681861153 ], [ 75.812195509015567, 26.854192187419585 ], [ 75.812195509015567, 26.85392269297796 ], [ 75.812734497898816, 26.853383704094711 ], [ 75.812734497898816, 26.852844715211461 ], [ 75.814081971006203, 26.851497242104074 ], [ 75.814081971006203, 26.850688757879936 ], [ 75.814081971006203, 26.850149768996687 ], [ 75.814351465447828, 26.849880274555062 ], [ 75.815159949672022, 26.849071790330925 ], [ 75.815159949672022, 26.848532801447675 ], [ 75.814620960788773, 26.847993812564425 ], [ 75.814620960788773, 26.847724317223538 ], [ 75.815159949672022, 26.847185328340288 ], [ 75.815159949672022, 26.846915833898663 ], [ 75.81542944411359, 26.846646339457038 ] ] ] } },
{ "type": "Feature", "properties": { "OBJECTID": 882.0, "LAYER": "Stream", "STREAM_ID": 6093, "IN_FLOW": 205.0, "OUT_FLOW": 223.0, "DRAIN_AREA": "0.179 sq km", "STRAHLER": 1, "Shape_Leng": 0.0013012351711299999 }, "geometry": { "type": "MultiLineString", "coordinates": [ [ [ 75.754254173491347, 26.858773595624996 ], [ 75.753984679049779, 26.858504101183371 ], [ 75.753984679049779, 26.858234606741746 ], [ 75.753715184608154, 26.857965112300121 ], [ 75.753715184608154, 26.857695616959234 ] ] ] } },
{ "type": "Feature", "properties": { "OBJECTID": 883.0, "LAYER": "Stream", "STREAM_ID": 6094, "IN_FLOW": 204.0, "OUT_FLOW": 426.0, "DRAIN_AREA": "0.3419 sq km", "STRAHLER": 1, "Shape_Leng": 0.0048238172002400001 }, "geometry": { "type": "MultiLineString", "coordinates": [ [ [ 75.784168072698435, 26.858234606741746 ], [ 75.783629082915922, 26.858773595624996 ], [ 75.782820599591048, 26.858773595624996 ], [ 75.782551105149423, 26.858504101183371 ], [ 75.782281609808479, 26.858234606741746 ], [ 75.782012115366911, 26.857965112300121 ], [ 75.782012115366911, 26.857695616959234 ], [ 75.782012115366911, 26.856617639192734 ], [ 75.781473126483661, 26.856078649410165 ] ] ] } },
{ "type": "Feature", "properties": { "OBJECTID": 884.0, "LAYER": "Stream", "STREAM_ID": 6095, "IN_FLOW": 3240.0, "OUT_FLOW": 3749.0, "DRAIN_AREA": "3.008 sq km", "STRAHLER": 3, "Shape_Leng": 0.0175937568016 }, "geometry": { "type": "MultiLineString", "coordinates": [ [ [ 75.860435040145035, 26.858504101183371 ], [ 75.860974029028284, 26.858504101183371 ], [ 75.863129985460489, 26.858504101183371 ], [ 75.863399480801434, 26.858773595624996 ], [ 75.863668975243058, 26.858773595624996 ], [ 75.865016447451126, 26.857426122517609 ], [ 75.865555437233695, 26.857426122517609 ], [ 75.86582493167532, 26.857695616959234 ], [ 75.866094426116945, 26.857695616959234 ], [ 75.866902910341082, 26.857695616959234 ], [ 75.867711393665957, 26.856887133634359 ], [ 75.868250382549149, 26.856887133634359 ], [ 75.868519877890094, 26.856887133634359 ], [ 75.868789372331719, 26.856617639192734 ], [ 75.869058866773344, 26.856617639192734 ], [ 75.869597855656593, 26.856078649410165 ], [ 75.869867350098161, 26.856078649410165 ], [ 75.87094532876398, 26.856078649410165 ], [ 75.871484317647173, 26.855539660526972 ], [ 75.871753812088798, 26.855539660526972 ], [ 75.872023307429743, 26.855809154968597 ], [ 75.873101285196185, 26.855809154968597 ], [ 75.873640274978754, 26.855809154968597 ], [ 75.873909769420379, 26.855809154968597 ], [ 75.874718252745197, 26.856617639192734 ], [ 75.874718252745197, 26.857156628075984 ], [ 75.874987747186822, 26.857426122517609 ], [ 75.874987747186822, 26.857695616959234 ] ] ] } },
{ "type": "Feature", "properties": { "OBJECTID": 885.0, "LAYER": "Stream", "STREAM_ID": 6099, "IN_FLOW": 7074.0, "OUT_FLOW": 8415.0, "DRAIN_AREA": "6.753 sq km", "STRAHLER": 3, "Shape_Leng": 0.021562852740800002 }, "geometry": { "type": "MultiLineString", "coordinates": [ [ [ 75.804919155494701, 26.858504101183371 ], [ 75.804919155494701, 26.857965112300121 ], [ 75.804919155494701, 26.857695616959234 ], [ 75.804380166611452, 26.857156628075984 ], [ 75.804380166611452, 26.856887133634359 ], [ 75.804380166611452, 26.856617639192734 ], [ 75.804649661053077, 26.856348144751109 ], [ 75.804649661053077, 26.855809154968597 ], [ 75.803841176828882, 26.855000671643722 ], [ 75.803841176828882, 26.854461681861153 ], [ 75.804110671270507, 26.854192187419585 ], [ 75.804110671270507, 26.85392269297796 ], [ 75.804110671270507, 26.853653198536335 ], [ 75.803571682387314, 26.853114209653086 ], [ 75.802224209279871, 26.851766736545699 ], [ 75.801146231513428, 26.850688757879936 ], [ 75.801146231513428, 26.850419263438312 ], [ 75.800876736172484, 26.850149768996687 ], [ 75.800876736172484, 26.849880274555062 ], [ 75.800607241730859, 26.849610780113437 ], [ 75.800337747289291, 26.849610780113437 ], [ 75.799798758406041, 26.849071790330925 ], [ 75.799798758406041, 26.84826330700605 ], [ 75.799259768623472, 26.847724317223538 ], [ 75.798720779740222, 26.847724317223538 ], [ 75.798451285298654, 26.847454822781913 ], [ 75.797912296415404, 26.846915833898663 ], [ 75.797912296415404, 26.845837855232901 ], [ 75.797912296415404, 26.845568360791276 ], [ 75.797912296415404, 26.845298866349651 ], [ 75.797912296415404, 26.842873415475822 ], [ 75.797912296415404, 26.842603920134877 ], [ 75.798451285298654, 26.842064931251628 ], [ 75.798451285298654, 26.840986952585865 ] ] ] } },
{ "type": "Feature", "properties": { "OBJECTID": 886.0, "LAYER": "Stream", "STREAM_ID": 6100, "IN_FLOW": 210.0, "OUT_FLOW": 833.0, "DRAIN_AREA": "0.668 sq km", "STRAHLER": 1, "Shape_Leng": 0.0092665118603499994 }, "geometry": { "type": "MultiLineString", "coordinates": [ [ [ 75.849655256185201, 26.856617639192734 ], [ 75.849924751526146, 26.856887133634359 ], [ 75.849924751526146, 26.857156628075984 ], [ 75.850194245967714, 26.857426122517609 ], [ 75.850463740409339, 26.857695616959234 ], [ 75.850463740409339, 26.857965112300121 ], [ 75.850733234850964, 26.858234606741746 ], [ 75.851002729292588, 26.858504101183371 ], [ 75.851272223734213, 26.858504101183371 ], [ 75.851541718175838, 26.858234606741746 ], [ 75.852080707958351, 26.858234606741746 ], [ 75.852350202399975, 26.857965112300121 ], [ 75.8526196968416, 26.857965112300121 ], [ 75.853697675507362, 26.857965112300121 ], [ 75.854236664390612, 26.857426122517609 ], [ 75.854506158832237, 26.857426122517609 ], [ 75.854775653273862, 26.857426122517609 ], [ 75.855045148614749, 26.857426122517609 ], [ 75.855314643056374, 26.857695616959234 ], [ 75.855853631939624, 26.857156628075984 ], [ 75.856123126381249, 26.857156628075984 ], [ 75.856662116163761, 26.857156628075984 ], [ 75.856931610605386, 26.856887133634359 ] ] ] } },
{ "type": "Feature", "properties": { "OBJECTID": 887.0, "LAYER": "Stream", "STREAM_ID": 6108, "IN_FLOW": 1725.0, "OUT_FLOW": 1886.0, "DRAIN_AREA": "1.513 sq km", "STRAHLER": 2, "Shape_Leng": 0.0043310656172700001 }, "geometry": { "type": "MultiLineString", "coordinates": [ [ [ 75.856931610605386, 26.856887133634359 ], [ 75.857470599488636, 26.856887133634359 ], [ 75.857740093930261, 26.857156628075984 ], [ 75.858279082813453, 26.857156628075984 ], [ 75.858548578154398, 26.857426122517609 ], [ 75.858548578154398, 26.857695616959234 ], [ 75.859087567037648, 26.858234606741746 ], [ 75.86016554570341, 26.858234606741746 ], [ 75.860435040145035, 26.858504101183371 ] ] ] } },
{ "type": "Feature", "properties": { "OBJECTID": 888.0, "LAYER": "Stream", "STREAM_ID": 6109, "IN_FLOW": 223.0, "OUT_FLOW": 350.0, "DRAIN_AREA": "0.2809 sq km", "STRAHLER": 1, "Shape_Leng": 0.0036804487447399999 }, "geometry": { "type": "MultiLineString", "coordinates": [ [ [ 75.871753812088798, 26.858234606741746 ], [ 75.872023307429743, 26.858234606741746 ], [ 75.872562296312992, 26.858234606741746 ], [ 75.872831790754617, 26.857965112300121 ], [ 75.87337077963781, 26.857426122517609 ], [ 75.874179263862004, 26.857426122517609 ], [ 75.874448758303629, 26.857695616959234 ], [ 75.874718252745197, 26.857695616959234 ], [ 75.874987747186822, 26.857695616959234 ] ] ] } },
{ "type": "Feature", "properties": { "OBJECTID": 889.0, "LAYER": "Stream", "STREAM_ID": 6110, "IN_FLOW": 4104.0, "OUT_FLOW": 4198.0, "DRAIN_AREA": "3.369 sq km", "STRAHLER": 3, "Shape_Leng": 0.0036804491172100001 }, "geometry": { "type": "MultiLineString", "coordinates": [ [ [ 75.874987747186822, 26.857695616959234 ], [ 75.875257242527766, 26.857965112300121 ], [ 75.875526736969391, 26.857965112300121 ], [ 75.875796231411016, 26.858234606741746 ], [ 75.877682693401653, 26.858234606741746 ], [ 75.878221682284845, 26.857695616959234 ] ] ] } },
{ "type": "Feature", "properties": { "OBJECTID": 890.0, "LAYER": "Stream", "STREAM_ID": 6115, "IN_FLOW": 5414.0, "OUT_FLOW": 5435.0, "DRAIN_AREA": "4.361 sq km", "STRAHLER": 2, "Shape_Leng": 0.0010779786657599999 }, "geometry": { "type": "MultiLineString", "coordinates": [ [ [ 75.73970146555024, 26.857965112300121 ], [ 75.73970146555024, 26.857695616959234 ], [ 75.73970146555024, 26.856887133634359 ] ] ] } },
{ "type": "Feature", "properties": { "OBJECTID": 891.0, "LAYER": "Stream", "STREAM_ID": 6116, "IN_FLOW": 207.0, "OUT_FLOW": 254.0, "DRAIN_AREA": "0.2038 sq km", "STRAHLER": 1, "Shape_Leng": 0.0031414602339299999 }, "geometry": { "type": "MultiLineString", "coordinates": [ [ [ 75.772849299855352, 26.857965112300121 ], [ 75.773118794296977, 26.857965112300121 ], [ 75.773388288738602, 26.857965112300121 ], [ 75.773657783180226, 26.857965112300121 ], [ 75.773927277621794, 26.857695616959234 ], [ 75.774196772962739, 26.857695616959234 ], [ 75.774466267404364, 26.857965112300121 ], [ 75.774735761845989, 26.857965112300121 ], [ 75.775005256287614, 26.857965112300121 ], [ 75.775274750729238, 26.857695616959234 ], [ 75.775544245170806, 26.857426122517609 ] ] ] } },
{ "type": "Feature", "properties": { "OBJECTID": 892.0, "LAYER": "Stream", "STREAM_ID": 6120, "IN_FLOW": 1076.0, "OUT_FLOW": 2178.0, "DRAIN_AREA": "1.748 sq km", "STRAHLER": 2, "Shape_Leng": 0.020504025292399999 }, "geometry": { "type": "MultiLineString", "coordinates": [ [ [ 75.753715184608154, 26.857695616959234 ], [ 75.754254173491347, 26.857156628075984 ], [ 75.754523667932972, 26.857156628075984 ], [ 75.754793162374597, 26.856887133634359 ], [ 75.755062656816222, 26.856887133634359 ], [ 75.756679624365233, 26.855270166085347 ], [ 75.756410129923609, 26.855000671643722 ], [ 75.756410129923609, 26.854731177202098 ], [ 75.756679624365233, 26.854461681861153 ], [ 75.756679624365233, 26.853383704094711 ], [ 75.757218614147803, 26.852844715211461 ], [ 75.757218614147803, 26.852575219870573 ], [ 75.757757603030996, 26.852036230987324 ], [ 75.75802709747262, 26.851766736545699 ], [ 75.75802709747262, 26.851497242104074 ], [ 75.75802709747262, 26.851227747662449 ], [ 75.757488108589371, 26.850688757879936 ], [ 75.757488108589371, 26.850419263438312 ], [ 75.757218614147803, 26.850149768996687 ], [ 75.757218614147803, 26.848532801447675 ], [ 75.757488108589371, 26.84826330700605 ], [ 75.755871141040359, 26.846646339457038 ], [ 75.755601646598791, 26.846376845015413 ], [ 75.755062656816222, 26.845837855232901 ], [ 75.754793162374597, 26.845837855232901 ], [ 75.753984679049779, 26.845029371908026 ], [ 75.753984679049779, 26.843412404359015 ], [ 75.754523667932972, 26.842873415475822 ], [ 75.754523667932972, 26.841795436810003 ] ] ] } },
{ "type": "Feature", "properties": { "OBJECTID": 893.0, "LAYER": "Stream", "STREAM_ID": 6121, "IN_FLOW": 200.0, "OUT_FLOW": 613.0, "DRAIN_AREA": "0.4919 sq km", "STRAHLER": 1, "Shape_Leng": 0.012184712782 }, "geometry": { "type": "MultiLineString", "coordinates": [ [ [ 75.810039552583362, 26.857695616959234 ], [ 75.809500563700112, 26.857156628075984 ], [ 75.809500563700112, 26.856887133634359 ], [ 75.809500563700112, 26.856348144751109 ], [ 75.809500563700112, 26.856078649410165 ], [ 75.809500563700112, 26.855809154968597 ], [ 75.81030904702493, 26.855000671643722 ], [ 75.81030904702493, 26.854461681861153 ], [ 75.810578541466555, 26.854192187419585 ], [ 75.810578541466555, 26.85392269297796 ], [ 75.810578541466555, 26.853114209653086 ], [ 75.81030904702493, 26.852844715211461 ], [ 75.81030904702493, 26.852305725428948 ], [ 75.809500563700112, 26.851497242104074 ], [ 75.80842258503435, 26.851497242104074 ], [ 75.808153090592725, 26.851227747662449 ], [ 75.808153090592725, 26.850958252321561 ], [ 75.808153090592725, 26.850419263438312 ], [ 75.807614100810156, 26.849880274555062 ], [ 75.807344606368531, 26.849880274555062 ], [ 75.807075111926906, 26.850149768996687 ], [ 75.806536123043713, 26.850149768996687 ], [ 75.806266628602089, 26.850149768996687 ], [ 75.805997133261144, 26.849880274555062 ] ] ] } },
{ "type": "Feature", "properties": { "OBJECTID": 894.0, "LAYER": "Stream", "STREAM_ID": 6122, "IN_FLOW": 6432.0, "OUT_FLOW": 6840.0, "DRAIN_AREA": "5.489 sq km", "STRAHLER": 3, "Shape_Leng": 0.0092665104343500008 }, "geometry": { "type": "MultiLineString", "coordinates": [ [ [ 75.878221682284845, 26.857695616959234 ], [ 75.878221682284845, 26.857426122517609 ], [ 75.87849117672647, 26.857156628075984 ], [ 75.87849117672647, 26.856887133634359 ], [ 75.87849117672647, 26.856348144751109 ], [ 75.879299660950664, 26.855539660526972 ], [ 75.879838649833857, 26.855000671643722 ], [ 75.880647134058052, 26.855000671643722 ], [ 75.880916628499676, 26.855270166085347 ], [ 75.880916628499676, 26.855539660526972 ], [ 75.881994607165439, 26.856617639192734 ], [ 75.882803090490313, 26.856617639192734 ], [ 75.883072584931881, 26.856887133634359 ], [ 75.884420058039325, 26.856887133634359 ], [ 75.884689552480893, 26.856617639192734 ] ] ] } },
{ "type": "Feature", "properties": { "OBJECTID": 895.0, "LAYER": "Stream", "STREAM_ID": 6128, "IN_FLOW": 200.0, "OUT_FLOW": 203.0, "DRAIN_AREA": "0.1629 sq km", "STRAHLER": 1, "Shape_Leng": 0.00076224538862000005 }, "geometry": { "type": "MultiLineString", "coordinates": [ [ [ 75.739162476667047, 26.857426122517609 ], [ 75.73970146555024, 26.856887133634359 ] ] ] } },
{ "type": "Feature", "properties": { "OBJECTID": 896.0, "LAYER": "Stream", "STREAM_ID": 6129, "IN_FLOW": 148643.0, "OUT_FLOW": 149081.0, "DRAIN_AREA": "119.63 sq km", "STRAHLER": 5, "Shape_Leng": 0.0049354454529399999 }, "geometry": { "type": "MultiLineString", "coordinates": [ [ [ 75.775544245170806, 26.857426122517609 ], [ 75.776083234953376, 26.856887133634359 ], [ 75.777430708060763, 26.855539660526972 ], [ 75.777430708060763, 26.855000671643722 ], [ 75.777700202502388, 26.854731177202098 ], [ 75.777700202502388, 26.853383704094711 ] ] ] } },
{ "type": "Feature", "properties": { "OBJECTID": 897.0, "LAYER": "Stream", "STREAM_ID": 6133, "IN_FLOW": 6164.0, "OUT_FLOW": 6203.0, "DRAIN_AREA": "4.978 sq km", "STRAHLER": 3, "Shape_Leng": 0.0022675846849299999 }, "geometry": { "type": "MultiLineString", "coordinates": [ [ [ 75.731077638921931, 26.857156628075984 ], [ 75.731077638921931, 26.855539660526972 ], [ 75.730808144480363, 26.855270166085347 ], [ 75.730808144480363, 26.855000671643722 ] ] ] } },
{ "type": "Feature", "properties": { "OBJECTID": 898.0, "LAYER": "Stream", "STREAM_ID": 6134, "IN_FLOW": 203.0, "OUT_FLOW": 665.0, "DRAIN_AREA": "0.534 sq km", "STRAHLER": 1, "Shape_Leng": 0.0138208338287 }, "geometry": { "type": "MultiLineString", "coordinates": [ [ [ 75.816507422779409, 26.857156628075984 ], [ 75.816776917221034, 26.857156628075984 ], [ 75.817854895886796, 26.856078649410165 ], [ 75.818124390328421, 26.856078649410165 ], [ 75.818663379211614, 26.855539660526972 ], [ 75.818663379211614, 26.855270166085347 ], [ 75.818663379211614, 26.854731177202098 ], [ 75.818393884770046, 26.854461681861153 ], [ 75.818393884770046, 26.854192187419585 ], [ 75.819202368094864, 26.853383704094711 ], [ 75.819471862536489, 26.853383704094711 ], [ 75.819741357877433, 26.853114209653086 ], [ 75.820010852319058, 26.853114209653086 ], [ 75.820280346760626, 26.852844715211461 ], [ 75.822436303192887, 26.852844715211461 ], [ 75.823244787417082, 26.852844715211461 ], [ 75.82351428185865, 26.852575219870573 ], [ 75.824053270741899, 26.852575219870573 ], [ 75.825670238290911, 26.850958252321561 ], [ 75.825939732732536, 26.850958252321561 ], [ 75.826209227174161, 26.851227747662449 ], [ 75.826478722515105, 26.851227747662449 ] ] ] } },
{ "type": "Feature", "properties": { "OBJECTID": 899.0, "LAYER": "Stream", "STREAM_ID": 6137, "IN_FLOW": 5641.0, "OUT_FLOW": 5714.0, "DRAIN_AREA": "4.585 sq km", "STRAHLER": 2, "Shape_Leng": 0.0029373545736799999 }, "geometry": { "type": "MultiLineString", "coordinates": [ [ [ 75.73970146555024, 26.856887133634359 ], [ 75.73970146555024, 26.856617639192734 ], [ 75.738892982225423, 26.855809154968597 ], [ 75.737815003559604, 26.854731177202098 ] ] ] } },
{ "type": "Feature", "properties": { "OBJECTID": 900.0, "LAYER": "Stream", "STREAM_ID": 6138, "IN_FLOW": 202.0, "OUT_FLOW": 507.0, "DRAIN_AREA": "0.4069 sq km", "STRAHLER": 1, "Shape_Leng": 0.0094897682114599997 }, "geometry": { "type": "MultiLineString", "coordinates": [ [ [ 75.791983415102607, 26.856887133634359 ], [ 75.791713920660982, 26.856617639192734 ], [ 75.791713920660982, 26.856348144751109 ], [ 75.791983415102607, 26.856078649410165 ], [ 75.791983415102607, 26.855270166085347 ], [ 75.792522404885119, 26.854731177202098 ], [ 75.792522404885119, 26.854192187419585 ], [ 75.792252909544175, 26.85392269297796 ], [ 75.791983415102607, 26.853653198536335 ], [ 75.791444426219357, 26.853114209653086 ], [ 75.791174931777732, 26.853114209653086 ], [ 75.790905437336107, 26.852844715211461 ], [ 75.790905437336107, 26.852036230987324 ], [ 75.792252909544175, 26.850688757879936 ], [ 75.792252909544175, 26.849610780113437 ], [ 75.792522404885119, 26.849341284772549 ] ] ] } },
{ "type": "Feature", "properties": { "OBJECTID": 901.0, "LAYER": "Stream", "STREAM_ID": 6139, "IN_FLOW": 200.0, "OUT_FLOW": 726.0, "DRAIN_AREA": "0.583 sq km", "STRAHLER": 1, "Shape_Leng": 0.0088391513390300002 }, "geometry": { "type": "MultiLineString", "coordinates": [ [ [ 75.900589733529443, 26.856887133634359 ], [ 75.900050743746874, 26.856348144751109 ], [ 75.900050743746874, 26.855809154968597 ], [ 75.899781249305249, 26.855539660526972 ], [ 75.900589733529443, 26.854731177202098 ], [ 75.900589733529443, 26.853653198536335 ], [ 75.900320238188499, 26.853383704094711 ], [ 75.900050743746874, 26.853383704094711 ], [ 75.899511754863624, 26.852844715211461 ], [ 75.899511754863624, 26.852575219870573 ], [ 75.899511754863624, 26.852036230987324 ], [ 75.899242260422056, 26.851766736545699 ], [ 75.899242260422056, 26.851497242104074 ], [ 75.898433776197862, 26.850688757879936 ], [ 75.898433776197862, 26.850149768996687 ], [ 75.898164281756237, 26.849880274555062 ] ] ] } },
{ "type": "Feature", "properties": { "OBJECTID": 902.0, "LAYER": "Stream", "STREAM_ID": 6143, "IN_FLOW": 221.0, "OUT_FLOW": 338.0, "DRAIN_AREA": "0.2712 sq km", "STRAHLER": 1, "Shape_Leng": 0.0013154959760800001 }, "geometry": { "type": "MultiLineString", "coordinates": [ [ [ 75.720836844744667, 26.856617639192734 ], [ 75.720836844744667, 26.856348144751109 ], [ 75.720567350303043, 26.856078649410165 ], [ 75.720567350303043, 26.855809154968597 ], [ 75.72028777176331, 26.855529576428864 ] ] ] } },
{ "type": "Feature", "properties": { "OBJECTID": 903.0, "LAYER": "Stream", "STREAM_ID": 6144, "IN_FLOW": 235.0, "OUT_FLOW": 333.0, "DRAIN_AREA": "0.2672 sq km", "STRAHLER": 1, "Shape_Leng": 0.0046659512747399996 }, "geometry": { "type": "MultiLineString", "coordinates": [ [ [ 75.759644065021632, 26.856617639192734 ], [ 75.760183053904882, 26.856078649410165 ], [ 75.760452549245827, 26.856078649410165 ], [ 75.760991538129019, 26.855539660526972 ], [ 75.762339011236463, 26.855539660526972 ], [ 75.763416989002906, 26.854461681861153 ] ] ] } },
{ "type": "Feature", "properties": { "OBJECTID": 904.0, "LAYER": "Stream", "STREAM_ID": 6145, "IN_FLOW": 2812.0, "OUT_FLOW": 3522.0, "DRAIN_AREA": "2.826 sq km", "STRAHLER": 2, "Shape_Leng": 0.015345325768699999 }, "geometry": { "type": "MultiLineString", "coordinates": [ [ [ 75.838605978683006, 26.856617639192734 ], [ 75.838336484241438, 26.856348144751109 ], [ 75.838066988900493, 26.856078649410165 ], [ 75.837797494458869, 26.855809154968597 ], [ 75.837797494458869, 26.855539660526972 ], [ 75.837528000017244, 26.855270166085347 ], [ 75.837528000017244, 26.854192187419585 ], [ 75.836989011133994, 26.853653198536335 ], [ 75.836989011133994, 26.853383704094711 ], [ 75.836450022250801, 26.852844715211461 ], [ 75.836450022250801, 26.852575219870573 ], [ 75.835641538026607, 26.851766736545699 ], [ 75.835641538026607, 26.851497242104074 ], [ 75.835641538026607, 26.850149768996687 ], [ 75.834833054701789, 26.849341284772549 ], [ 75.834833054701789, 26.849071790330925 ], [ 75.834563559360845, 26.8488022958893 ], [ 75.834563559360845, 26.848532801447675 ], [ 75.834024570477595, 26.847993812564425 ], [ 75.834024570477595, 26.847724317223538 ], [ 75.834024570477595, 26.847454822781913 ], [ 75.833216087152778, 26.846646339457038 ], [ 75.833216087152778, 26.845568360791276 ], [ 75.832677097370208, 26.845029371908026 ], [ 75.832677097370208, 26.844490383024834 ], [ 75.832138108486959, 26.843951393242264 ] ] ] } },
{ "type": "Feature", "properties": { "OBJECTID": 905.0, "LAYER": "Stream", "STREAM_ID": 6146, "IN_FLOW": 233.0, "OUT_FLOW": 889.0, "DRAIN_AREA": "0.713 sq km", "STRAHLER": 1, "Shape_Leng": 0.0096013958283199998 }, "geometry": { "type": "MultiLineString", "coordinates": [ [ [ 75.850463740409339, 26.851766736545699 ], [ 75.850733234850964, 26.851497242104074 ], [ 75.851002729292588, 26.851497242104074 ], [ 75.851272223734213, 26.851497242104074 ], [ 75.8526196968416, 26.851497242104074 ], [ 75.853428181065738, 26.852305725428948 ], [ 75.853428181065738, 26.852575219870573 ], [ 75.853697675507362, 26.852844715211461 ], [ 75.853697675507362, 26.853114209653086 ], [ 75.853697675507362, 26.853383704094711 ], [ 75.853967169948987, 26.853653198536335 ], [ 75.853967169948987, 26.85392269297796 ], [ 75.854506158832237, 26.854461681861153 ], [ 75.855045148614749, 26.855000671643722 ], [ 75.855314643056374, 26.855000671643722 ], [ 75.855584137497999, 26.855270166085347 ], [ 75.856392620822874, 26.856078649410165 ], [ 75.856392620822874, 26.856348144751109 ], [ 75.856931610605386, 26.856887133634359 ] ] ] } },
{ "type": "Feature", "properties": { "OBJECTID": 906.0, "LAYER": "Stream", "STREAM_ID": 6147, "IN_FLOW": 19585.0, "OUT_FLOW": 19933.0, "DRAIN_AREA": "15.996 sq km", "STRAHLER": 4, "Shape_Leng": 0.0036342105451200001 }, "geometry": { "type": "MultiLineString", "coordinates": [ [ [ 75.884689552480893, 26.856617639192734 ], [ 75.884959046922518, 26.856348144751109 ], [ 75.884959046922518, 26.855000671643722 ], [ 75.885228541364143, 26.854731177202098 ], [ 75.885498036705087, 26.854461681861153 ], [ 75.886037025588337, 26.85392269297796 ], [ 75.886306520029905, 26.853653198536335 ] ] ] } },
{ "type": "Feature", "properties": { "OBJECTID": 907.0, "LAYER": "Stream", "STREAM_ID": 6153, "IN_FLOW": 292.0, "OUT_FLOW": 341.0, "DRAIN_AREA": "0.2736 sq km", "STRAHLER": 1, "Shape_Leng": 0.0022213473846399998 }, "geometry": { "type": "MultiLineString", "coordinates": [ [ [ 75.840222946232018, 26.855539660526972 ], [ 75.840222946232018, 26.855809154968597 ], [ 75.83995345179045, 26.856078649410165 ], [ 75.839683956449505, 26.856078649410165 ], [ 75.839414462007881, 26.856348144751109 ], [ 75.838875473124631, 26.856348144751109 ], [ 75.838605978683006, 26.856617639192734 ] ] ] } },
{ "type": "Feature", "properties": { "OBJECTID": 908.0, "LAYER": "Stream", "STREAM_ID": 6156, "IN_FLOW": 672.0, "OUT_FLOW": 909.0, "DRAIN_AREA": "0.729 sq km", "STRAHLER": 2, "Shape_Leng": 0.0052049392586100002 }, "geometry": { "type": "MultiLineString", "coordinates": [ [ [ 75.781473126483661, 26.856078649410165 ], [ 75.781203632042036, 26.855809154968597 ], [ 75.780664642259467, 26.855270166085347 ], [ 75.780395147817899, 26.855270166085347 ], [ 75.780125653376274, 26.855270166085347 ], [ 75.779317170051399, 26.855270166085347 ], [ 75.779047675609775, 26.855270166085347 ], [ 75.778778180268887, 26.855000671643722 ], [ 75.778778180268887, 26.854731177202098 ], [ 75.778778180268887, 26.854461681861153 ], [ 75.777700202502388, 26.853383704094711 ] ] ] } },
{ "type": "Feature", "properties": { "OBJECTID": 909.0, "LAYER": "Stream", "STREAM_ID": 6157, "IN_FLOW": 207.0, "OUT_FLOW": 524.0, "DRAIN_AREA": "0.4205 sq km", "STRAHLER": 1, "Shape_Leng": 0.004935444817 }, "geometry": { "type": "MultiLineString", "coordinates": [ [ [ 75.893313379109202, 26.855809154968597 ], [ 75.893582873550827, 26.856078649410165 ], [ 75.894121863333396, 26.856078649410165 ], [ 75.894660852216589, 26.855539660526972 ], [ 75.894660852216589, 26.855270166085347 ], [ 75.894660852216589, 26.854731177202098 ], [ 75.896008325324033, 26.853383704094711 ], [ 75.896008325324033, 26.853114209653086 ], [ 75.896008325324033, 26.852844715211461 ] ] ] } },
{ "type": "Feature", "properties": { "OBJECTID": 910.0, "LAYER": "Stream", "STREAM_ID": 6162, "IN_FLOW": 214.0, "OUT_FLOW": 636.0, "DRAIN_AREA": "0.51 sq km", "STRAHLER": 1, "Shape_Leng": 0.011730267077 }, "geometry": { "type": "MultiLineString", "coordinates": [ [ [ 75.767998397208316, 26.855809154968597 ], [ 75.768267891649941, 26.855539660526972 ], [ 75.768267891649941, 26.855270166085347 ], [ 75.769076375874079, 26.854461681861153 ], [ 75.769076375874079, 26.854192187419585 ], [ 75.769615364757328, 26.853653198536335 ], [ 75.769615364757328, 26.853383704094711 ], [ 75.769884859198953, 26.853114209653086 ], [ 75.769884859198953, 26.852844715211461 ], [ 75.77123233230634, 26.851497242104074 ], [ 75.771501826747965, 26.851227747662449 ], [ 75.772040815631215, 26.850688757879936 ], [ 75.772310310972102, 26.850688757879936 ], [ 75.772579805413727, 26.850688757879936 ], [ 75.772849299855352, 26.850958252321561 ], [ 75.773118794296977, 26.850958252321561 ], [ 75.773657783180226, 26.851497242104074 ], [ 75.773927277621794, 26.851497242104074 ], [ 75.774196772962739, 26.851766736545699 ], [ 75.774466267404364, 26.851766736545699 ], [ 75.774735761845989, 26.851497242104074 ], [ 75.774735761845989, 26.850958252321561 ], [ 75.775544245170806, 26.850149768996687 ] ] ] } },
{ "type": "Feature", "properties": { "OBJECTID": 911.0, "LAYER": "Stream", "STREAM_ID": 6163, "IN_FLOW": 216.0, "OUT_FLOW": 241.0, "DRAIN_AREA": "0.1934 sq km", "STRAHLER": 1, "Shape_Leng": 0.0022213467487100002 }, "geometry": { "type": "MultiLineString", "coordinates": [ [ [ 75.783359588474298, 26.855270166085347 ], [ 75.783090094032673, 26.855270166085347 ], [ 75.782551105149423, 26.855809154968597 ], [ 75.781742620925286, 26.855809154968597 ], [ 75.781473126483661, 26.856078649410165 ] ] ] } },
{ "type": "Feature", "properties": { "OBJECTID": 912.0, "LAYER": "Stream", "STREAM_ID": 6169, "IN_FLOW": 238.0, "OUT_FLOW": 387.0, "DRAIN_AREA": "0.3106 sq km", "STRAHLER": 1, "Shape_Leng": 0.006887298396 }, "geometry": { "type": "MultiLineString", "coordinates": [ [ [ 75.866094426116945, 26.855270166085347 ], [ 75.86636392055857, 26.855539660526972 ], [ 75.867172404782707, 26.854731177202098 ], [ 75.867441899224332, 26.854731177202098 ], [ 75.867711393665957, 26.854461681861153 ], [ 75.867980888107581, 26.854461681861153 ], [ 75.868519877890094, 26.855000671643722 ], [ 75.869058866773344, 26.855000671643722 ], [ 75.869328361214968, 26.855000671643722 ], [ 75.869597855656593, 26.854731177202098 ], [ 75.869597855656593, 26.854192187419585 ], [ 75.869867350098161, 26.85392269297796 ], [ 75.869867350098161, 26.853653198536335 ], [ 75.870136844539786, 26.853383704094711 ], [ 75.870675834322356, 26.853383704094711 ], [ 75.87094532876398, 26.853114209653086 ] ] ] } },
{ "type": "Feature", "properties": { "OBJECTID": 913.0, "LAYER": "Stream", "STREAM_ID": 6185, "IN_FLOW": 9262.0, "OUT_FLOW": 9450.0, "DRAIN_AREA": "7.583 sq km", "STRAHLER": 3, "Shape_Leng": 0.00396281212516 }, "geometry": { "type": "MultiLineString", "coordinates": [ [ [ 75.730808144480363, 26.855000671643722 ], [ 75.730808144480363, 26.854461681861153 ], [ 75.730808144480363, 26.854192187419585 ], [ 75.730808144480363, 26.85392269297796 ], [ 75.730808144480363, 26.853653198536335 ], [ 75.731347133363556, 26.853114209653086 ], [ 75.731077638921931, 26.852844715211461 ], [ 75.731347133363556, 26.852575219870573 ], [ 75.731616627805181, 26.852575219870573 ], [ 75.731886123146126, 26.852305725428948 ], [ 75.731886123146126, 26.851865495596201 ] ] ] } },
{ "type": "Feature", "properties": { "OBJECTID": 914.0, "LAYER": "Stream", "STREAM_ID": 6186, "IN_FLOW": 203.0, "OUT_FLOW": 314.0, "DRAIN_AREA": "0.252 sq km", "STRAHLER": 1, "Shape_Leng": 0.0053165678838700001 }, "geometry": { "type": "MultiLineString", "coordinates": [ [ [ 75.82351428185865, 26.855000671643722 ], [ 75.823783776300274, 26.854731177202098 ], [ 75.824053270741899, 26.854731177202098 ], [ 75.824322765183524, 26.854461681861153 ], [ 75.824322765183524, 26.85392269297796 ], [ 75.824592260524469, 26.853653198536335 ], [ 75.824592260524469, 26.852844715211461 ], [ 75.824861754966093, 26.852575219870573 ], [ 75.825670238290911, 26.851766736545699 ], [ 75.825939732732536, 26.851766736545699 ], [ 75.826209227174161, 26.851497242104074 ], [ 75.826478722515105, 26.851227747662449 ] ] ] } },
{ "type": "Feature", "properties": { "OBJECTID": 915.0, "LAYER": "Stream", "STREAM_ID": 6187, "IN_FLOW": 4774.0, "OUT_FLOW": 4824.0, "DRAIN_AREA": "3.871 sq km", "STRAHLER": 2, "Shape_Leng": 0.0027140974323600002 }, "geometry": { "type": "MultiLineString", "coordinates": [ [ [ 75.834024570477595, 26.855000671643722 ], [ 75.834563559360845, 26.854461681861153 ], [ 75.83429406491922, 26.854192187419585 ], [ 75.83429406491922, 26.85392269297796 ], [ 75.834024570477595, 26.853653198536335 ], [ 75.833485581594346, 26.853653198536335 ], [ 75.833216087152778, 26.853383704094711 ] ] ] } },
{ "type": "Feature", "properties": { "OBJECTID": 916.0, "LAYER": "Stream", "STREAM_ID": 6188, "IN_FLOW": 9040.0, "OUT_FLOW": 9169.0, "DRAIN_AREA": "7.358 sq km", "STRAHLER": 3, "Shape_Leng": 0.0034109540397099999 }, "geometry": { "type": "MultiLineString", "coordinates": [ [ [ 75.737815003559604, 26.854731177202098 ], [ 75.737545509118036, 26.854461681861153 ], [ 75.737276014676411, 26.854461681861153 ], [ 75.736467530452217, 26.853653198536335 ], [ 75.736467530452217, 26.853383704094711 ], [ 75.736467530452217, 26.852036230987324 ] ] ] } },
{ "type": "Feature", "properties": { "OBJECTID": 917.0, "LAYER": "Stream", "STREAM_ID": 6189, "IN_FLOW": 207.0, "OUT_FLOW": 217.0, "DRAIN_AREA": "0.1741 sq km", "STRAHLER": 1, "Shape_Leng": 0.0013012349077700001 }, "geometry": { "type": "MultiLineString", "coordinates": [ [ [ 75.886845508913154, 26.854731177202098 ], [ 75.88657601447153, 26.854461681861153 ], [ 75.88657601447153, 26.85392269297796 ], [ 75.886306520029905, 26.853653198536335 ] ] ] } },
{ "type": "Feature", "properties": { "OBJECTID": 918.0, "LAYER": "Stream", "STREAM_ID": 6193, "IN_FLOW": 1233.0, "OUT_FLOW": 1606.0, "DRAIN_AREA": "1.289 sq km", "STRAHLER": 2, "Shape_Leng": 0.0120539331574 }, "geometry": { "type": "MultiLineString", "coordinates": [ [ [ 75.763416989002906, 26.854461681861153 ], [ 75.76368648344453, 26.854192187419585 ], [ 75.76368648344453, 26.85392269297796 ], [ 75.76368648344453, 26.853383704094711 ], [ 75.763955978785475, 26.853114209653086 ], [ 75.763955978785475, 26.852844715211461 ], [ 75.76368648344453, 26.852575219870573 ], [ 75.76368648344453, 26.850688757879936 ], [ 75.76368648344453, 26.850149768996687 ], [ 75.76368648344453, 26.8488022958893 ], [ 75.76368648344453, 26.847185328340288 ], [ 75.763955978785475, 26.846915833898663 ], [ 75.763955978785475, 26.846107350573845 ], [ 75.764494967668668, 26.845568360791276 ], [ 75.764494967668668, 26.845298866349651 ], [ 75.765303450993542, 26.844490383024834 ], [ 75.765303450993542, 26.843412404359015 ] ] ] } },
{ "type": "Feature", "properties": { "OBJECTID": 919.0, "LAYER": "Stream", "STREAM_ID": 6203, "IN_FLOW": 1095.0, "OUT_FLOW": 1330.0, "DRAIN_AREA": "1.067 sq km", "STRAHLER": 2, "Shape_Leng": 0.0077882574841299998 }, "geometry": { "type": "MultiLineString", "coordinates": [ [ [ 75.796834317749642, 26.85392269297796 ], [ 75.796564823308017, 26.853653198536335 ], [ 75.796295328866393, 26.853653198536335 ], [ 75.795756339083823, 26.853653198536335 ], [ 75.795486844642198, 26.853383704094711 ], [ 75.79521735020063, 26.853383704094711 ], [ 75.794947855759006, 26.853383704094711 ], [ 75.793869877093186, 26.853383704094711 ], [ 75.793330888209994, 26.852844715211461 ], [ 75.793330888209994, 26.850419263438312 ], [ 75.792791899326744, 26.849880274555062 ], [ 75.792791899326744, 26.849610780113437 ], [ 75.792522404885119, 26.849341284772549 ] ] ] } },
{ "type": "Feature", "properties": { "OBJECTID": 920.0, "LAYER": "Stream", "STREAM_ID": 6209, "IN_FLOW": 20155.0, "OUT_FLOW": 20155.0, "DRAIN_AREA": "16.174 sq km", "STRAHLER": 4, "Shape_Leng": 0.00038112269432999998 }, "geometry": { "type": "MultiLineString", "coordinates": [ [ [ 75.886306520029905, 26.853653198536335 ], [ 75.88657601447153, 26.853383704094711 ] ] ] } },
{ "type": "Feature", "properties": { "OBJECTID": 921.0, "LAYER": "Stream", "STREAM_ID": 6215, "IN_FLOW": 202.0, "OUT_FLOW": 374.0, "DRAIN_AREA": "0.3001 sq km", "STRAHLER": 1, "Shape_Leng": 0.0014355725773899999 }, "geometry": { "type": "MultiLineString", "coordinates": [ [ [ 75.728382692707157, 26.853383704094711 ], [ 75.728921682489727, 26.852844715211461 ], [ 75.729191176931351, 26.852575219870573 ], [ 75.729191176931351, 26.852283016647959 ] ] ] } },
{ "type": "Feature", "properties": { "OBJECTID": 922.0, "LAYER": "Stream", "STREAM_ID": 6216, "IN_FLOW": 149995.0, "OUT_FLOW": 150191.0, "DRAIN_AREA": "120.53 sq km", "STRAHLER": 5, "Shape_Leng": 0.0042848283169900003 }, "geometry": { "type": "MultiLineString", "coordinates": [ [ [ 75.777700202502388, 26.853383704094711 ], [ 75.777430708060763, 26.853114209653086 ], [ 75.77689171827825, 26.852575219870573 ], [ 75.776622223836625, 26.852575219870573 ], [ 75.776352729395001, 26.852305725428948 ], [ 75.775813740511751, 26.851766736545699 ], [ 75.775813740511751, 26.850958252321561 ], [ 75.775544245170806, 26.850688757879936 ], [ 75.775544245170806, 26.850149768996687 ] ] ] } },
{ "type": "Feature", "properties": { "OBJECTID": 923.0, "LAYER": "Stream", "STREAM_ID": 6217, "IN_FLOW": 6125.0, "OUT_FLOW": 6486.0, "DRAIN_AREA": "5.205 sq km", "STRAHLER": 3, "Shape_Leng": 0.0076957817207400003 }, "geometry": { "type": "MultiLineString", "coordinates": [ [ [ 75.833216087152778, 26.853383704094711 ], [ 75.832407602928583, 26.852575219870573 ], [ 75.832407602928583, 26.852305725428948 ], [ 75.831599119603766, 26.851497242104074 ], [ 75.831599119603766, 26.850688757879936 ], [ 75.831599119603766, 26.850149768996687 ], [ 75.831868614045334, 26.849880274555062 ], [ 75.831868614045334, 26.849341284772549 ], [ 75.831599119603766, 26.849071790330925 ], [ 75.831599119603766, 26.847993812564425 ], [ 75.830790635379572, 26.847185328340288 ], [ 75.830790635379572, 26.846915833898663 ] ] ] } },
{ "type": "Feature", "properties": { "OBJECTID": 924.0, "LAYER": "Stream", "STREAM_ID": 6218, "IN_FLOW": 23520.0, "OUT_FLOW": 23841.0, "DRAIN_AREA": "19.132 sq km", "STRAHLER": 4, "Shape_Leng": 0.0059209482462500001 }, "geometry": { "type": "MultiLineString", "coordinates": [ [ [ 75.88657601447153, 26.853383704094711 ], [ 75.888462476462166, 26.851497242104074 ], [ 75.888731971803111, 26.851497242104074 ], [ 75.889001466244736, 26.851227747662449 ], [ 75.889001466244736, 26.850958252321561 ], [ 75.889001466244736, 26.850419263438312 ], [ 75.889809949569553, 26.849610780113437 ], [ 75.890079444011178, 26.849610780113437 ], [ 75.890348938452803, 26.849341284772549 ] ] ] } },
{ "type": "Feature", "properties": { "OBJECTID": 925.0, "LAYER": "Stream", "STREAM_ID": 6224, "IN_FLOW": 205.0, "OUT_FLOW": 218.0, "DRAIN_AREA": "0.1749 sq km", "STRAHLER": 1, "Shape_Leng": 0.0015244914131500001 }, "geometry": { "type": "MultiLineString", "coordinates": [ [ [ 75.735389552685774, 26.853114209653086 ], [ 75.735659047127399, 26.852844715211461 ], [ 75.736467530452217, 26.852036230987324 ] ] ] } },
{ "type": "Feature", "properties": { "OBJECTID": 926.0, "LAYER": "Stream", "STREAM_ID": 6225, "IN_FLOW": 201.0, "OUT_FLOW": 1050.0, "DRAIN_AREA": "0.843 sq km", "STRAHLER": 1, "Shape_Leng": 0.0142347394201 }, "geometry": { "type": "MultiLineString", "coordinates": [ [ [ 75.750481249510131, 26.853114209653086 ], [ 75.749942259727561, 26.852575219870573 ], [ 75.749942259727561, 26.852036230987324 ], [ 75.749942259727561, 26.851766736545699 ], [ 75.750481249510131, 26.851227747662449 ], [ 75.750481249510131, 26.850958252321561 ], [ 75.750481249510131, 26.849610780113437 ], [ 75.751289732834948, 26.8488022958893 ], [ 75.751828721718198, 26.84826330700605 ], [ 75.751828721718198, 26.847993812564425 ], [ 75.751828721718198, 26.845029371908026 ], [ 75.753176194825585, 26.843681898800639 ], [ 75.753176194825585, 26.84314290991739 ], [ 75.75290670038396, 26.842873415475822 ], [ 75.75290670038396, 26.842064931251628 ], [ 75.75290670038396, 26.841795436810003 ], [ 75.752637205942335, 26.841525942368378 ], [ 75.752637205942335, 26.840986952585865 ], [ 75.75240992118097, 26.840759667824443 ] ] ] } },
{ "type": "Feature", "properties": { "OBJECTID": 927.0, "LAYER": "Stream", "STREAM_ID": 6226, "IN_FLOW": 652.0, "OUT_FLOW": 720.0, "DRAIN_AREA": "0.578 sq km", "STRAHLER": 2, "Shape_Leng": 0.00293735520956 }, "geometry": { "type": "MultiLineString", "coordinates": [ [ [ 75.87094532876398, 26.853114209653086 ], [ 75.871753812088798, 26.852305725428948 ], [ 75.871753812088798, 26.852036230987324 ], [ 75.872023307429743, 26.851766736545699 ], [ 75.872831790754617, 26.850958252321561 ] ] ] } },
{ "type": "Feature", "properties": { "OBJECTID": 928.0, "LAYER": "Stream", "STREAM_ID": 6227, "IN_FLOW": 3086.0, "OUT_FLOW": 3359.0, "DRAIN_AREA": "2.696 sq km", "STRAHLER": 3, "Shape_Leng": 0.0058555572938099997 }, "geometry": { "type": "MultiLineString", "coordinates": [ [ [ 75.882803090490313, 26.850419263438312 ], [ 75.883072584931881, 26.850419263438312 ], [ 75.883342079373506, 26.850419263438312 ], [ 75.884959046922518, 26.852036230987324 ], [ 75.884959046922518, 26.852305725428948 ], [ 75.884689552480893, 26.852575219870573 ], [ 75.884689552480893, 26.852844715211461 ], [ 75.884959046922518, 26.853114209653086 ], [ 75.886306520029905, 26.853114209653086 ], [ 75.88657601447153, 26.853383704094711 ] ] ] } },
{ "type": "Feature", "properties": { "OBJECTID": 929.0, "LAYER": "Stream", "STREAM_ID": 6230, "IN_FLOW": 206.0, "OUT_FLOW": 260.0, "DRAIN_AREA": "0.2086 sq km", "STRAHLER": 1, "Shape_Leng": 0.00249084182625 }, "geometry": { "type": "MultiLineString", "coordinates": [ [ [ 75.868789372331719, 26.852305725428948 ], [ 75.869328361214968, 26.852844715211461 ], [ 75.870675834322356, 26.852844715211461 ], [ 75.87094532876398, 26.853114209653086 ] ] ] } },
{ "type": "Feature", "properties": { "OBJECTID": 930.0, "LAYER": "Stream", "STREAM_ID": 6231, "IN_FLOW": 217.0, "OUT_FLOW": 217.0, "DRAIN_AREA": "0.1741 sq km", "STRAHLER": 1, "Shape_Leng": 0.00026949444162499998 }, "geometry": { "type": "MultiLineString", "coordinates": [ [ [ 75.895738830882408, 26.852844715211461 ], [ 75.896008325324033, 26.852844715211461 ] ] ] } },
{ "type": "Feature", "properties": { "OBJECTID": 931.0, "LAYER": "Stream", "STREAM_ID": 6232, "IN_FLOW": 747.0, "OUT_FLOW": 950.0, "DRAIN_AREA": "0.762 sq km", "STRAHLER": 2, "Shape_Leng": 0.0038574667871000001 }, "geometry": { "type": "MultiLineString", "coordinates": [ [ [ 75.896008325324033, 26.852844715211461 ], [ 75.896277819765601, 26.852575219870573 ], [ 75.897086303090475, 26.851766736545699 ], [ 75.89735579843142, 26.851497242104074 ], [ 75.897894787314613, 26.850958252321561 ], [ 75.897894787314613, 26.850688757879936 ], [ 75.897894787314613, 26.850149768996687 ], [ 75.898164281756237, 26.849880274555062 ] ] ] } },
{ "type": "Feature", "properties": { "OBJECTID": 932.0, "LAYER": "Stream", "STREAM_ID": 6239, "IN_FLOW": 228.0, "OUT_FLOW": 290.0, "DRAIN_AREA": "0.2327 sq km", "STRAHLER": 1, "Shape_Leng": 0.0034763437203400001 }, "geometry": { "type": "MultiLineString", "coordinates": [ [ [ 75.880377639616427, 26.852575219870573 ], [ 75.880647134058052, 26.852305725428948 ], [ 75.880916628499676, 26.852036230987324 ], [ 75.880916628499676, 26.851766736545699 ], [ 75.881455617382869, 26.851227747662449 ], [ 75.881725111824494, 26.850958252321561 ], [ 75.882264101607063, 26.850958252321561 ], [ 75.882803090490313, 26.850419263438312 ] ] ] } },
{ "type": "Feature", "properties": { "OBJECTID": 933.0, "LAYER": "Stream", "STREAM_ID": 6245, "IN_FLOW": 215.0, "OUT_FLOW": 228.0, "DRAIN_AREA": "0.183 sq km", "STRAHLER": 1, "Shape_Leng": 0.0010779777665 }, "geometry": { "type": "MultiLineString", "coordinates": [ [ [ 75.862590996577296, 26.852305725428948 ], [ 75.862590996577296, 26.851227747662449 ] ] ] } },
{ "type": "Feature", "properties": { "OBJECTID": 934.0, "LAYER": "Stream", "STREAM_ID": 6252, "IN_FLOW": 9392.0, "OUT_FLOW": 9835.0, "DRAIN_AREA": "7.892 sq km", "STRAHLER": 3, "Shape_Leng": 0.00093703555944200001 }, "geometry": { "type": "MultiLineString", "coordinates": [ [ [ 75.736467530452217, 26.852036230987324 ], [ 75.737006520234786, 26.851497242104074 ], [ 75.737006520234786, 26.851322452569207 ] ] ] } },
{ "type": "Feature", "properties": { "OBJECTID": 935.0, "LAYER": "Stream", "STREAM_ID": 6253, "IN_FLOW": 203.0, "OUT_FLOW": 684.0, "DRAIN_AREA": "0.549 sq km", "STRAHLER": 1, "Shape_Leng": 0.014248192815099999 }, "geometry": { "type": "MultiLineString", "coordinates": [ [ [ 75.786863018013946, 26.852036230987324 ], [ 75.786593523572321, 26.851766736545699 ], [ 75.786593523572321, 26.851497242104074 ], [ 75.786593523572321, 26.850149768996687 ], [ 75.786324029130697, 26.849880274555062 ], [ 75.786324029130697, 26.849610780113437 ], [ 75.786054534689072, 26.849341284772549 ], [ 75.786054534689072, 26.849071790330925 ], [ 75.786054534689072, 26.84826330700605 ], [ 75.786324029130697, 26.847993812564425 ], [ 75.786324029130697, 26.847724317223538 ], [ 75.786054534689072, 26.847454822781913 ], [ 75.785785040247447, 26.847454822781913 ], [ 75.78497655602331, 26.846646339457038 ], [ 75.78389857735749, 26.846646339457038 ], [ 75.783359588474298, 26.847185328340288 ], [ 75.783090094032673, 26.847185328340288 ], [ 75.782820599591048, 26.847185328340288 ], [ 75.782551105149423, 26.847454822781913 ], [ 75.782012115366911, 26.847454822781913 ], [ 75.781742620925286, 26.847185328340288 ], [ 75.781473126483661, 26.847185328340288 ], [ 75.781203632042036, 26.846915833898663 ], [ 75.780664642259467, 26.847454822781913 ], [ 75.780395147817899, 26.847454822781913 ], [ 75.780125653376274, 26.847185328340288 ], [ 75.780125653376274, 26.846915833898663 ], [ 75.779856158934649, 26.846646339457038 ], [ 75.779856158934649, 26.846107350573845 ], [ 75.779317170051399, 26.845568360791276 ] ] ] } },
{ "type": "Feature", "properties": { "OBJECTID": 936.0, "LAYER": "Stream", "STREAM_ID": 6261, "IN_FLOW": 203.0, "OUT_FLOW": 203.0, "DRAIN_AREA": "0.1629 sq km", "STRAHLER": 1, "Shape_Leng": 0.00038112269432999998 }, "geometry": { "type": "MultiLineString", "coordinates": [ [ [ 75.862321502135671, 26.851497242104074 ], [ 75.862590996577296, 26.851227747662449 ] ] ] } },
{ "type": "Feature", "properties": { "OBJECTID": 937.0, "LAYER": "Stream", "STREAM_ID": 6265, "IN_FLOW": 231.0, "OUT_FLOW": 925.0, "DRAIN_AREA": "0.742 sq km", "STRAHLER": 1, "Shape_Leng": 0.01585722767 }, "geometry": { "type": "MultiLineString", "coordinates": [ [ [ 75.766650924100929, 26.851227747662449 ], [ 75.766920418542554, 26.850958252321561 ], [ 75.767459408325067, 26.850958252321561 ], [ 75.768537386091566, 26.849880274555062 ], [ 75.769076375874079, 26.850419263438312 ], [ 75.769615364757328, 26.850419263438312 ], [ 75.769884859198953, 26.850149768996687 ], [ 75.769884859198953, 26.849610780113437 ], [ 75.77123233230634, 26.84826330700605 ], [ 75.77123233230634, 26.847993812564425 ], [ 75.77123233230634, 26.847724317223538 ], [ 75.773388288738602, 26.845568360791276 ], [ 75.773388288738602, 26.844759877466402 ], [ 75.773118794296977, 26.844490383024834 ], [ 75.772310310972102, 26.843681898800639 ], [ 75.772310310972102, 26.843412404359015 ], [ 75.773118794296977, 26.842603920134877 ], [ 75.773118794296977, 26.842334425693252 ], [ 75.772849299855352, 26.842064931251628 ], [ 75.772849299855352, 26.841525942368378 ], [ 75.773388288738602, 26.840986952585865 ] ] ] } },
{ "type": "Feature", "properties": { "OBJECTID": 938.0, "LAYER": "Stream", "STREAM_ID": 6266, "IN_FLOW": 1064.0, "OUT_FLOW": 1541.0, "DRAIN_AREA": "1.237 sq km", "STRAHLER": 2, "Shape_Leng": 0.0088199980594199992 }, "geometry": { "type": "MultiLineString", "coordinates": [ [ [ 75.826478722515105, 26.851227747662449 ], [ 75.82674821695673, 26.850958252321561 ], [ 75.82674821695673, 26.849341284772549 ], [ 75.82674821695673, 26.849071790330925 ], [ 75.82674821695673, 26.8488022958893 ], [ 75.826209227174161, 26.84826330700605 ], [ 75.826209227174161, 26.847993812564425 ], [ 75.826478722515105, 26.847724317223538 ], [ 75.82674821695673, 26.847724317223538 ], [ 75.827017711398298, 26.847454822781913 ], [ 75.827826194723173, 26.847454822781913 ], [ 75.828095690064117, 26.847724317223538 ], [ 75.828365184505742, 26.847724317223538 ], [ 75.828904173388935, 26.847185328340288 ], [ 75.82917366783056, 26.847185328340288 ], [ 75.829443162272185, 26.847185328340288 ], [ 75.829982152054754, 26.847185328340288 ], [ 75.830251646496322, 26.846915833898663 ], [ 75.830790635379572, 26.846915833898663 ] ] ] } },
{ "type": "Feature", "properties": { "OBJECTID": 939.0, "LAYER": "Stream", "STREAM_ID": 6267, "IN_FLOW": 434.0, "OUT_FLOW": 1047.0, "DRAIN_AREA": "0.84 sq km", "STRAHLER": 2, "Shape_Leng": 0.0132818439371 }, "geometry": { "type": "MultiLineString", "coordinates": [ [ [ 75.862590996577296, 26.851227747662449 ], [ 75.862590996577296, 26.850958252321561 ], [ 75.862860491018921, 26.850688757879936 ], [ 75.862860491018921, 26.850419263438312 ], [ 75.863668975243058, 26.849610780113437 ], [ 75.863938469684683, 26.849610780113437 ], [ 75.864477458567933, 26.849610780113437 ], [ 75.865016447451126, 26.849071790330925 ], [ 75.86528594279207, 26.849071790330925 ], [ 75.86582493167532, 26.848532801447675 ], [ 75.866633415000138, 26.848532801447675 ], [ 75.866902910341082, 26.8488022958893 ], [ 75.867441899224332, 26.8488022958893 ], [ 75.867980888107581, 26.84826330700605 ], [ 75.868519877890094, 26.8488022958893 ], [ 75.868789372331719, 26.849071790330925 ], [ 75.869597855656593, 26.849880274555062 ], [ 75.870406339880731, 26.849880274555062 ], [ 75.870675834322356, 26.850149768996687 ], [ 75.870675834322356, 26.850419263438312 ], [ 75.871214823205605, 26.850958252321561 ], [ 75.872831790754617, 26.850958252321561 ] ] ] } },
{ "type": "Feature", "properties": { "OBJECTID": 940.0, "LAYER": "Stream", "STREAM_ID": 6270, "IN_FLOW": 218.0, "OUT_FLOW": 227.0, "DRAIN_AREA": "0.1822 sq km", "STRAHLER": 1, "Shape_Leng": 0.0011896060192000001 }, "geometry": { "type": "MultiLineString", "coordinates": [ [ [ 75.805727638819519, 26.850958252321561 ], [ 75.805727638819519, 26.850149768996687 ], [ 75.805997133261144, 26.849880274555062 ] ] ] } },
{ "type": "Feature", "properties": { "OBJECTID": 941.0, "LAYER": "Stream", "STREAM_ID": 6271, "IN_FLOW": 1774.0, "OUT_FLOW": 2055.0, "DRAIN_AREA": "1.649 sq km", "STRAHLER": 3, "Shape_Leng": 0.0073800480711699997 }, "geometry": { "type": "MultiLineString", "coordinates": [ [ [ 75.872831790754617, 26.850958252321561 ], [ 75.873909769420379, 26.849880274555062 ], [ 75.873909769420379, 26.849610780113437 ], [ 75.874179263862004, 26.849341284772549 ], [ 75.874987747186822, 26.848532801447675 ], [ 75.875526736969391, 26.848532801447675 ], [ 75.875796231411016, 26.84826330700605 ], [ 75.876335220294266, 26.84826330700605 ], [ 75.876604714735834, 26.848532801447675 ], [ 75.876874209177458, 26.848532801447675 ], [ 75.877143704518403, 26.848532801447675 ], [ 75.877952187843277, 26.849341284772549 ], [ 75.87849117672647, 26.849341284772549 ] ] ] } },
{ "type": "Feature", "properties": { "OBJECTID": 942.0, "LAYER": "Stream", "STREAM_ID": 6273, "IN_FLOW": 201.0, "OUT_FLOW": 249.0, "DRAIN_AREA": "0.1998 sq km", "STRAHLER": 1, "Shape_Leng": 0.0021751085490899998 }, "geometry": { "type": "MultiLineString", "coordinates": [ [ [ 75.877413198960028, 26.850688757879936 ], [ 75.877952187843277, 26.850149768996687 ], [ 75.878221682284845, 26.850149768996687 ], [ 75.87849117672647, 26.849880274555062 ], [ 75.878221682284845, 26.849610780113437 ], [ 75.87849117672647, 26.849341284772549 ] ] ] } },
{ "type": "Feature", "properties": { "OBJECTID": 943.0, "LAYER": "Stream", "STREAM_ID": 6278, "IN_FLOW": 2730.0, "OUT_FLOW": 2793.0, "DRAIN_AREA": "2.241 sq km", "STRAHLER": 3, "Shape_Leng": 0.0036804482179299998 }, "geometry": { "type": "MultiLineString", "coordinates": [ [ [ 75.879569155392289, 26.849341284772549 ], [ 75.879838649833857, 26.849610780113437 ], [ 75.880108144275482, 26.849610780113437 ], [ 75.880377639616427, 26.849880274555062 ], [ 75.881186122941301, 26.849880274555062 ], [ 75.881725111824494, 26.849880274555062 ], [ 75.882264101607063, 26.850419263438312 ], [ 75.882803090490313, 26.850419263438312 ] ] ] } },
{ "type": "Feature", "properties": { "OBJECTID": 944.0, "LAYER": "Stream", "STREAM_ID": 6280, "IN_FLOW": 150861.0, "OUT_FLOW": 151176.0, "DRAIN_AREA": "121.32 sq km", "STRAHLER": 5, "Shape_Leng": 0.0041269612288 }, "geometry": { "type": "MultiLineString", "coordinates": [ [ [ 75.775544245170806, 26.850149768996687 ], [ 75.775813740511751, 26.849880274555062 ], [ 75.77689171827825, 26.849880274555062 ], [ 75.778239191385637, 26.848532801447675 ], [ 75.778508685827262, 26.84826330700605 ], [ 75.778778180268887, 26.847993812564425 ] ] ] } },
{ "type": "Feature", "properties": { "OBJECTID": 945.0, "LAYER": "Stream", "STREAM_ID": 6288, "IN_FLOW": 846.0, "OUT_FLOW": 1456.0, "DRAIN_AREA": "1.168 sq km", "STRAHLER": 2, "Shape_Leng": 0.014713860486199999 }, "geometry": { "type": "MultiLineString", "coordinates": [ [ [ 75.805997133261144, 26.849880274555062 ], [ 75.805727638819519, 26.849610780113437 ], [ 75.805188649936326, 26.849071790330925 ], [ 75.805188649936326, 26.8488022958893 ], [ 75.805458144377894, 26.848532801447675 ], [ 75.805458144377894, 26.846915833898663 ], [ 75.804919155494701, 26.846376845015413 ], [ 75.804380166611452, 26.846376845015413 ], [ 75.803841176828882, 26.846376845015413 ], [ 75.80330218794569, 26.845837855232901 ], [ 75.80276319906244, 26.845298866349651 ], [ 75.801685220396678, 26.844220887683889 ], [ 75.800876736172484, 26.844220887683889 ], [ 75.800337747289291, 26.843681898800639 ], [ 75.800337747289291, 26.843412404359015 ], [ 75.801146231513428, 26.842603920134877 ], [ 75.800876736172484, 26.842334425693252 ], [ 75.798720779740222, 26.840178469260991 ] ] ] } },
{ "type": "Feature", "properties": { "OBJECTID": 946.0, "LAYER": "Stream", "STREAM_ID": 6289, "IN_FLOW": 201.0, "OUT_FLOW": 379.0, "DRAIN_AREA": "0.3041 sq km", "STRAHLER": 1, "Shape_Leng": 0.0048700547639199997 }, "geometry": { "type": "MultiLineString", "coordinates": [ [ [ 75.817315906104227, 26.849880274555062 ], [ 75.817315906104227, 26.849071790330925 ], [ 75.817585400545852, 26.8488022958893 ], [ 75.817585400545852, 26.848532801447675 ], [ 75.817585400545852, 26.84826330700605 ], [ 75.817585400545852, 26.847993812564425 ], [ 75.817046411662602, 26.847454822781913 ], [ 75.81596843299684, 26.847454822781913 ], [ 75.81542944411359, 26.846915833898663 ], [ 75.81542944411359, 26.846646339457038 ] ] ] } },
{ "type": "Feature", "properties": { "OBJECTID": 947.0, "LAYER": "Stream", "STREAM_ID": 6290, "IN_FLOW": 201.0, "OUT_FLOW": 694.0, "DRAIN_AREA": "0.557 sq km", "STRAHLER": 1, "Shape_Leng": 0.0121193237373 }, "geometry": { "type": "MultiLineString", "coordinates": [ [ [ 75.844265364654916, 26.849341284772549 ], [ 75.843995870213291, 26.849341284772549 ], [ 75.843726375771666, 26.849341284772549 ], [ 75.843456881330042, 26.849341284772549 ], [ 75.843187386888474, 26.849341284772549 ], [ 75.842648397105904, 26.849341284772549 ], [ 75.842378902664279, 26.849341284772549 ], [ 75.842109408222655, 26.849341284772549 ], [ 75.841570419339462, 26.849880274555062 ], [ 75.841300923998517, 26.849880274555062 ], [ 75.840492440673643, 26.849880274555062 ], [ 75.83995345179045, 26.849880274555062 ], [ 75.838336484241438, 26.84826330700605 ], [ 75.838066988900493, 26.84826330700605 ], [ 75.837797494458869, 26.84826330700605 ], [ 75.836989011133994, 26.847454822781913 ], [ 75.836989011133994, 26.846646339457038 ], [ 75.836989011133994, 26.846107350573845 ], [ 75.836989011133994, 26.845029371908026 ], [ 75.837258505575619, 26.844759877466402 ], [ 75.837258505575619, 26.843951393242264 ] ] ] } },
{ "type": "Feature", "properties": { "OBJECTID": 948.0, "LAYER": "Stream", "STREAM_ID": 6291, "IN_FLOW": 1679.0, "OUT_FLOW": 1875.0, "DRAIN_AREA": "1.505 sq km", "STRAHLER": 2, "Shape_Leng": 0.0039037056226399998 }, "geometry": { "type": "MultiLineString", "coordinates": [ [ [ 75.898164281756237, 26.849880274555062 ], [ 75.898164281756237, 26.849341284772549 ], [ 75.898972765980432, 26.848532801447675 ], [ 75.899242260422056, 26.848532801447675 ], [ 75.899781249305249, 26.848532801447675 ], [ 75.900050743746874, 26.84826330700605 ], [ 75.900320238188499, 26.84826330700605 ], [ 75.900859227971068, 26.847724317223538 ] ] ] } },
{ "type": "Feature", "properties": { "OBJECTID": 949.0, "LAYER": "Stream", "STREAM_ID": 6305, "IN_FLOW": 1840.0, "OUT_FLOW": 2497.0, "DRAIN_AREA": "2.004 sq km", "STRAHLER": 2, "Shape_Leng": 0.0151029156113 }, "geometry": { "type": "MultiLineString", "coordinates": [ [ [ 75.792522404885119, 26.849341284772549 ], [ 75.792522404885119, 26.84826330700605 ], [ 75.792791899326744, 26.847993812564425 ], [ 75.792791899326744, 26.847724317223538 ], [ 75.792791899326744, 26.847185328340288 ], [ 75.792252909544175, 26.846646339457038 ], [ 75.792252909544175, 26.845568360791276 ], [ 75.790366447553595, 26.843681898800639 ], [ 75.79009695311197, 26.843681898800639 ], [ 75.789288469787095, 26.843681898800639 ], [ 75.788749480004583, 26.84314290991739 ], [ 75.788479985562958, 26.84314290991739 ], [ 75.787671502238084, 26.842334425693252 ], [ 75.787671502238084, 26.840447963702616 ], [ 75.787940996679708, 26.840178469260991 ], [ 75.787940996679708, 26.839908974819366 ], [ 75.787940996679708, 26.839100490595229 ], [ 75.787671502238084, 26.838830996153604 ], [ 75.787671502238084, 26.837483523046217 ] ] ] } },
{ "type": "Feature", "properties": { "OBJECTID": 950.0, "LAYER": "Stream", "STREAM_ID": 6306, "IN_FLOW": 2309.0, "OUT_FLOW": 2333.0, "DRAIN_AREA": "1.872 sq km", "STRAHLER": 3, "Shape_Leng": 0.00130123490783 }, "geometry": { "type": "MultiLineString", "coordinates": [ [ [ 75.87849117672647, 26.849341284772549 ], [ 75.878760672067415, 26.849071790330925 ], [ 75.879299660950664, 26.849071790330925 ], [ 75.879569155392289, 26.849341284772549 ] ] ] } },
{ "type": "Feature", "properties": { "OBJECTID": 951.0, "LAYER": "Stream", "STREAM_ID": 6307, "IN_FLOW": 24091.0, "OUT_FLOW": 24581.0, "DRAIN_AREA": "19.726 sq km", "STRAHLER": 4, "Shape_Leng": 0.011626571891 }, "geometry": { "type": "MultiLineString", "coordinates": [ [ [ 75.890348938452803, 26.849341284772549 ], [ 75.891965906001815, 26.849341284772549 ], [ 75.892235401342759, 26.849071790330925 ], [ 75.892504895784384, 26.849071790330925 ], [ 75.893043884667577, 26.848532801447675 ], [ 75.893582873550827, 26.848532801447675 ], [ 75.894121863333396, 26.849071790330925 ], [ 75.894660852216589, 26.849071790330925 ], [ 75.894930346658214, 26.849071790330925 ], [ 75.895199841099839, 26.849071790330925 ], [ 75.896008325324033, 26.84826330700605 ], [ 75.89735579843142, 26.84826330700605 ], [ 75.897894787314613, 26.847724317223538 ], [ 75.900859227971068, 26.847724317223538 ] ] ] } },
{ "type": "Feature", "properties": { "OBJECTID": 952.0, "LAYER": "Stream", "STREAM_ID": 6315, "IN_FLOW": 384.0, "OUT_FLOW": 391.0, "DRAIN_AREA": "0.3138 sq km", "STRAHLER": 1, "Shape_Leng": 0.0010317398302400001 }, "geometry": { "type": "MultiLineString", "coordinates": [ [ [ 75.880108144275482, 26.848532801447675 ], [ 75.880108144275482, 26.8488022958893 ], [ 75.879569155392289, 26.849341284772549 ] ] ] } },
{ "type": "Feature", "properties": { "OBJECTID": 953.0, "LAYER": "Stream", "STREAM_ID": 6316, "IN_FLOW": 210.0, "OUT_FLOW": 247.0, "DRAIN_AREA": "0.1982 sq km", "STRAHLER": 1, "Shape_Leng": 0.0015707287134899999 }, "geometry": { "type": "MultiLineString", "coordinates": [ [ [ 75.889001466244736, 26.8488022958893 ], [ 75.889540455127985, 26.8488022958893 ], [ 75.889809949569553, 26.849071790330925 ], [ 75.890079444011178, 26.849071790330925 ], [ 75.890348938452803, 26.849341284772549 ] ] ] } },
{ "type": "Feature", "properties": { "OBJECTID": 954.0, "LAYER": "Stream", "STREAM_ID": 6318, "IN_FLOW": 277.0, "OUT_FLOW": 285.0, "DRAIN_AREA": "0.2287 sq km", "STRAHLER": 1, "Shape_Leng": 0.0011433687188700001 }, "geometry": { "type": "MultiLineString", "coordinates": [ [ [ 75.779586664493024, 26.8488022958893 ], [ 75.779317170051399, 26.848532801447675 ], [ 75.778778180268887, 26.847993812564425 ] ] ] } },
{ "type": "Feature", "properties": { "OBJECTID": 955.0, "LAYER": "Stream", "STREAM_ID": 6330, "IN_FLOW": 202.0, "OUT_FLOW": 287.0, "DRAIN_AREA": "0.2303 sq km", "STRAHLER": 1, "Shape_Leng": 0.0012539229301800001 }, "geometry": { "type": "MultiLineString", "coordinates": [ [ [ 75.742935400648264, 26.84826330700605 ], [ 75.742935400648264, 26.847724317223538 ], [ 75.742935400648264, 26.847185328340288 ], [ 75.742935400648264, 26.847009384075875 ] ] ] } },
{ "type": "Feature", "properties": { "OBJECTID": 956.0, "LAYER": "Stream", "STREAM_ID": 6331, "IN_FLOW": 226.0, "OUT_FLOW": 453.0, "DRAIN_AREA": "0.3635 sq km", "STRAHLER": 1, "Shape_Leng": 0.0030582937827799998 }, "geometry": { "type": "MultiLineString", "coordinates": [ [ [ 75.746169335746288, 26.84826330700605 ], [ 75.745630346863095, 26.84826330700605 ], [ 75.74536085242147, 26.847993812564425 ], [ 75.743848929284695, 26.846481889427707 ] ] ] } },
{ "type": "Feature", "properties": { "OBJECTID": 957.0, "LAYER": "Stream", "STREAM_ID": 6336, "IN_FLOW": 151467.0, "OUT_FLOW": 151555.0, "DRAIN_AREA": "121.62 sq km", "STRAHLER": 5, "Shape_Leng": 0.00264870865105 }, "geometry": { "type": "MultiLineString", "coordinates": [ [ [ 75.778778180268887, 26.847993812564425 ], [ 75.779047675609775, 26.847724317223538 ], [ 75.779047675609775, 26.846915833898663 ], [ 75.779317170051399, 26.846646339457038 ], [ 75.779317170051399, 26.845568360791276 ] ] ] } },
{ "type": "Feature", "properties": { "OBJECTID": 958.0, "LAYER": "Stream", "STREAM_ID": 6341, "IN_FLOW": 26463.0, "OUT_FLOW": 26479.0, "DRAIN_AREA": "21.249 sq km", "STRAHLER": 4, "Shape_Leng": 0.00102305058062 }, "geometry": { "type": "MultiLineString", "coordinates": [ [ [ 75.900859227971068, 26.847724317223538 ], [ 75.901398216854261, 26.847185328340288 ], [ 75.90165902204626, 26.847185328340288 ] ] ] } },
{ "type": "Feature", "properties": { "OBJECTID": 959.0, "LAYER": "Stream", "STREAM_ID": 6354, "IN_FLOW": 201.0, "OUT_FLOW": 760.0, "DRAIN_AREA": "0.61 sq km", "STRAHLER": 1, "Shape_Leng": 0.0152336976252 }, "geometry": { "type": "MultiLineString", "coordinates": [ [ [ 75.787402006897139, 26.847185328340288 ], [ 75.787402006897139, 26.846915833898663 ], [ 75.787402006897139, 26.846646339457038 ], [ 75.787940996679708, 26.846107350573845 ], [ 75.787940996679708, 26.845298866349651 ], [ 75.787402006897139, 26.844759877466402 ], [ 75.787402006897139, 26.844490383024834 ], [ 75.787402006897139, 26.844220887683889 ], [ 75.787402006897139, 26.843412404359015 ], [ 75.786324029130697, 26.842334425693252 ], [ 75.786324029130697, 26.842064931251628 ], [ 75.785785040247447, 26.841525942368378 ], [ 75.785785040247447, 26.841256447926753 ], [ 75.785515544906502, 26.840986952585865 ], [ 75.78443756714006, 26.840986952585865 ], [ 75.784168072698435, 26.841256447926753 ], [ 75.78389857735749, 26.841525942368378 ], [ 75.783359588474298, 26.842064931251628 ], [ 75.783090094032673, 26.841795436810003 ], [ 75.782281609808479, 26.841795436810003 ], [ 75.782012115366911, 26.841795436810003 ], [ 75.781742620925286, 26.841795436810003 ], [ 75.781203632042036, 26.842334425693252 ], [ 75.780664642259467, 26.842873415475822 ], [ 75.780395147817899, 26.842873415475822 ], [ 75.780125653376274, 26.842603920134877 ], [ 75.780125653376274, 26.842064931251628 ], [ 75.779586664493024, 26.841525942368378 ] ] ] } },
{ "type": "Feature", "properties": { "OBJECTID": 960.0, "LAYER": "Stream", "STREAM_ID": 6355, "IN_FLOW": 298.0, "OUT_FLOW": 439.0, "DRAIN_AREA": "0.3523 sq km", "STRAHLER": 1, "Shape_Leng": 0.0055860616895400004 }, "geometry": { "type": "MultiLineString", "coordinates": [ [ [ 75.811926014573942, 26.847185328340288 ], [ 75.811926014573942, 26.846915833898663 ], [ 75.813003993239761, 26.845837855232901 ], [ 75.81354298212301, 26.845837855232901 ], [ 75.814081971006203, 26.845298866349651 ], [ 75.814081971006203, 26.845029371908026 ], [ 75.814081971006203, 26.844759877466402 ], [ 75.814081971006203, 26.844490383024834 ], [ 75.813273487681386, 26.843681898800639 ], [ 75.813273487681386, 26.84314290991739 ] ] ] } },
{ "type": "Feature", "properties": { "OBJECTID": 961.0, "LAYER": "Stream", "STREAM_ID": 6360, "IN_FLOW": 8032.0, "OUT_FLOW": 8095.0, "DRAIN_AREA": "6.496 sq km", "STRAHLER": 3, "Shape_Leng": 0.00352258229239 }, "geometry": { "type": "MultiLineString", "coordinates": [ [ [ 75.830790635379572, 26.846915833898663 ], [ 75.831060129821196, 26.846646339457038 ], [ 75.831060129821196, 26.846376845015413 ], [ 75.831060129821196, 26.846107350573845 ], [ 75.831868614045334, 26.845298866349651 ], [ 75.831868614045334, 26.845029371908026 ], [ 75.832138108486959, 26.844759877466402 ], [ 75.832138108486959, 26.843951393242264 ] ] ] } },
{ "type": "Feature", "properties": { "OBJECTID": 962.0, "LAYER": "Stream", "STREAM_ID": 6361, "IN_FLOW": 24809.0, "OUT_FLOW": 25428.0, "DRAIN_AREA": "20.405 sq km", "STRAHLER": 3, "Shape_Leng": 0.012726488748 }, "geometry": { "type": "MultiLineString", "coordinates": [ [ [ 75.891426917118565, 26.841795436810003 ], [ 75.89169641156019, 26.841795436810003 ], [ 75.891965906001815, 26.842064931251628 ], [ 75.892774390226009, 26.842064931251628 ], [ 75.893043884667577, 26.842334425693252 ], [ 75.893582873550827, 26.842873415475822 ], [ 75.893852368891771, 26.842873415475822 ], [ 75.894660852216589, 26.843681898800639 ], [ 75.894930346658214, 26.843681898800639 ], [ 75.895469336440783, 26.844220887683889 ], [ 75.896277819765601, 26.844220887683889 ], [ 75.897086303090475, 26.845029371908026 ], [ 75.897625292873045, 26.845029371908026 ], [ 75.897894787314613, 26.845298866349651 ], [ 75.898164281756237, 26.845568360791276 ], [ 75.897894787314613, 26.845837855232901 ], [ 75.898703270639487, 26.846646339457038 ], [ 75.901605106790328, 26.846646339457038 ] ] ] } },
{ "type": "Feature", "properties": { "OBJECTID": 963.0, "LAYER": "Stream", "STREAM_ID": 6369, "IN_FLOW": 1902.0, "OUT_FLOW": 2061.0, "DRAIN_AREA": "1.654 sq km", "STRAHLER": 2, "Shape_Leng": 0.0058555579297900002 }, "geometry": { "type": "MultiLineString", "coordinates": [ [ [ 75.81542944411359, 26.846646339457038 ], [ 75.815698938555215, 26.846376845015413 ], [ 75.815698938555215, 26.845837855232901 ], [ 75.816237928337785, 26.845298866349651 ], [ 75.816237928337785, 26.845029371908026 ], [ 75.81596843299684, 26.844759877466402 ], [ 75.815159949672022, 26.843951393242264 ], [ 75.815159949672022, 26.843681898800639 ], [ 75.815159949672022, 26.843412404359015 ], [ 75.815159949672022, 26.84314290991739 ], [ 75.815159949672022, 26.842334425693252 ], [ 75.814620960788773, 26.841795436810003 ] ] ] } },
{ "type": "Feature", "properties": { "OBJECTID": 964.0, "LAYER": "Stream", "STREAM_ID": 6376, "IN_FLOW": 202.0, "OUT_FLOW": 769.0, "DRAIN_AREA": "0.617 sq km", "STRAHLER": 1, "Shape_Leng": 0.0150104391028 }, "geometry": { "type": "MultiLineString", "coordinates": [ [ [ 75.823244787417082, 26.846376845015413 ], [ 75.823244787417082, 26.846107350573845 ], [ 75.823244787417082, 26.845029371908026 ], [ 75.82351428185865, 26.844759877466402 ], [ 75.824053270741899, 26.844220887683889 ], [ 75.824861754966093, 26.844220887683889 ], [ 75.825131249407718, 26.844220887683889 ], [ 75.825400743849286, 26.843951393242264 ], [ 75.825939732732536, 26.843951393242264 ], [ 75.826209227174161, 26.843681898800639 ], [ 75.82674821695673, 26.843681898800639 ], [ 75.827017711398298, 26.843681898800639 ], [ 75.827287205839923, 26.843412404359015 ], [ 75.827287205839923, 26.842603920134877 ], [ 75.827556700281548, 26.842334425693252 ], [ 75.827556700281548, 26.841795436810003 ], [ 75.829443162272185, 26.839908974819366 ], [ 75.82917366783056, 26.839639480377741 ], [ 75.828904173388935, 26.839369985936173 ], [ 75.828365184505742, 26.838830996153604 ], [ 75.828365184505742, 26.838561501711979 ], [ 75.828904173388935, 26.838022512828729 ], [ 75.828904173388935, 26.837483523046217 ], [ 75.828904173388935, 26.836405545279717 ], [ 75.82917366783056, 26.836136050838149 ] ] ] } },
{ "type": "Feature", "properties": { "OBJECTID": 965.0, "LAYER": "Stream", "STREAM_ID": 6385, "IN_FLOW": 204.0, "OUT_FLOW": 473.0, "DRAIN_AREA": "0.3796 sq km", "STRAHLER": 1, "Shape_Leng": 0.0048238165643099996 }, "geometry": { "type": "MultiLineString", "coordinates": [ [ [ 75.761800021453894, 26.845837855232901 ], [ 75.762878000119656, 26.844759877466402 ], [ 75.762878000119656, 26.844490383024834 ], [ 75.763147494561281, 26.844220887683889 ], [ 75.763147494561281, 26.843951393242264 ], [ 75.763416989002906, 26.843681898800639 ], [ 75.765033956551918, 26.843681898800639 ], [ 75.765303450993542, 26.843412404359015 ] ] ] } },
{ "type": "Feature", "properties": { "OBJECTID": 966.0, "LAYER": "Stream", "STREAM_ID": 6386, "IN_FLOW": 201.0, "OUT_FLOW": 556.0, "DRAIN_AREA": "0.4462 sq km", "STRAHLER": 1, "Shape_Leng": 0.0080115137260900002 }, "geometry": { "type": "MultiLineString", "coordinates": [ [ [ 75.795486844642198, 26.845837855232901 ], [ 75.795486844642198, 26.845568360791276 ], [ 75.795756339083823, 26.845298866349651 ], [ 75.795756339083823, 26.844759877466402 ], [ 75.795756339083823, 26.844490383024834 ], [ 75.795756339083823, 26.844220887683889 ], [ 75.794947855759006, 26.843412404359015 ], [ 75.794947855759006, 26.842334425693252 ], [ 75.795486844642198, 26.841795436810003 ], [ 75.797373306632835, 26.841795436810003 ], [ 75.79764280197378, 26.841525942368378 ], [ 75.797912296415404, 26.841525942368378 ], [ 75.798451285298654, 26.840986952585865 ] ] ] } },
{ "type": "Feature", "properties": { "OBJECTID": 967.0, "LAYER": "Stream", "STREAM_ID": 6387, "IN_FLOW": 213.0, "OUT_FLOW": 861.0, "DRAIN_AREA": "0.691 sq km", "STRAHLER": 1, "Shape_Leng": 0.0119152180769 }, "geometry": { "type": "MultiLineString", "coordinates": [ [ [ 75.818932873653239, 26.845837855232901 ], [ 75.818932873653239, 26.845568360791276 ], [ 75.818932873653239, 26.845298866349651 ], [ 75.818932873653239, 26.845029371908026 ], [ 75.818932873653239, 26.844759877466402 ], [ 75.818124390328421, 26.843951393242264 ], [ 75.818124390328421, 26.843412404359015 ], [ 75.818393884770046, 26.84314290991739 ], [ 75.818393884770046, 26.842873415475822 ], [ 75.818393884770046, 26.842064931251628 ], [ 75.818932873653239, 26.841525942368378 ], [ 75.819741357877433, 26.841525942368378 ], [ 75.820010852319058, 26.841525942368378 ], [ 75.82162781986807, 26.839908974819366 ], [ 75.82162781986807, 26.839369985936173 ], [ 75.82162781986807, 26.839100490595229 ], [ 75.82162781986807, 26.838561501711979 ], [ 75.822166808751263, 26.838022512828729 ], [ 75.822166808751263, 26.837214028604592 ], [ 75.822436303192887, 26.836944534162967 ], [ 75.822436303192887, 26.836675039721342 ] ] ] } },
{ "type": "Feature", "properties": { "OBJECTID": 968.0, "LAYER": "Stream", "STREAM_ID": 6391, "IN_FLOW": 206.0, "OUT_FLOW": 544.0, "DRAIN_AREA": "0.4365 sq km", "STRAHLER": 1, "Shape_Leng": 0.0086621312345700006 }, "geometry": { "type": "MultiLineString", "coordinates": [ [ [ 75.768267891649941, 26.845568360791276 ], [ 75.768267891649941, 26.845029371908026 ], [ 75.769076375874079, 26.844220887683889 ], [ 75.769615364757328, 26.844220887683889 ], [ 75.769884859198953, 26.844220887683889 ], [ 75.770962837864715, 26.84314290991739 ], [ 75.770962837864715, 26.841525942368378 ], [ 75.770962837864715, 26.841256447926753 ], [ 75.77123233230634, 26.840986952585865 ], [ 75.772310310972102, 26.840986952585865 ], [ 75.772579805413727, 26.84071745814424 ], [ 75.773118794296977, 26.84071745814424 ], [ 75.773388288738602, 26.840986952585865 ] ] ] } },
{ "type": "Feature", "properties": { "OBJECTID": 969.0, "LAYER": "Stream", "STREAM_ID": 6392, "IN_FLOW": 152250.0, "OUT_FLOW": 152427.0, "DRAIN_AREA": "122.32 sq km", "STRAHLER": 5, "Shape_Leng": 0.0041540466756000002 }, "geometry": { "type": "MultiLineString", "coordinates": [ [ [ 75.779317170051399, 26.845568360791276 ], [ 75.779317170051399, 26.841795436810003 ], [ 75.779586664493024, 26.841525942368378 ] ] ] } },
{ "type": "Feature", "properties": { "OBJECTID": 970.0, "LAYER": "Stream", "STREAM_ID": 6393, "IN_FLOW": 202.0, "OUT_FLOW": 252.0, "DRAIN_AREA": "0.2022 sq km", "STRAHLER": 1, "Shape_Leng": 0.00157073088465 }, "geometry": { "type": "MultiLineString", "coordinates": [ [ [ 75.885228541364143, 26.845568360791276 ], [ 75.885498036705087, 26.845298866349651 ], [ 75.885498036705087, 26.844759877466402 ], [ 75.885228541364143, 26.844490383024834 ], [ 75.885228541364143, 26.844220887683889 ] ] ] } },
{ "type": "Feature", "properties": { "OBJECTID": 971.0, "LAYER": "Stream", "STREAM_ID": 6399, "IN_FLOW": 202.0, "OUT_FLOW": 302.0, "DRAIN_AREA": "0.2423 sq km", "STRAHLER": 1, "Shape_Leng": 0.0013012349077799999 }, "geometry": { "type": "MultiLineString", "coordinates": [ [ [ 75.850733234850964, 26.845298866349651 ], [ 75.851272223734213, 26.845298866349651 ], [ 75.851811213516726, 26.844759877466402 ] ] ] } },
{ "type": "Feature", "properties": { "OBJECTID": 972.0, "LAYER": "Stream", "STREAM_ID": 6404, "IN_FLOW": 268.0, "OUT_FLOW": 368.0, "DRAIN_AREA": "0.2953 sq km", "STRAHLER": 1, "Shape_Leng": 0.0031414589622099998 }, "geometry": { "type": "MultiLineString", "coordinates": [ [ [ 75.857740093930261, 26.845029371908026 ], [ 75.857740093930261, 26.844759877466402 ], [ 75.858009588371885, 26.844490383024834 ], [ 75.857740093930261, 26.844220887683889 ], [ 75.857740093930261, 26.843681898800639 ], [ 75.858009588371885, 26.843412404359015 ], [ 75.858009588371885, 26.84314290991739 ], [ 75.858009588371885, 26.842603920134877 ], [ 75.857740093930261, 26.842334425693252 ] ] ] } },
{ "type": "Feature", "properties": { "OBJECTID": 973.0, "LAYER": "Stream", "STREAM_ID": 6405, "IN_FLOW": 205.0, "OUT_FLOW": 487.0, "DRAIN_AREA": "0.3908 sq km", "STRAHLER": 1, "Shape_Leng": 0.0066640409912099999 }, "geometry": { "type": "MultiLineString", "coordinates": [ [ [ 75.868519877890094, 26.844759877466402 ], [ 75.868789372331719, 26.845029371908026 ], [ 75.869058866773344, 26.845029371908026 ], [ 75.869597855656593, 26.845029371908026 ], [ 75.869867350098161, 26.844759877466402 ], [ 75.869867350098161, 26.844490383024834 ], [ 75.870406339880731, 26.843951393242264 ], [ 75.870406339880731, 26.84314290991739 ], [ 75.870406339880731, 26.842603920134877 ], [ 75.870406339880731, 26.842064931251628 ], [ 75.87094532876398, 26.841525942368378 ], [ 75.871484317647173, 26.840986952585865 ], [ 75.871753812088798, 26.840986952585865 ], [ 75.872023307429743, 26.84071745814424 ] ] ] } },
{ "type": "Feature", "properties": { "OBJECTID": 974.0, "LAYER": "Stream", "STREAM_ID": 6407, "IN_FLOW": 259.0, "OUT_FLOW": 274.0, "DRAIN_AREA": "0.2199 sq km", "STRAHLER": 1, "Shape_Leng": 0.0016823585013899999 }, "geometry": { "type": "MultiLineString", "coordinates": [ [ [ 75.838605978683006, 26.844759877466402 ], [ 75.838336484241438, 26.844490383024834 ], [ 75.838066988900493, 26.844490383024834 ], [ 75.837797494458869, 26.844490383024834 ], [ 75.837528000017244, 26.844220887683889 ], [ 75.837258505575619, 26.843951393242264 ] ] ] } },
{ "type": "Feature", "properties": { "OBJECTID": 975.0, "LAYER": "Stream", "STREAM_ID": 6408, "IN_FLOW": 231.0, "OUT_FLOW": 726.0, "DRAIN_AREA": "0.583 sq km", "STRAHLER": 1, "Shape_Leng": 0.0081422956309199993 }, "geometry": { "type": "MultiLineString", "coordinates": [ [ [ 75.845882332203928, 26.842873415475822 ], [ 75.846690816428065, 26.842064931251628 ], [ 75.847229805311315, 26.842064931251628 ], [ 75.84749929975294, 26.841795436810003 ], [ 75.847768794194565, 26.841525942368378 ], [ 75.848038288636189, 26.841525942368378 ], [ 75.848846772860327, 26.841525942368378 ], [ 75.850463740409339, 26.84314290991739 ], [ 75.850463740409339, 26.843412404359015 ], [ 75.851272223734213, 26.844220887683889 ], [ 75.851272223734213, 26.844490383024834 ], [ 75.851541718175838, 26.844759877466402 ], [ 75.851811213516726, 26.844759877466402 ] ] ] } },
{ "type": "Feature", "properties": { "OBJECTID": 976.0, "LAYER": "Stream", "STREAM_ID": 6409, "IN_FLOW": 1032.0, "OUT_FLOW": 1427.0, "DRAIN_AREA": "1.145 sq km", "STRAHLER": 2, "Shape_Leng": 0.0071567919382699999 }, "geometry": { "type": "MultiLineString", "coordinates": [ [ [ 75.851811213516726, 26.844759877466402 ], [ 75.852350202399975, 26.844759877466402 ], [ 75.8526196968416, 26.844759877466402 ], [ 75.853967169948987, 26.843412404359015 ], [ 75.854236664390612, 26.843412404359015 ], [ 75.854506158832237, 26.84314290991739 ], [ 75.854775653273862, 26.84314290991739 ], [ 75.855045148614749, 26.842873415475822 ], [ 75.855314643056374, 26.842873415475822 ], [ 75.856123126381249, 26.842064931251628 ], [ 75.856662116163761, 26.842064931251628 ], [ 75.857470599488636, 26.842064931251628 ], [ 75.857740093930261, 26.842334425693252 ] ] ] } },
{ "type": "Feature", "properties": { "OBJECTID": 977.0, "LAYER": "Stream", "STREAM_ID": 6410, "IN_FLOW": 200.0, "OUT_FLOW": 433.0, "DRAIN_AREA": "0.3475 sq km", "STRAHLER": 1, "Shape_Leng": 0.0056323014243300001 }, "geometry": { "type": "MultiLineString", "coordinates": [ [ [ 75.864477458567933, 26.844759877466402 ], [ 75.864746953009558, 26.844759877466402 ], [ 75.865555437233695, 26.843951393242264 ], [ 75.86582493167532, 26.843951393242264 ], [ 75.866094426116945, 26.843681898800639 ], [ 75.86636392055857, 26.843681898800639 ], [ 75.866902910341082, 26.84314290991739 ], [ 75.866902910341082, 26.840986952585865 ], [ 75.867172404782707, 26.84071745814424 ] ] ] } },
{ "type": "Feature", "properties": { "OBJECTID": 978.0, "LAYER": "Stream", "STREAM_ID": 6418, "IN_FLOW": 201.0, "OUT_FLOW": 201.0, "DRAIN_AREA": "0.1613 sq km", "STRAHLER": 1, "Shape_Leng": 0.00038112333024600001 }, "geometry": { "type": "MultiLineString", "coordinates": [ [ [ 75.884959046922518, 26.844490383024834 ], [ 75.885228541364143, 26.844220887683889 ] ] ] } },
{ "type": "Feature", "properties": { "OBJECTID": 979.0, "LAYER": "Stream", "STREAM_ID": 6423, "IN_FLOW": 238.0, "OUT_FLOW": 380.0, "DRAIN_AREA": "0.3049 sq km", "STRAHLER": 1, "Shape_Leng": 0.0042194369921100001 }, "geometry": { "type": "MultiLineString", "coordinates": [ [ [ 75.809500563700112, 26.844220887683889 ], [ 75.809770058141737, 26.843951393242264 ], [ 75.81030904702493, 26.843951393242264 ], [ 75.810578541466555, 26.843951393242264 ], [ 75.81084803590818, 26.843681898800639 ], [ 75.811656520132374, 26.843681898800639 ], [ 75.811926014573942, 26.843412404359015 ], [ 75.813003993239761, 26.843412404359015 ], [ 75.813273487681386, 26.84314290991739 ] ] ] } },
{ "type": "Feature", "properties": { "OBJECTID": 980.0, "LAYER": "Stream", "STREAM_ID": 6424, "IN_FLOW": 458.0, "OUT_FLOW": 793.0, "DRAIN_AREA": "0.636 sq km", "STRAHLER": 2, "Shape_Leng": 0.0063945468130300002 }, "geometry": { "type": "MultiLineString", "coordinates": [ [ [ 75.885228541364143, 26.844220887683889 ], [ 75.886306520029905, 26.84314290991739 ], [ 75.88657601447153, 26.84314290991739 ], [ 75.887115004254099, 26.84314290991739 ], [ 75.887923487578973, 26.842334425693252 ], [ 75.890079444011178, 26.842334425693252 ], [ 75.890618433793747, 26.841795436810003 ] ] ] } },
{ "type": "Feature", "properties": { "OBJECTID": 981.0, "LAYER": "Stream", "STREAM_ID": 6431, "IN_FLOW": 11621.0, "OUT_FLOW": 11927.0, "DRAIN_AREA": "9.571 sq km", "STRAHLER": 3, "Shape_Leng": 0.0068872974966100002 }, "geometry": { "type": "MultiLineString", "coordinates": [ [ [ 75.832138108486959, 26.843951393242264 ], [ 75.832407602928583, 26.843681898800639 ], [ 75.832407602928583, 26.843412404359015 ], [ 75.832407602928583, 26.84314290991739 ], [ 75.832407602928583, 26.842873415475822 ], [ 75.832946591811833, 26.842334425693252 ], [ 75.833485581594346, 26.842334425693252 ], [ 75.835372043584982, 26.840447963702616 ], [ 75.836180526909857, 26.840447963702616 ], [ 75.836450022250801, 26.840178469260991 ], [ 75.836989011133994, 26.840178469260991 ] ] ] } },
{ "type": "Feature", "properties": { "OBJECTID": 982.0, "LAYER": "Stream", "STREAM_ID": 6432, "IN_FLOW": 971.0, "OUT_FLOW": 1097.0, "DRAIN_AREA": "0.88 sq km", "STRAHLER": 2, "Shape_Leng": 0.0041078087393899999 }, "geometry": { "type": "MultiLineString", "coordinates": [ [ [ 75.837258505575619, 26.843951393242264 ], [ 75.837258505575619, 26.843681898800639 ], [ 75.837258505575619, 26.843412404359015 ], [ 75.837258505575619, 26.842603920134877 ], [ 75.837528000017244, 26.842334425693252 ], [ 75.837528000017244, 26.841795436810003 ], [ 75.837528000017244, 26.84071745814424 ], [ 75.836989011133994, 26.840178469260991 ] ] ] } },
{ "type": "Feature", "properties": { "OBJECTID": 983.0, "LAYER": "Stream", "STREAM_ID": 6433, "IN_FLOW": 202.0, "OUT_FLOW": 414.0, "DRAIN_AREA": "0.3322 sq km", "STRAHLER": 1, "Shape_Leng": 0.0030401644594499999 }, "geometry": { "type": "MultiLineString", "coordinates": [ [ [ 75.898433776197862, 26.841795436810003 ], [ 75.898972765980432, 26.842334425693252 ], [ 75.898972765980432, 26.842603920134877 ], [ 75.899242260422056, 26.842873415475822 ], [ 75.899511754863624, 26.842873415475822 ], [ 75.899781249305249, 26.84314290991739 ], [ 75.900050743746874, 26.84314290991739 ], [ 75.900757932832391, 26.84314290991739 ] ] ] } },
{ "type": "Feature", "properties": { "OBJECTID": 984.0, "LAYER": "Stream", "STREAM_ID": 6443, "IN_FLOW": 2181.0, "OUT_FLOW": 2971.0, "DRAIN_AREA": "2.384 sq km", "STRAHLER": 2, "Shape_Leng": 0.0151220688908 }, "geometry": { "type": "MultiLineString", "coordinates": [ [ [ 75.765303450993542, 26.843412404359015 ], [ 75.765842440776055, 26.842873415475822 ], [ 75.765842440776055, 26.842603920134877 ], [ 75.765842440776055, 26.842334425693252 ], [ 75.765842440776055, 26.84071745814424 ], [ 75.765842440776055, 26.840447963702616 ], [ 75.765303450993542, 26.839908974819366 ], [ 75.765303450993542, 26.839639480377741 ], [ 75.765033956551918, 26.839369985936173 ], [ 75.765033956551918, 26.839100490595229 ], [ 75.765303450993542, 26.838830996153604 ], [ 75.765303450993542, 26.836675039721342 ], [ 75.765842440776055, 26.836136050838149 ], [ 75.765842440776055, 26.835866555497205 ], [ 75.767189912984179, 26.834519083289138 ], [ 75.765842440776055, 26.833171610181694 ], [ 75.765842440776055, 26.832093631515932 ], [ 75.765303450993542, 26.831554642632682 ], [ 75.765033956551918, 26.831554642632682 ], [ 75.764494967668668, 26.831015653749489 ] ] ] } },
{ "type": "Feature", "properties": { "OBJECTID": 985.0, "LAYER": "Stream", "STREAM_ID": 6448, "IN_FLOW": 824.0, "OUT_FLOW": 854.0, "DRAIN_AREA": "0.685 sq km", "STRAHLER": 2, "Shape_Leng": 0.0020634809323000001 }, "geometry": { "type": "MultiLineString", "coordinates": [ [ [ 75.813273487681386, 26.84314290991739 ], [ 75.81354298212301, 26.842873415475822 ], [ 75.813812476564578, 26.842873415475822 ], [ 75.814081971006203, 26.842603920134877 ], [ 75.814081971006203, 26.842334425693252 ], [ 75.814620960788773, 26.841795436810003 ] ] ] } },
{ "type": "Feature", "properties": { "OBJECTID": 986.0, "LAYER": "Stream", "STREAM_ID": 6458, "IN_FLOW": 201.0, "OUT_FLOW": 268.0, "DRAIN_AREA": "0.2151 sq km", "STRAHLER": 1, "Shape_Leng": 0.0026024694430799998 }, "geometry": { "type": "MultiLineString", "coordinates": [ [ [ 75.756679624365233, 26.842334425693252 ], [ 75.756410129923609, 26.842334425693252 ], [ 75.756140635481984, 26.842603920134877 ], [ 75.755332151257846, 26.842603920134877 ], [ 75.754523667932972, 26.841795436810003 ] ] ] } },
{ "type": "Feature", "properties": { "OBJECTID": 987.0, "LAYER": "Stream", "STREAM_ID": 6464, "IN_FLOW": 1810.0, "OUT_FLOW": 1958.0, "DRAIN_AREA": "1.571 sq km", "STRAHLER": 2, "Shape_Leng": 0.00450808392308 }, "geometry": { "type": "MultiLineString", "coordinates": [ [ [ 75.857740093930261, 26.842334425693252 ], [ 75.858279082813453, 26.841795436810003 ], [ 75.858548578154398, 26.841525942368378 ], [ 75.859087567037648, 26.840986952585865 ], [ 75.859896050362465, 26.840986952585865 ], [ 75.86016554570341, 26.84071745814424 ], [ 75.86016554570341, 26.840447963702616 ], [ 75.860435040145035, 26.840178469260991 ], [ 75.860974029028284, 26.839639480377741 ] ] ] } },
{ "type": "Feature", "properties": { "OBJECTID": 988.0, "LAYER": "Stream", "STREAM_ID": 6478, "IN_FLOW": 2449.0, "OUT_FLOW": 2753.0, "DRAIN_AREA": "2.209 sq km", "STRAHLER": 2, "Shape_Leng": 0.0030303430343 }, "geometry": { "type": "MultiLineString", "coordinates": [ [ [ 75.754523667932972, 26.841795436810003 ], [ 75.754523667932972, 26.841525942368378 ], [ 75.755332151257846, 26.84071745814424 ], [ 75.754523667932972, 26.839908974819366 ], [ 75.754049556142149, 26.839908974819366 ] ] ] } },
{ "type": "Feature", "properties": { "OBJECTID": 989.0, "LAYER": "Stream", "STREAM_ID": 6479, "IN_FLOW": 2921.0, "OUT_FLOW": 3032.0, "DRAIN_AREA": "2.433 sq km", "STRAHLER": 3, "Shape_Leng": 0.0042848276810099999 }, "geometry": { "type": "MultiLineString", "coordinates": [ [ [ 75.814620960788773, 26.841795436810003 ], [ 75.814890455230397, 26.841525942368378 ], [ 75.81542944411359, 26.841525942368378 ], [ 75.815698938555215, 26.841256447926753 ], [ 75.816507422779409, 26.840447963702616 ], [ 75.816507422779409, 26.840178469260991 ], [ 75.816776917221034, 26.839908974819366 ], [ 75.816776917221034, 26.839100490595229 ], [ 75.817046411662602, 26.838830996153604 ] ] ] } },
{ "type": "Feature", "properties": { "OBJECTID": 990.0, "LAYER": "Stream", "STREAM_ID": 6480, "IN_FLOW": 23659.0, "OUT_FLOW": 23690.0, "DRAIN_AREA": "19.011 sq km", "STRAHLER": 3, "Shape_Leng": 0.0023329756373500002 }, "geometry": { "type": "MultiLineString", "coordinates": [ [ [ 75.888731971803111, 26.84071745814424 ], [ 75.889809949569553, 26.841795436810003 ], [ 75.890618433793747, 26.841795436810003 ] ] ] } },
{ "type": "Feature", "properties": { "OBJECTID": 991.0, "LAYER": "Stream", "STREAM_ID": 6481, "IN_FLOW": 24486.0, "OUT_FLOW": 24510.0, "DRAIN_AREA": "19.669 sq km", "STRAHLER": 3, "Shape_Leng": 0.000808483324818 }, "geometry": { "type": "MultiLineString", "coordinates": [ [ [ 75.890618433793747, 26.841795436810003 ], [ 75.891157422676997, 26.841795436810003 ], [ 75.891426917118565, 26.841795436810003 ] ] ] } },
{ "type": "Feature", "properties": { "OBJECTID": 992.0, "LAYER": "Stream", "STREAM_ID": 6488, "IN_FLOW": 153190.0, "OUT_FLOW": 153343.0, "DRAIN_AREA": "123.05 sq km", "STRAHLER": 5, "Shape_Leng": 0.0034571916034500001 }, "geometry": { "type": "MultiLineString", "coordinates": [ [ [ 75.779586664493024, 26.841525942368378 ], [ 75.779586664493024, 26.840447963702616 ], [ 75.779586664493024, 26.840178469260991 ], [ 75.779586664493024, 26.839908974819366 ], [ 75.779317170051399, 26.839639480377741 ], [ 75.779586664493024, 26.839369985936173 ], [ 75.779586664493024, 26.839100490595229 ], [ 75.779586664493024, 26.838292007270354 ] ] ] } },
{ "type": "Feature", "properties": { "OBJECTID": 993.0, "LAYER": "Stream", "STREAM_ID": 6489, "IN_FLOW": 202.0, "OUT_FLOW": 296.0, "DRAIN_AREA": "0.2375 sq km", "STRAHLER": 1, "Shape_Leng": 0.0040153326034800003 }, "geometry": { "type": "MultiLineString", "coordinates": [ [ [ 75.893582873550827, 26.839908974819366 ], [ 75.893043884667577, 26.840447963702616 ], [ 75.892774390226009, 26.840447963702616 ], [ 75.892504895784384, 26.84071745814424 ], [ 75.892235401342759, 26.84071745814424 ], [ 75.891965906001815, 26.840447963702616 ], [ 75.89169641156019, 26.840447963702616 ], [ 75.891157422676997, 26.840986952585865 ], [ 75.891157422676997, 26.841525942368378 ], [ 75.891426917118565, 26.841795436810003 ] ] ] } },
{ "type": "Feature", "properties": { "OBJECTID": 994.0, "LAYER": "Stream", "STREAM_ID": 6495, "IN_FLOW": 18830.0, "OUT_FLOW": 19533.0, "DRAIN_AREA": "15.675 sq km", "STRAHLER": 3, "Shape_Leng": 0.0110413444356 }, "geometry": { "type": "MultiLineString", "coordinates": [ [ [ 75.872023307429743, 26.84071745814424 ], [ 75.872562296312992, 26.841256447926753 ], [ 75.873101285196185, 26.841256447926753 ], [ 75.87337077963781, 26.840986952585865 ], [ 75.873640274978754, 26.84071745814424 ], [ 75.874448758303629, 26.839908974819366 ], [ 75.876335220294266, 26.839908974819366 ], [ 75.876874209177458, 26.840447963702616 ], [ 75.879569155392289, 26.840447963702616 ], [ 75.880108144275482, 26.839908974819366 ], [ 75.881186122941301, 26.839908974819366 ], [ 75.881455617382869, 26.839639480377741 ], [ 75.881725111824494, 26.839639480377741 ] ] ] } },
{ "type": "Feature", "properties": { "OBJECTID": 995.0, "LAYER": "Stream", "STREAM_ID": 6499, "IN_FLOW": 1474.0, "OUT_FLOW": 2015.0, "DRAIN_AREA": "1.617 sq km", "STRAHLER": 2, "Shape_Leng": 0.0075379148959700002 }, "geometry": { "type": "MultiLineString", "coordinates": [ [ [ 75.773388288738602, 26.840986952585865 ], [ 75.773657783180226, 26.84071745814424 ], [ 75.773927277621794, 26.84071745814424 ], [ 75.774196772962739, 26.840447963702616 ], [ 75.774466267404364, 26.840178469260991 ], [ 75.775005256287614, 26.840178469260991 ], [ 75.775274750729238, 26.840178469260991 ], [ 75.776352729395001, 26.840178469260991 ], [ 75.777969696944012, 26.838561501711979 ], [ 75.778239191385637, 26.838292007270354 ], [ 75.778508685827262, 26.838292007270354 ], [ 75.778778180268887, 26.838022512828729 ], [ 75.779317170051399, 26.838022512828729 ], [ 75.779586664493024, 26.838292007270354 ] ] ] } },
{ "type": "Feature", "properties": { "OBJECTID": 996.0, "LAYER": "Stream", "STREAM_ID": 6500, "IN_FLOW": 8981.0, "OUT_FLOW": 8988.0, "DRAIN_AREA": "7.213 sq km", "STRAHLER": 3, "Shape_Leng": 0.00092011157753899995 }, "geometry": { "type": "MultiLineString", "coordinates": [ [ [ 75.798451285298654, 26.840986952585865 ], [ 75.798720779740222, 26.84071745814424 ], [ 75.798720779740222, 26.840178469260991 ] ] ] } },
{ "type": "Feature", "properties": { "OBJECTID": 997.0, "LAYER": "Stream", "STREAM_ID": 6504, "IN_FLOW": 17310.0, "OUT_FLOW": 17692.0, "DRAIN_AREA": "14.197 sq km", "STRAHLER": 3, "Shape_Leng": 0.0079190382262100002 }, "geometry": { "type": "MultiLineString", "coordinates": [ [ [ 75.860974029028284, 26.839639480377741 ], [ 75.861243523469909, 26.839369985936173 ], [ 75.862321502135671, 26.838292007270354 ], [ 75.862590996577296, 26.838292007270354 ], [ 75.863129985460489, 26.838830996153604 ], [ 75.86528594279207, 26.838830996153604 ], [ 75.86636392055857, 26.839908974819366 ], [ 75.86636392055857, 26.840178469260991 ], [ 75.866633415000138, 26.840447963702616 ], [ 75.866902910341082, 26.84071745814424 ], [ 75.867172404782707, 26.84071745814424 ] ] ] } },
{ "type": "Feature", "properties": { "OBJECTID": 998.0, "LAYER": "Stream", "STREAM_ID": 6505, "IN_FLOW": 18128.0, "OUT_FLOW": 18338.0, "DRAIN_AREA": "14.716 sq km", "STRAHLER": 3, "Shape_Leng": 0.0050741588890400001 }, "geometry": { "type": "MultiLineString", "coordinates": [ [ [ 75.867172404782707, 26.84071745814424 ], [ 75.867441899224332, 26.84071745814424 ], [ 75.867711393665957, 26.84071745814424 ], [ 75.867980888107581, 26.840447963702616 ], [ 75.868519877890094, 26.840447963702616 ], [ 75.871753812088798, 26.840447963702616 ], [ 75.872023307429743, 26.84071745814424 ] ] ] } },
{ "type": "Feature", "properties": { "OBJECTID": 999.0, "LAYER": "Stream", "STREAM_ID": 6514, "IN_FLOW": 21753.0, "OUT_FLOW": 22095.0, "DRAIN_AREA": "17.731 sq km", "STRAHLER": 3, "Shape_Leng": 0.0062175278713499996 }, "geometry": { "type": "MultiLineString", "coordinates": [ [ [ 75.881725111824494, 26.839639480377741 ], [ 75.881994607165439, 26.839639480377741 ], [ 75.882264101607063, 26.839639480377741 ], [ 75.882533596048688, 26.839639480377741 ], [ 75.883342079373506, 26.839639480377741 ], [ 75.883611573815131, 26.839908974819366 ], [ 75.883881069156075, 26.839908974819366 ], [ 75.884420058039325, 26.839908974819366 ], [ 75.885498036705087, 26.839908974819366 ], [ 75.886037025588337, 26.840447963702616 ], [ 75.88657601447153, 26.840447963702616 ], [ 75.887115004254099, 26.839908974819366 ], [ 75.887384498695724, 26.839908974819366 ] ] ] } },
{ "type": "Feature", "properties": { "OBJECTID": 1000.0, "LAYER": "Stream", "STREAM_ID": 6515, "IN_FLOW": 22400.0, "OUT_FLOW": 22434.0, "DRAIN_AREA": "18.003 sq km", "STRAHLER": 3, "Shape_Leng": 0.0016823576021100001 }, "geometry": { "type": "MultiLineString", "coordinates": [ [ [ 75.887384498695724, 26.839908974819366 ], [ 75.887923487578973, 26.839908974819366 ], [ 75.888731971803111, 26.84071745814424 ] ] ] } },
{ "type": "Feature", "properties": { "OBJECTID": 1001.0, "LAYER": "Stream", "STREAM_ID": 6516, "IN_FLOW": 258.0, "OUT_FLOW": 1219.0, "DRAIN_AREA": "0.978 sq km", "STRAHLER": 1, "Shape_Leng": 0.0056662640238900001 }, "geometry": { "type": "MultiLineString", "coordinates": [ [ [ 75.888834919895714, 26.835763607404601 ], [ 75.888731971803111, 26.835866555497205 ], [ 75.888731971803111, 26.836405545279717 ], [ 75.888462476462166, 26.836675039721342 ], [ 75.888462476462166, 26.836944534162967 ], [ 75.888462476462166, 26.837214028604592 ], [ 75.888731971803111, 26.837483523046217 ], [ 75.888731971803111, 26.837753018387161 ], [ 75.889001466244736, 26.838022512828729 ], [ 75.889001466244736, 26.838830996153604 ], [ 75.88927096068636, 26.839100490595229 ], [ 75.88927096068636, 26.839639480377741 ], [ 75.88927096068636, 26.840178469260991 ], [ 75.888731971803111, 26.84071745814424 ] ] ] } },
{ "type": "Feature", "properties": { "OBJECTID": 1002.0, "LAYER": "Stream", "STREAM_ID": 6521, "IN_FLOW": 10447.0, "OUT_FLOW": 11360.0, "DRAIN_AREA": "9.116 sq km", "STRAHLER": 3, "Shape_Leng": 0.0151220677281 }, "geometry": { "type": "MultiLineString", "coordinates": [ [ [ 75.798720779740222, 26.840178469260991 ], [ 75.798720779740222, 26.839908974819366 ], [ 75.798451285298654, 26.839639480377741 ], [ 75.798451285298654, 26.839100490595229 ], [ 75.798181790857029, 26.838830996153604 ], [ 75.797912296415404, 26.838561501711979 ], [ 75.797912296415404, 26.838022512828729 ], [ 75.797912296415404, 26.836675039721342 ], [ 75.798181790857029, 26.836405545279717 ], [ 75.797912296415404, 26.836136050838149 ], [ 75.79764280197378, 26.836136050838149 ], [ 75.797373306632835, 26.835866555497205 ], [ 75.79710381219121, 26.835866555497205 ], [ 75.796834317749642, 26.83559706105558 ], [ 75.796834317749642, 26.835327566613955 ], [ 75.796834317749642, 26.83505807217233 ], [ 75.796834317749642, 26.834788577730706 ], [ 75.796834317749642, 26.834519083289138 ], [ 75.794947855759006, 26.832632621298501 ], [ 75.794947855759006, 26.832363125957556 ], [ 75.794678361317381, 26.832093631515932 ], [ 75.792791899326744, 26.832093631515932 ], [ 75.792522404885119, 26.832363125957556 ], [ 75.791444426219357, 26.831285148191114 ], [ 75.791444426219357, 26.831015653749489 ], [ 75.790905437336107, 26.83047666396692 ] ] ] } },
{ "type": "Feature", "properties": { "OBJECTID": 1003.0, "LAYER": "Stream", "STREAM_ID": 6522, "IN_FLOW": 13033.0, "OUT_FLOW": 13895.0, "DRAIN_AREA": "11.15 sq km", "STRAHLER": 3, "Shape_Leng": 0.014852573659 }, "geometry": { "type": "MultiLineString", "coordinates": [ [ [ 75.836989011133994, 26.840178469260991 ], [ 75.838066988900493, 26.839100490595229 ], [ 75.838066988900493, 26.838830996153604 ], [ 75.838336484241438, 26.838561501711979 ], [ 75.838605978683006, 26.838561501711979 ], [ 75.838875473124631, 26.838561501711979 ], [ 75.839414462007881, 26.838561501711979 ], [ 75.840222946232018, 26.839369985936173 ], [ 75.840222946232018, 26.839639480377741 ], [ 75.840761935115268, 26.840178469260991 ], [ 75.841031429556892, 26.839908974819366 ], [ 75.841570419339462, 26.839908974819366 ], [ 75.84183991378103, 26.839908974819366 ], [ 75.842109408222655, 26.839908974819366 ], [ 75.842648397105904, 26.839369985936173 ], [ 75.844265364654916, 26.839369985936173 ], [ 75.845073848879053, 26.839369985936173 ], [ 75.845612837762303, 26.839369985936173 ], [ 75.845882332203928, 26.839100490595229 ], [ 75.846151826645553, 26.839100490595229 ], [ 75.846690816428065, 26.838561501711979 ], [ 75.847768794194565, 26.837483523046217 ], [ 75.848038288636189, 26.837483523046217 ], [ 75.848577278418702, 26.836944534162967 ], [ 75.848846772860327, 26.836944534162967 ] ] ] } },
{ "type": "Feature", "properties": { "OBJECTID": 1004.0, "LAYER": "Stream", "STREAM_ID": 6533, "IN_FLOW": 15139.0, "OUT_FLOW": 15339.0, "DRAIN_AREA": "12.309 sq km", "STRAHLER": 3, "Shape_Leng": 0.0041731994283699999 }, "geometry": { "type": "MultiLineString", "coordinates": [ [ [ 75.857470599488636, 26.838561501711979 ], [ 75.857740093930261, 26.838830996153604 ], [ 75.858009588371885, 26.838830996153604 ], [ 75.858279082813453, 26.839100490595229 ], [ 75.858548578154398, 26.838830996153604 ], [ 75.858818072596023, 26.838830996153604 ], [ 75.859626555920897, 26.839639480377741 ], [ 75.859896050362465, 26.839639480377741 ], [ 75.860974029028284, 26.839639480377741 ] ] ] } },
{ "type": "Feature", "properties": { "OBJECTID": 1005.0, "LAYER": "Stream", "STREAM_ID": 6534, "IN_FLOW": 201.0, "OUT_FLOW": 302.0, "DRAIN_AREA": "0.2423 sq km", "STRAHLER": 1, "Shape_Leng": 0.0028257265843400002 }, "geometry": { "type": "MultiLineString", "coordinates": [ [ [ 75.885767531146712, 26.837753018387161 ], [ 75.886306520029905, 26.838292007270354 ], [ 75.886306520029905, 26.838561501711979 ], [ 75.88657601447153, 26.838830996153604 ], [ 75.886845508913154, 26.839100490595229 ], [ 75.886845508913154, 26.839369985936173 ], [ 75.887115004254099, 26.839639480377741 ], [ 75.887384498695724, 26.839908974819366 ] ] ] } },
{ "type": "Feature", "properties": { "OBJECTID": 1006.0, "LAYER": "Stream", "STREAM_ID": 6543, "IN_FLOW": 2214.0, "OUT_FLOW": 2217.0, "DRAIN_AREA": "1.779 sq km", "STRAHLER": 2, "Shape_Leng": 0.00076224602449499995 }, "geometry": { "type": "MultiLineString", "coordinates": [ [ [ 75.881186122941301, 26.839100490595229 ], [ 75.881725111824494, 26.839639480377741 ] ] ] } },
{ "type": "Feature", "properties": { "OBJECTID": 1007.0, "LAYER": "Stream", "STREAM_ID": 6548, "IN_FLOW": 1216.0, "OUT_FLOW": 1516.0, "DRAIN_AREA": "1.217 sq km", "STRAHLER": 2, "Shape_Leng": 0.0085042659449299993 }, "geometry": { "type": "MultiLineString", "coordinates": [ [ [ 75.873909769420379, 26.837214028604592 ], [ 75.874718252745197, 26.838022512828729 ], [ 75.875257242527766, 26.838022512828729 ], [ 75.875796231411016, 26.837483523046217 ], [ 75.876335220294266, 26.837483523046217 ], [ 75.877413198960028, 26.838561501711979 ], [ 75.878760672067415, 26.838561501711979 ], [ 75.87903016650904, 26.838830996153604 ], [ 75.879299660950664, 26.838830996153604 ], [ 75.879569155392289, 26.839100490595229 ], [ 75.880108144275482, 26.839100490595229 ], [ 75.881186122941301, 26.839100490595229 ] ] ] } },
{ "type": "Feature", "properties": { "OBJECTID": 1008.0, "LAYER": "Stream", "STREAM_ID": 6560, "IN_FLOW": 236.0, "OUT_FLOW": 321.0, "DRAIN_AREA": "0.2576 sq km", "STRAHLER": 1, "Shape_Leng": 0.0035225813930900001 }, "geometry": { "type": "MultiLineString", "coordinates": [ [ [ 75.790635941995163, 26.838830996153604 ], [ 75.790366447553595, 26.838561501711979 ], [ 75.79009695311197, 26.838561501711979 ], [ 75.789018974446151, 26.837483523046217 ], [ 75.788749480004583, 26.837483523046217 ], [ 75.787671502238084, 26.837483523046217 ] ] ] } },
{ "type": "Feature", "properties": { "OBJECTID": 1009.0, "LAYER": "Stream", "STREAM_ID": 6561, "IN_FLOW": 204.0, "OUT_FLOW": 224.0, "DRAIN_AREA": "0.1798 sq km", "STRAHLER": 1, "Shape_Leng": 0.0018402240544200001 }, "geometry": { "type": "MultiLineString", "coordinates": [ [ [ 75.81542944411359, 26.838830996153604 ], [ 75.815698938555215, 26.838561501711979 ], [ 75.816507422779409, 26.838561501711979 ], [ 75.816776917221034, 26.838830996153604 ], [ 75.817046411662602, 26.838830996153604 ] ] ] } },
{ "type": "Feature", "properties": { "OBJECTID": 1010.0, "LAYER": "Stream", "STREAM_ID": 6562, "IN_FLOW": 3261.0, "OUT_FLOW": 3510.0, "DRAIN_AREA": "2.817 sq km", "STRAHLER": 3, "Shape_Leng": 0.0066640406187299999 }, "geometry": { "type": "MultiLineString", "coordinates": [ [ [ 75.817046411662602, 26.838830996153604 ], [ 75.817315906104227, 26.838561501711979 ], [ 75.817854895886796, 26.838022512828729 ], [ 75.817854895886796, 26.837753018387161 ], [ 75.818124390328421, 26.837483523046217 ], [ 75.818393884770046, 26.837483523046217 ], [ 75.818663379211614, 26.837214028604592 ], [ 75.819471862536489, 26.836405545279717 ], [ 75.819741357877433, 26.836405545279717 ], [ 75.822166808751263, 26.836405545279717 ], [ 75.822436303192887, 26.836675039721342 ] ] ] } },
{ "type": "Feature", "properties": { "OBJECTID": 1011.0, "LAYER": "Stream", "STREAM_ID": 6563, "IN_FLOW": 210.0, "OUT_FLOW": 693.0, "DRAIN_AREA": "0.556 sq km", "STRAHLER": 1, "Shape_Leng": 0.0077334197235000004 }, "geometry": { "type": "MultiLineString", "coordinates": [ [ [ 75.876874209177458, 26.832093631515932 ], [ 75.877143704518403, 26.832363125957556 ], [ 75.877143704518403, 26.833441104623319 ], [ 75.877952187843277, 26.834249587948193 ], [ 75.878221682284845, 26.834249587948193 ], [ 75.878671001565522, 26.834698907228812 ] ], [ [ 75.879722365694704, 26.83548077691637 ], [ 75.879838649833857, 26.83559706105558 ], [ 75.879838649833857, 26.836675039721342 ], [ 75.879838649833857, 26.836944534162967 ], [ 75.879838649833857, 26.837214028604592 ], [ 75.880377639616427, 26.837753018387161 ], [ 75.880377639616427, 26.838292007270354 ], [ 75.880647134058052, 26.838561501711979 ], [ 75.881186122941301, 26.839100490595229 ] ] ] } },
{ "type": "Feature", "properties": { "OBJECTID": 1012.0, "LAYER": "Stream", "STREAM_ID": 6567, "IN_FLOW": 307.0, "OUT_FLOW": 703.0, "DRAIN_AREA": "0.564 sq km", "STRAHLER": 1, "Shape_Leng": 0.0105215065065 }, "geometry": { "type": "MultiLineString", "coordinates": [ [ [ 75.807344606368531, 26.838561501711979 ], [ 75.807344606368531, 26.838292007270354 ], [ 75.806805617485338, 26.837753018387161 ], [ 75.805997133261144, 26.836944534162967 ], [ 75.805997133261144, 26.836675039721342 ], [ 75.805727638819519, 26.836405545279717 ], [ 75.805188649936326, 26.835866555497205 ], [ 75.805188649936326, 26.83559706105558 ], [ 75.804649661053077, 26.83505807217233 ], [ 75.804649661053077, 26.834788577730706 ], [ 75.804919155494701, 26.834519083289138 ], [ 75.805458144377894, 26.834519083289138 ], [ 75.805997133261144, 26.833980093506568 ], [ 75.805997133261144, 26.833710599064943 ], [ 75.805997133261144, 26.831824137074307 ], [ 75.805458144377894, 26.831285148191114 ], [ 75.805188649936326, 26.831285148191114 ], [ 75.804649661053077, 26.830746158408544 ] ] ] } },
{ "type": "Feature", "properties": { "OBJECTID": 1013.0, "LAYER": "Stream", "STREAM_ID": 6568, "IN_FLOW": 207.0, "OUT_FLOW": 425.0, "DRAIN_AREA": "0.3411 sq km", "STRAHLER": 1, "Shape_Leng": 0.0025727364300400001 }, "geometry": { "type": "MultiLineString", "coordinates": [ [ [ 75.898456325798861, 26.837214028604592 ], [ 75.898703270639487, 26.837214028604592 ], [ 75.899781249305249, 26.838292007270354 ], [ 75.900050743746874, 26.838292007270354 ], [ 75.900582548845591, 26.838292007270354 ] ] ] } },
{ "type": "Feature", "properties": { "OBJECTID": 1014.0, "LAYER": "Stream", "STREAM_ID": 6574, "IN_FLOW": 155364.0, "OUT_FLOW": 155842.0, "DRAIN_AREA": "125.06 sq km", "STRAHLER": 5, "Shape_Leng": 0.00552067279917 }, "geometry": { "type": "MultiLineString", "coordinates": [ [ [ 75.779586664493024, 26.838292007270354 ], [ 75.780125653376274, 26.837753018387161 ], [ 75.780125653376274, 26.834788577730706 ], [ 75.780395147817899, 26.834519083289138 ], [ 75.780395147817899, 26.834249587948193 ], [ 75.781203632042036, 26.833441104623319 ] ] ] } },
{ "type": "Feature", "properties": { "OBJECTID": 1015.0, "LAYER": "Stream", "STREAM_ID": 6575, "IN_FLOW": 203.0, "OUT_FLOW": 601.0, "DRAIN_AREA": "0.4823 sq km", "STRAHLER": 1, "Shape_Leng": 0.0094897687382699998 }, "geometry": { "type": "MultiLineString", "coordinates": [ [ [ 75.803032693504065, 26.838292007270354 ], [ 75.803032693504065, 26.838022512828729 ], [ 75.803032693504065, 26.837214028604592 ], [ 75.802224209279871, 26.836405545279717 ], [ 75.802493703721495, 26.836136050838149 ], [ 75.802493703721495, 26.835866555497205 ], [ 75.801954714838303, 26.835327566613955 ], [ 75.801954714838303, 26.834519083289138 ], [ 75.802493703721495, 26.833980093506568 ], [ 75.80276319906244, 26.833980093506568 ], [ 75.80330218794569, 26.833441104623319 ], [ 75.80330218794569, 26.832632621298501 ], [ 75.803841176828882, 26.832093631515932 ], [ 75.803841176828882, 26.831824137074307 ], [ 75.804649661053077, 26.831015653749489 ], [ 75.804649661053077, 26.830746158408544 ] ] ] } },
{ "type": "Feature", "properties": { "OBJECTID": 1016.0, "LAYER": "Stream", "STREAM_ID": 6576, "IN_FLOW": 14185.0, "OUT_FLOW": 14684.0, "DRAIN_AREA": "11.784 sq km", "STRAHLER": 3, "Shape_Leng": 0.00974010900099 }, "geometry": { "type": "MultiLineString", "coordinates": [ [ [ 75.848846772860327, 26.836944534162967 ], [ 75.849924751526146, 26.836944534162967 ], [ 75.850194245967714, 26.836944534162967 ], [ 75.850463740409339, 26.837214028604592 ], [ 75.850733234850964, 26.837214028604592 ], [ 75.85315868572485, 26.837214028604592 ], [ 75.853967169948987, 26.838022512828729 ], [ 75.854236664390612, 26.838022512828729 ], [ 75.854506158832237, 26.838292007270354 ], [ 75.854775653273862, 26.838292007270354 ], [ 75.855314643056374, 26.837753018387161 ], [ 75.856123126381249, 26.837753018387161 ], [ 75.856662116163761, 26.838292007270354 ], [ 75.857201105047011, 26.838292007270354 ], [ 75.857470599488636, 26.838561501711979 ] ] ] } },
{ "type": "Feature", "properties": { "OBJECTID": 1017.0, "LAYER": "Stream", "STREAM_ID": 6577, "IN_FLOW": 200.0, "OUT_FLOW": 449.0, "DRAIN_AREA": "0.3603 sq km", "STRAHLER": 1, "Shape_Leng": 0.0039037046142699999 }, "geometry": { "type": "MultiLineString", "coordinates": [ [ [ 75.856931610605386, 26.835327566613955 ], [ 75.857201105047011, 26.83559706105558 ], [ 75.857201105047011, 26.836136050838149 ], [ 75.856931610605386, 26.836405545279717 ], [ 75.857201105047011, 26.836675039721342 ], [ 75.857201105047011, 26.836944534162967 ], [ 75.857740093930261, 26.837483523046217 ], [ 75.857740093930261, 26.838022512828729 ], [ 75.857470599488636, 26.838292007270354 ], [ 75.857470599488636, 26.838561501711979 ] ] ] } },
{ "type": "Feature", "properties": { "OBJECTID": 1018.0, "LAYER": "Stream", "STREAM_ID": 6578, "IN_FLOW": 207.0, "OUT_FLOW": 884.0, "DRAIN_AREA": "0.709 sq km", "STRAHLER": 1, "Shape_Leng": 0.014610165827 }, "geometry": { "type": "MultiLineString", "coordinates": [ [ [ 75.863129985460489, 26.833710599064943 ], [ 75.863129985460489, 26.83505807217233 ], [ 75.863938469684683, 26.835866555497205 ], [ 75.864207964126308, 26.835866555497205 ], [ 75.864477458567933, 26.83559706105558 ], [ 75.865555437233695, 26.83559706105558 ], [ 75.867172404782707, 26.83559706105558 ], [ 75.867711393665957, 26.836136050838149 ], [ 75.868250382549149, 26.836136050838149 ], [ 75.868519877890094, 26.836405545279717 ], [ 75.868519877890094, 26.836675039721342 ], [ 75.869058866773344, 26.837214028604592 ], [ 75.869058866773344, 26.837753018387161 ], [ 75.869328361214968, 26.838022512828729 ], [ 75.869597855656593, 26.838022512828729 ], [ 75.869867350098161, 26.838292007270354 ], [ 75.870675834322356, 26.838292007270354 ], [ 75.871753812088798, 26.837214028604592 ], [ 75.873909769420379, 26.837214028604592 ] ] ] } },
{ "type": "Feature", "properties": { "OBJECTID": 1019.0, "LAYER": "Stream", "STREAM_ID": 6590, "IN_FLOW": 2824.0, "OUT_FLOW": 3219.0, "DRAIN_AREA": "2.583 sq km", "STRAHLER": 2, "Shape_Leng": 0.0087737597506999995 }, "geometry": { "type": "MultiLineString", "coordinates": [ [ [ 75.787671502238084, 26.837483523046217 ], [ 75.787402006897139, 26.837214028604592 ], [ 75.786863018013946, 26.836675039721342 ], [ 75.784707061581685, 26.836675039721342 ], [ 75.78443756714006, 26.836405545279717 ], [ 75.784168072698435, 26.836405545279717 ], [ 75.783359588474298, 26.83559706105558 ], [ 75.783359588474298, 26.835327566613955 ], [ 75.783090094032673, 26.83505807217233 ], [ 75.782551105149423, 26.83505807217233 ], [ 75.782281609808479, 26.83505807217233 ], [ 75.782012115366911, 26.834788577730706 ], [ 75.781742620925286, 26.834788577730706 ], [ 75.781473126483661, 26.834519083289138 ], [ 75.781473126483661, 26.833710599064943 ], [ 75.781203632042036, 26.833441104623319 ] ] ] } },
{ "type": "Feature", "properties": { "OBJECTID": 1020.0, "LAYER": "Stream", "STREAM_ID": 6591, "IN_FLOW": 201.0, "OUT_FLOW": 696.0, "DRAIN_AREA": "0.559 sq km", "STRAHLER": 1, "Shape_Leng": 0.00796527552649 }, "geometry": { "type": "MultiLineString", "coordinates": [ [ [ 75.825939732732536, 26.837483523046217 ], [ 75.825670238290911, 26.837214028604592 ], [ 75.825670238290911, 26.836944534162967 ], [ 75.825670238290911, 26.836675039721342 ], [ 75.825400743849286, 26.836405545279717 ], [ 75.825400743849286, 26.835866555497205 ], [ 75.825400743849286, 26.83559706105558 ], [ 75.825400743849286, 26.833980093506568 ], [ 75.825400743849286, 26.833710599064943 ], [ 75.825131249407718, 26.833441104623319 ], [ 75.825131249407718, 26.833171610181694 ], [ 75.824861754966093, 26.832902115740126 ], [ 75.823244787417082, 26.831285148191114 ], [ 75.823244787417082, 26.831015653749489 ], [ 75.822975292975457, 26.830746158408544 ] ] ] } },
{ "type": "Feature", "properties": { "OBJECTID": 1021.0, "LAYER": "Stream", "STREAM_ID": 6607, "IN_FLOW": 308.0, "OUT_FLOW": 320.0, "DRAIN_AREA": "0.2568 sq km", "STRAHLER": 1, "Shape_Leng": 0.0011433687188700001 }, "geometry": { "type": "MultiLineString", "coordinates": [ [ [ 75.829982152054754, 26.836944534162967 ], [ 75.82917366783056, 26.836136050838149 ] ] ] } },
{ "type": "Feature", "properties": { "OBJECTID": 1022.0, "LAYER": "Stream", "STREAM_ID": 6608, "IN_FLOW": 211.0, "OUT_FLOW": 326.0, "DRAIN_AREA": "0.2616 sq km", "STRAHLER": 1, "Shape_Leng": 0.0038574667871399998 }, "geometry": { "type": "MultiLineString", "coordinates": [ [ [ 75.871484317647173, 26.834519083289138 ], [ 75.871753812088798, 26.834788577730706 ], [ 75.872023307429743, 26.83505807217233 ], [ 75.872023307429743, 26.83559706105558 ], [ 75.872562296312992, 26.836136050838149 ], [ 75.872831790754617, 26.836136050838149 ], [ 75.873909769420379, 26.837214028604592 ] ] ] } },
{ "type": "Feature", "properties": { "OBJECTID": 1023.0, "LAYER": "Stream", "STREAM_ID": 6615, "IN_FLOW": 4376.0, "OUT_FLOW": 4543.0, "DRAIN_AREA": "3.646 sq km", "STRAHLER": 3, "Shape_Leng": 0.0064407847491499996 }, "geometry": { "type": "MultiLineString", "coordinates": [ [ [ 75.822436303192887, 26.836675039721342 ], [ 75.822705797634512, 26.836405545279717 ], [ 75.822705797634512, 26.835866555497205 ], [ 75.822705797634512, 26.834788577730706 ], [ 75.823244787417082, 26.834249587948193 ], [ 75.823244787417082, 26.833441104623319 ], [ 75.823244787417082, 26.832902115740126 ], [ 75.82351428185865, 26.832632621298501 ], [ 75.82351428185865, 26.832363125957556 ], [ 75.822705797634512, 26.831554642632682 ], [ 75.822705797634512, 26.831015653749489 ] ] ] } },
{ "type": "Feature", "properties": { "OBJECTID": 1024.0, "LAYER": "Stream", "STREAM_ID": 6616, "IN_FLOW": 202.0, "OUT_FLOW": 287.0, "DRAIN_AREA": "0.2303 sq km", "STRAHLER": 1, "Shape_Leng": 0.00298359277317 }, "geometry": { "type": "MultiLineString", "coordinates": [ [ [ 75.846421321087178, 26.836136050838149 ], [ 75.84696031086969, 26.836136050838149 ], [ 75.847229805311315, 26.836405545279717 ], [ 75.84749929975294, 26.836405545279717 ], [ 75.847768794194565, 26.836136050838149 ], [ 75.848038288636189, 26.836136050838149 ], [ 75.848846772860327, 26.836944534162967 ] ] ] } },
{ "type": "Feature", "properties": { "OBJECTID": 1025.0, "LAYER": "Stream", "STREAM_ID": 6624, "IN_FLOW": 1094.0, "OUT_FLOW": 1228.0, "DRAIN_AREA": "0.985 sq km", "STRAHLER": 2, "Shape_Leng": 0.0041731994283699999 }, "geometry": { "type": "MultiLineString", "coordinates": [ [ [ 75.82917366783056, 26.836136050838149 ], [ 75.829712657613129, 26.83559706105558 ], [ 75.829712657613129, 26.835327566613955 ], [ 75.830251646496322, 26.834788577730706 ], [ 75.830251646496322, 26.833710599064943 ], [ 75.830251646496322, 26.833441104623319 ], [ 75.830790635379572, 26.832902115740126 ], [ 75.830790635379572, 26.832632621298501 ] ] ] } },
{ "type": "Feature", "properties": { "OBJECTID": 1026.0, "LAYER": "Stream", "STREAM_ID": 6633, "IN_FLOW": 204.0, "OUT_FLOW": 416.0, "DRAIN_AREA": "0.3338 sq km", "STRAHLER": 1, "Shape_Leng": 0.0061250514721099998 }, "geometry": { "type": "MultiLineString", "coordinates": [ [ [ 75.79009695311197, 26.83559706105558 ], [ 75.789827458670345, 26.835327566613955 ], [ 75.789827458670345, 26.83505807217233 ], [ 75.789288469787095, 26.834519083289138 ], [ 75.789288469787095, 26.833441104623319 ], [ 75.789288469787095, 26.833171610181694 ], [ 75.789288469787095, 26.832632621298501 ], [ 75.789827458670345, 26.832093631515932 ], [ 75.789827458670345, 26.831824137074307 ], [ 75.790905437336107, 26.830746158408544 ], [ 75.790905437336107, 26.83047666396692 ] ] ] } },
{ "type": "Feature", "properties": { "OBJECTID": 1027.0, "LAYER": "Stream", "STREAM_ID": 6644, "IN_FLOW": 313.0, "OUT_FLOW": 927.0, "DRAIN_AREA": "0.744 sq km", "STRAHLER": 1, "Shape_Leng": 0.013281845209 }, "geometry": { "type": "MultiLineString", "coordinates": [ [ [ 75.813003993239761, 26.83505807217233 ], [ 75.813003993239761, 26.834519083289138 ], [ 75.812195509015567, 26.833710599064943 ], [ 75.811117531249124, 26.833710599064943 ], [ 75.81030904702493, 26.832902115740126 ], [ 75.81030904702493, 26.831824137074307 ], [ 75.810039552583362, 26.831554642632682 ], [ 75.810039552583362, 26.831285148191114 ], [ 75.809770058141737, 26.831015653749489 ], [ 75.809500563700112, 26.830746158408544 ], [ 75.808961573917543, 26.830746158408544 ], [ 75.8078835961511, 26.829668180642102 ], [ 75.8078835961511, 26.829129190859533 ], [ 75.807614100810156, 26.828859696417908 ], [ 75.807614100810156, 26.828051213093033 ], [ 75.80842258503435, 26.827242728868896 ], [ 75.808692079475918, 26.826973234427271 ], [ 75.808961573917543, 26.826703739985646 ], [ 75.809500563700112, 26.826703739985646 ], [ 75.809770058141737, 26.826703739985646 ], [ 75.810039552583362, 26.826434245544021 ] ] ] } },
{ "type": "Feature", "properties": { "OBJECTID": 1028.0, "LAYER": "Stream", "STREAM_ID": 6662, "IN_FLOW": 347.0, "OUT_FLOW": 470.0, "DRAIN_AREA": "0.3772 sq km", "STRAHLER": 1, "Shape_Leng": 0.00336471546759 }, "geometry": { "type": "MultiLineString", "coordinates": [ [ [ 75.762878000119656, 26.833710599064943 ], [ 75.763416989002906, 26.833171610181694 ], [ 75.76368648344453, 26.832902115740126 ], [ 75.76368648344453, 26.831824137074307 ], [ 75.764494967668668, 26.831015653749489 ] ] ] } },
{ "type": "Feature", "properties": { "OBJECTID": 1029.0, "LAYER": "Stream", "STREAM_ID": 6672, "IN_FLOW": 159067.0, "OUT_FLOW": 159827.0, "DRAIN_AREA": "128.26 sq km", "STRAHLER": 5, "Shape_Leng": 0.0087737588512700002 }, "geometry": { "type": "MultiLineString", "coordinates": [ [ [ 75.781203632042036, 26.833441104623319 ], [ 75.782281609808479, 26.832363125957556 ], [ 75.782281609808479, 26.832093631515932 ], [ 75.782281609808479, 26.831554642632682 ], [ 75.782281609808479, 26.831015653749489 ], [ 75.781742620925286, 26.83047666396692 ], [ 75.781742620925286, 26.830207169525295 ], [ 75.782012115366911, 26.82993767508367 ], [ 75.782281609808479, 26.82993767508367 ], [ 75.782551105149423, 26.829668180642102 ], [ 75.782551105149423, 26.828320707534658 ], [ 75.783359588474298, 26.82751222420984 ], [ 75.78443756714006, 26.82751222420984 ], [ 75.784707061581685, 26.82751222420984 ] ] ] } },
{ "type": "Feature", "properties": { "OBJECTID": 1030.0, "LAYER": "Stream", "STREAM_ID": 6673, "IN_FLOW": 202.0, "OUT_FLOW": 408.0, "DRAIN_AREA": "0.3274 sq km", "STRAHLER": 1, "Shape_Leng": 0.0047584268837300003 }, "geometry": { "type": "MultiLineString", "coordinates": [ [ [ 75.820280346760626, 26.833441104623319 ], [ 75.820280346760626, 26.833171610181694 ], [ 75.820549841202251, 26.832902115740126 ], [ 75.820549841202251, 26.832632621298501 ], [ 75.820549841202251, 26.832093631515932 ], [ 75.820549841202251, 26.831285148191114 ], [ 75.820819335643876, 26.831015653749489 ], [ 75.8210888300855, 26.831015653749489 ], [ 75.821358325426445, 26.830746158408544 ], [ 75.821897314309638, 26.830746158408544 ], [ 75.822166808751263, 26.831015653749489 ], [ 75.822705797634512, 26.831015653749489 ] ] ] } },
{ "type": "Feature", "properties": { "OBJECTID": 1031.0, "LAYER": "Stream", "STREAM_ID": 6683, "IN_FLOW": 207.0, "OUT_FLOW": 735.0, "DRAIN_AREA": "0.59 sq km", "STRAHLER": 1, "Shape_Leng": 0.0100917319273 }, "geometry": { "type": "MultiLineString", "coordinates": [ [ [ 75.755287621326715, 26.8329466456712 ], [ 75.755332151257846, 26.832902115740126 ], [ 75.755332151257846, 26.831824137074307 ], [ 75.755332151257846, 26.831554642632682 ], [ 75.756140635481984, 26.830746158408544 ], [ 75.756140635481984, 26.83047666396692 ], [ 75.756410129923609, 26.830207169525295 ], [ 75.756410129923609, 26.829668180642102 ], [ 75.755871141040359, 26.829129190859533 ], [ 75.755871141040359, 26.828590201976283 ], [ 75.755332151257846, 26.828051213093033 ], [ 75.754793162374597, 26.828051213093033 ], [ 75.754254173491347, 26.82751222420984 ], [ 75.754254173491347, 26.826434245544021 ], [ 75.755601646598791, 26.825086772436634 ] ] ] } },
{ "type": "Feature", "properties": { "OBJECTID": 1032.0, "LAYER": "Stream", "STREAM_ID": 6684, "IN_FLOW": 204.0, "OUT_FLOW": 419.0, "DRAIN_AREA": "0.3362 sq km", "STRAHLER": 1, "Shape_Leng": 0.0089970168919300004 }, "geometry": { "type": "MultiLineString", "coordinates": [ [ [ 75.842109408222655, 26.833171610181694 ], [ 75.842648397105904, 26.832632621298501 ], [ 75.842648397105904, 26.832363125957556 ], [ 75.842917891547529, 26.832093631515932 ], [ 75.842917891547529, 26.831554642632682 ], [ 75.842917891547529, 26.831285148191114 ], [ 75.842917891547529, 26.831015653749489 ], [ 75.843456881330042, 26.83047666396692 ], [ 75.843995870213291, 26.82993767508367 ], [ 75.843995870213291, 26.829129190859533 ], [ 75.843456881330042, 26.828590201976283 ], [ 75.842648397105904, 26.828590201976283 ], [ 75.842378902664279, 26.828859696417908 ], [ 75.842109408222655, 26.828859696417908 ], [ 75.841570419339462, 26.828320707534658 ], [ 75.841570419339462, 26.82751222420984 ], [ 75.841300923998517, 26.827242728868896 ] ] ] } },
{ "type": "Feature", "properties": { "OBJECTID": 1033.0, "LAYER": "Stream", "STREAM_ID": 6689, "IN_FLOW": 201.0, "OUT_FLOW": 201.0, "DRAIN_AREA": "0.1613 sq km", "STRAHLER": 1, "Shape_Leng": 0.00038112269432999998 }, "geometry": { "type": "MultiLineString", "coordinates": [ [ [ 75.831060129821196, 26.832902115740126 ], [ 75.830790635379572, 26.832632621298501 ] ] ] } },
{ "type": "Feature", "properties": { "OBJECTID": 1034.0, "LAYER": "Stream", "STREAM_ID": 6694, "IN_FLOW": 215.0, "OUT_FLOW": 528.0, "DRAIN_AREA": "0.4237 sq km", "STRAHLER": 1, "Shape_Leng": 0.0077420211922099996 }, "geometry": { "type": "MultiLineString", "coordinates": [ [ [ 75.77069334342309, 26.832632621298501 ], [ 75.77069334342309, 26.832363125957556 ], [ 75.769615364757328, 26.831285148191114 ], [ 75.769076375874079, 26.831285148191114 ], [ 75.768806880533191, 26.831015653749489 ], [ 75.768806880533191, 26.830207169525295 ], [ 75.768806880533191, 26.82993767508367 ], [ 75.769076375874079, 26.829668180642102 ], [ 75.769076375874079, 26.829398686200477 ], [ 75.768806880533191, 26.829129190859533 ], [ 75.768267891649941, 26.828590201976283 ], [ 75.768267891649941, 26.826434245544021 ] ] ] } },
{ "type": "Feature", "properties": { "OBJECTID": 1035.0, "LAYER": "Stream", "STREAM_ID": 6695, "IN_FLOW": 1432.0, "OUT_FLOW": 1977.0, "DRAIN_AREA": "1.587 sq km", "STRAHLER": 2, "Shape_Leng": 0.0120268473381 }, "geometry": { "type": "MultiLineString", "coordinates": [ [ [ 75.830790635379572, 26.832632621298501 ], [ 75.830790635379572, 26.832363125957556 ], [ 75.830521140937947, 26.832093631515932 ], [ 75.829443162272185, 26.831015653749489 ], [ 75.829443162272185, 26.82993767508367 ], [ 75.829443162272185, 26.829668180642102 ], [ 75.828904173388935, 26.829129190859533 ], [ 75.828904173388935, 26.828051213093033 ], [ 75.828904173388935, 26.826973234427271 ], [ 75.82863467894731, 26.826703739985646 ], [ 75.828095690064117, 26.826703739985646 ], [ 75.827556700281548, 26.826164751102453 ], [ 75.827287205839923, 26.826164751102453 ], [ 75.827017711398298, 26.826164751102453 ], [ 75.82674821695673, 26.825895256660829 ], [ 75.826478722515105, 26.825895256660829 ], [ 75.826209227174161, 26.825625761319884 ], [ 75.826209227174161, 26.825356266878259 ], [ 75.825670238290911, 26.82481727799501 ], [ 75.825400743849286, 26.82481727799501 ], [ 75.825131249407718, 26.824547783553442 ], [ 75.825131249407718, 26.824278289111817 ], [ 75.824861754966093, 26.824008793770872 ] ] ] } },
{ "type": "Feature", "properties": { "OBJECTID": 1036.0, "LAYER": "Stream", "STREAM_ID": 6704, "IN_FLOW": 204.0, "OUT_FLOW": 616.0, "DRAIN_AREA": "0.4943 sq km", "STRAHLER": 1, "Shape_Leng": 0.0114878593542 }, "geometry": { "type": "MultiLineString", "coordinates": [ [ [ 75.758835581696815, 26.832093631515932 ], [ 75.759105076138383, 26.831824137074307 ], [ 75.759105076138383, 26.831554642632682 ], [ 75.759644065021632, 26.831015653749489 ], [ 75.760452549245827, 26.830207169525295 ], [ 75.760452549245827, 26.829129190859533 ], [ 75.760452549245827, 26.828859696417908 ], [ 75.760183053904882, 26.828590201976283 ], [ 75.760183053904882, 26.828051213093033 ], [ 75.759374570580007, 26.827242728868896 ], [ 75.75856608635587, 26.827242728868896 ], [ 75.758296591914245, 26.82751222420984 ], [ 75.757488108589371, 26.82751222420984 ], [ 75.756949118806858, 26.82751222420984 ], [ 75.756140635481984, 26.826703739985646 ], [ 75.756140635481984, 26.826434245544021 ], [ 75.755871141040359, 26.826164751102453 ], [ 75.755871141040359, 26.825356266878259 ], [ 75.755601646598791, 26.825086772436634 ] ] ] } },
{ "type": "Feature", "properties": { "OBJECTID": 1037.0, "LAYER": "Stream", "STREAM_ID": 6711, "IN_FLOW": 202.0, "OUT_FLOW": 442.0, "DRAIN_AREA": "0.3547 sq km", "STRAHLER": 1, "Shape_Leng": 0.0054744358713899998 }, "geometry": { "type": "MultiLineString", "coordinates": [ [ [ 75.839683956449505, 26.831824137074307 ], [ 75.83995345179045, 26.831554642632682 ], [ 75.83995345179045, 26.831285148191114 ], [ 75.83995345179045, 26.831015653749489 ], [ 75.83995345179045, 26.82993767508367 ], [ 75.839683956449505, 26.829668180642102 ], [ 75.839683956449505, 26.828859696417908 ], [ 75.841300923998517, 26.827242728868896 ] ] ] } },
{ "type": "Feature", "properties": { "OBJECTID": 1038.0, "LAYER": "Stream", "STREAM_ID": 6730, "IN_FLOW": 3446.0, "OUT_FLOW": 3769.0, "DRAIN_AREA": "3.025 sq km", "STRAHLER": 2, "Shape_Leng": 0.008103989862 }, "geometry": { "type": "MultiLineString", "coordinates": [ [ [ 75.764494967668668, 26.831015653749489 ], [ 75.764225473227043, 26.830746158408544 ], [ 75.764225473227043, 26.82993767508367 ], [ 75.764494967668668, 26.829668180642102 ], [ 75.764494967668668, 26.829398686200477 ], [ 75.764494967668668, 26.829129190859533 ], [ 75.764494967668668, 26.827242728868896 ], [ 75.765303450993542, 26.826434245544021 ], [ 75.76611193521768, 26.826434245544021 ], [ 75.768267891649941, 26.826434245544021 ] ] ] } },
{ "type": "Feature", "properties": { "OBJECTID": 1039.0, "LAYER": "Stream", "STREAM_ID": 6731, "IN_FLOW": 4957.0, "OUT_FLOW": 4957.0, "DRAIN_AREA": "3.978 sq km", "STRAHLER": 3, "Shape_Leng": 0.00038112396616000002 }, "geometry": { "type": "MultiLineString", "coordinates": [ [ [ 75.822705797634512, 26.831015653749489 ], [ 75.822975292975457, 26.830746158408544 ] ] ] } },
{ "type": "Feature", "properties": { "OBJECTID": 1040.0, "LAYER": "Stream", "STREAM_ID": 6734, "IN_FLOW": 1310.0, "OUT_FLOW": 1630.0, "DRAIN_AREA": "1.308 sq km", "STRAHLER": 2, "Shape_Leng": 0.0078074099735099996 }, "geometry": { "type": "MultiLineString", "coordinates": [ [ [ 75.804649661053077, 26.830746158408544 ], [ 75.804380166611452, 26.83047666396692 ], [ 75.804380166611452, 26.82993767508367 ], [ 75.804380166611452, 26.829668180642102 ], [ 75.806266628602089, 26.827781718651465 ], [ 75.806266628602089, 26.826973234427271 ], [ 75.805997133261144, 26.826703739985646 ], [ 75.806266628602089, 26.826434245544021 ], [ 75.806266628602089, 26.826164751102453 ], [ 75.806536123043713, 26.825895256660829 ], [ 75.806536123043713, 26.825356266878259 ], [ 75.806805617485338, 26.825086772436634 ], [ 75.807614100810156, 26.825086772436634 ] ] ] } },
{ "type": "Feature", "properties": { "OBJECTID": 1041.0, "LAYER": "Stream", "STREAM_ID": 6735, "IN_FLOW": 5656.0, "OUT_FLOW": 5807.0, "DRAIN_AREA": "4.66 sq km", "STRAHLER": 3, "Shape_Leng": 0.0047584258753000002 }, "geometry": { "type": "MultiLineString", "coordinates": [ [ [ 75.822975292975457, 26.830746158408544 ], [ 75.822975292975457, 26.83047666396692 ], [ 75.822975292975457, 26.830207169525295 ], [ 75.822975292975457, 26.829129190859533 ], [ 75.824053270741899, 26.828051213093033 ], [ 75.824053270741899, 26.826434245544021 ] ] ] } },
{ "type": "Feature", "properties": { "OBJECTID": 1042.0, "LAYER": "Stream", "STREAM_ID": 6739, "IN_FLOW": 11779.0, "OUT_FLOW": 12049.0, "DRAIN_AREA": "9.669 sq km", "STRAHLER": 3, "Shape_Leng": 0.0077420199203799998 }, "geometry": { "type": "MultiLineString", "coordinates": [ [ [ 75.790905437336107, 26.83047666396692 ], [ 75.790905437336107, 26.828859696417908 ], [ 75.789827458670345, 26.827781718651465 ], [ 75.789827458670345, 26.827242728868896 ], [ 75.789018974446151, 26.826434245544021 ], [ 75.789018974446151, 26.826164751102453 ], [ 75.789018974446151, 26.825895256660829 ], [ 75.788749480004583, 26.825625761319884 ], [ 75.788749480004583, 26.825356266878259 ], [ 75.788749480004583, 26.825086772436634 ], [ 75.788749480004583, 26.824008793770872 ], [ 75.788479985562958, 26.823739299329247 ] ] ] } },
{ "type": "Feature", "properties": { "OBJECTID": 1043.0, "LAYER": "Stream", "STREAM_ID": 6748, "IN_FLOW": 235.0, "OUT_FLOW": 322.0, "DRAIN_AREA": "0.2584 sq km", "STRAHLER": 1, "Shape_Leng": 0.0050008355059500001 }, "geometry": { "type": "MultiLineString", "coordinates": [ [ [ 75.773118794296977, 26.82993767508367 ], [ 75.772849299855352, 26.829668180642102 ], [ 75.772849299855352, 26.829398686200477 ], [ 75.772579805413727, 26.829129190859533 ], [ 75.77177132118959, 26.828320707534658 ], [ 75.772040815631215, 26.828051213093033 ], [ 75.772040815631215, 26.827781718651465 ], [ 75.772040815631215, 26.82751222420984 ], [ 75.773388288738602, 26.826164751102453 ] ] ] } },
{ "type": "Feature", "properties": { "OBJECTID": 1044.0, "LAYER": "Stream", "STREAM_ID": 6755, "IN_FLOW": 200.0, "OUT_FLOW": 714.0, "DRAIN_AREA": "0.573 sq km", "STRAHLER": 1, "Shape_Leng": 0.0119152198756 }, "geometry": { "type": "MultiLineString", "coordinates": [ [ [ 75.798720779740222, 26.829668180642102 ], [ 75.799259768623472, 26.829129190859533 ], [ 75.799529263964416, 26.829129190859533 ], [ 75.800068252847666, 26.828590201976283 ], [ 75.800068252847666, 26.828320707534658 ], [ 75.800068252847666, 26.828051213093033 ], [ 75.800068252847666, 26.825625761319884 ], [ 75.799259768623472, 26.82481727799501 ], [ 75.798990274181847, 26.82481727799501 ], [ 75.798720779740222, 26.824547783553442 ], [ 75.797912296415404, 26.823739299329247 ], [ 75.796834317749642, 26.823739299329247 ], [ 75.796025834424768, 26.82293081600443 ], [ 75.795756339083823, 26.82293081600443 ], [ 75.795486844642198, 26.822661321562805 ], [ 75.794139371534811, 26.822661321562805 ] ] ] } },
{ "type": "Feature", "properties": { "OBJECTID": 1045.0, "LAYER": "Stream", "STREAM_ID": 6759, "IN_FLOW": 202.0, "OUT_FLOW": 420.0, "DRAIN_AREA": "0.337 sq km", "STRAHLER": 1, "Shape_Leng": 0.0046197128117100002 }, "geometry": { "type": "MultiLineString", "coordinates": [ [ [ 75.813273487681386, 26.829398686200477 ], [ 75.813003993239761, 26.829398686200477 ], [ 75.812465003457191, 26.828859696417908 ], [ 75.812195509015567, 26.828590201976283 ], [ 75.811656520132374, 26.828051213093033 ], [ 75.811387025690749, 26.828051213093033 ], [ 75.81084803590818, 26.82751222420984 ], [ 75.810039552583362, 26.826703739985646 ], [ 75.810039552583362, 26.826434245544021 ] ] ] } },
{ "type": "Feature", "properties": { "OBJECTID": 1046.0, "LAYER": "Stream", "STREAM_ID": 6766, "IN_FLOW": 278.0, "OUT_FLOW": 1165.0, "DRAIN_AREA": "0.935 sq km", "STRAHLER": 1, "Shape_Leng": 0.0036978982844199999 }, "geometry": { "type": "MultiLineString", "coordinates": [ [ [ 75.746589651890986, 26.821432521193969 ], [ 75.747516808853675, 26.820505364231224 ], [ 75.746977819970482, 26.819966375347974 ], [ 75.746977819970482, 26.818888396682212 ], [ 75.746708324629537, 26.818618902240587 ], [ 75.746542971680867, 26.818618902240587 ] ] ] } },
{ "type": "Feature", "properties": { "OBJECTID": 1047.0, "LAYER": "Stream", "STREAM_ID": 6767, "IN_FLOW": 209.0, "OUT_FLOW": 223.0, "DRAIN_AREA": "0.179 sq km", "STRAHLER": 1, "Shape_Leng": 0.0015244914132399999 }, "geometry": { "type": "MultiLineString", "coordinates": [ [ [ 75.868250382549149, 26.829129190859533 ], [ 75.869328361214968, 26.828051213093033 ] ] ] } },
{ "type": "Feature", "properties": { "OBJECTID": 1048.0, "LAYER": "Stream", "STREAM_ID": 6775, "IN_FLOW": 206.0, "OUT_FLOW": 707.0, "DRAIN_AREA": "0.567 sq km", "STRAHLER": 1, "Shape_Leng": 0.0098246527061299996 }, "geometry": { "type": "MultiLineString", "coordinates": [ [ [ 75.851272223734213, 26.828590201976283 ], [ 75.852889191283225, 26.826973234427271 ], [ 75.853428181065738, 26.826434245544021 ], [ 75.853428181065738, 26.825895256660829 ], [ 75.85315868572485, 26.825625761319884 ], [ 75.851541718175838, 26.824008793770872 ], [ 75.851541718175838, 26.821852837338611 ], [ 75.851272223734213, 26.821583342896986 ], [ 75.851272223734213, 26.821313848455418 ], [ 75.850733234850964, 26.820774859572168 ] ] ] } },
{ "type": "Feature", "properties": { "OBJECTID": 1049.0, "LAYER": "Stream", "STREAM_ID": 6777, "IN_FLOW": 207.0, "OUT_FLOW": 247.0, "DRAIN_AREA": "0.1982 sq km", "STRAHLER": 1, "Shape_Leng": 0.0027140976957599999 }, "geometry": { "type": "MultiLineString", "coordinates": [ [ [ 75.773657783180226, 26.828320707534658 ], [ 75.773118794296977, 26.827781718651465 ], [ 75.773118794296977, 26.827242728868896 ], [ 75.773657783180226, 26.826703739985646 ], [ 75.773657783180226, 26.826434245544021 ], [ 75.773388288738602, 26.826164751102453 ] ] ] } },
{ "type": "Feature", "properties": { "OBJECTID": 1050.0, "LAYER": "Stream", "STREAM_ID": 6778, "IN_FLOW": 226.0, "OUT_FLOW": 510.0, "DRAIN_AREA": "0.4093 sq km", "STRAHLER": 1, "Shape_Leng": 0.00699892754799 }, "geometry": { "type": "MultiLineString", "coordinates": [ [ [ 75.835102549143357, 26.828320707534658 ], [ 75.835641538026607, 26.827781718651465 ], [ 75.835641538026607, 26.82751222420984 ], [ 75.835911032468232, 26.827242728868896 ], [ 75.836450022250801, 26.827242728868896 ], [ 75.836719516692426, 26.82751222420984 ], [ 75.836989011133994, 26.82751222420984 ], [ 75.837528000017244, 26.826973234427271 ], [ 75.836719516692426, 26.826164751102453 ], [ 75.836719516692426, 26.825356266878259 ], [ 75.835911032468232, 26.824547783553442 ], [ 75.835911032468232, 26.824008793770872 ] ] ] } },
{ "type": "Feature", "properties": { "OBJECTID": 1051.0, "LAYER": "Stream", "STREAM_ID": 6779, "IN_FLOW": 216.0, "OUT_FLOW": 1227.0, "DRAIN_AREA": "0.985 sq km", "STRAHLER": 1, "Shape_Leng": 0.027530038659799999 }, "geometry": { "type": "MultiLineString", "coordinates": [ [ [ 75.855045148614749, 26.828320707534658 ], [ 75.855314643056374, 26.828051213093033 ], [ 75.856123126381249, 26.827242728868896 ], [ 75.856123126381249, 26.826703739985646 ], [ 75.855584137497999, 26.826164751102453 ], [ 75.855045148614749, 26.826164751102453 ], [ 75.854775653273862, 26.825895256660829 ], [ 75.854506158832237, 26.825625761319884 ], [ 75.853697675507362, 26.82481727799501 ], [ 75.853697675507362, 26.823200310445998 ], [ 75.853428181065738, 26.82293081600443 ], [ 75.853428181065738, 26.82239182622186 ], [ 75.853967169948987, 26.821852837338611 ], [ 75.853967169948987, 26.820774859572168 ], [ 75.853967169948987, 26.820505364231224 ], [ 75.853967169948987, 26.819966375347974 ], [ 75.853697675507362, 26.819696880906406 ], [ 75.854236664390612, 26.819157892023156 ], [ 75.854236664390612, 26.818888396682212 ], [ 75.853967169948987, 26.818618902240587 ], [ 75.853967169948987, 26.818349407798962 ], [ 75.854236664390612, 26.818079913357394 ], [ 75.854236664390612, 26.816193451366757 ], [ 75.853967169948987, 26.815923956925133 ], [ 75.853428181065738, 26.815384967142563 ], [ 75.853428181065738, 26.815115472700938 ], [ 75.853697675507362, 26.814845978259314 ], [ 75.853697675507362, 26.814576483817746 ], [ 75.852889191283225, 26.813767999593551 ], [ 75.852889191283225, 26.813229010710302 ], [ 75.852889191283225, 26.812690021827109 ], [ 75.85315868572485, 26.812420527385484 ], [ 75.85315868572485, 26.811881537602915 ], [ 75.853967169948987, 26.811073054278097 ], [ 75.853967169948987, 26.810803559836472 ], [ 75.853428181065738, 26.810264570053903 ], [ 75.852889191283225, 26.810264570053903 ], [ 75.852350202399975, 26.80972558117071 ], [ 75.852350202399975, 26.809456086729085 ], [ 75.852080707958351, 26.80918659228746 ], [ 75.851541718175838, 26.808647602504891 ], [ 75.851541718175838, 26.807569624738449 ], [ 75.851811213516726, 26.807300130296824 ], [ 75.851811213516726, 26.806491646072686 ], [ 75.851541718175838, 26.806222151631061 ] ] ] } },
{ "type": "Feature", "properties": { "OBJECTID": 1052.0, "LAYER": "Stream", "STREAM_ID": 6780, "IN_FLOW": 241.0, "OUT_FLOW": 241.0, "DRAIN_AREA": "0.1934 sq km", "STRAHLER": 1, "Shape_Leng": 0.00038112269432999998 }, "geometry": { "type": "MultiLineString", "coordinates": [ [ [ 75.872023307429743, 26.828320707534658 ], [ 75.872292801871367, 26.828051213093033 ] ] ] } },
{ "type": "Feature", "properties": { "OBJECTID": 1053.0, "LAYER": "Stream", "STREAM_ID": 6784, "IN_FLOW": 221.0, "OUT_FLOW": 420.0, "DRAIN_AREA": "0.337 sq km", "STRAHLER": 1, "Shape_Leng": 0.0092665106975599997 }, "geometry": { "type": "MultiLineString", "coordinates": [ [ [ 75.817046411662602, 26.828051213093033 ], [ 75.817046411662602, 26.827781718651465 ], [ 75.817315906104227, 26.82751222420984 ], [ 75.817315906104227, 26.827242728868896 ], [ 75.817854895886796, 26.826703739985646 ], [ 75.818124390328421, 26.826703739985646 ], [ 75.818393884770046, 26.826703739985646 ], [ 75.819202368094864, 26.825895256660829 ], [ 75.820280346760626, 26.825895256660829 ], [ 75.820549841202251, 26.825895256660829 ], [ 75.82162781986807, 26.82481727799501 ], [ 75.821897314309638, 26.82481727799501 ], [ 75.822166808751263, 26.824547783553442 ], [ 75.822975292975457, 26.824547783553442 ], [ 75.823783776300274, 26.824547783553442 ], [ 75.824053270741899, 26.82481727799501 ], [ 75.824322765183524, 26.824547783553442 ] ] ] } },
{ "type": "Feature", "properties": { "OBJECTID": 1054.0, "LAYER": "Stream", "STREAM_ID": 6785, "IN_FLOW": 737.0, "OUT_FLOW": 939.0, "DRAIN_AREA": "0.754 sq km", "STRAHLER": 2, "Shape_Leng": 0.00475842651122 }, "geometry": { "type": "MultiLineString", "coordinates": [ [ [ 75.86528594279207, 26.826703739985646 ], [ 75.865555437233695, 26.826973234427271 ], [ 75.865555437233695, 26.827242728868896 ], [ 75.866094426116945, 26.827781718651465 ], [ 75.867172404782707, 26.827781718651465 ], [ 75.867441899224332, 26.828051213093033 ], [ 75.869328361214968, 26.828051213093033 ] ] ] } },
{ "type": "Feature", "properties": { "OBJECTID": 1055.0, "LAYER": "Stream", "STREAM_ID": 6786, "IN_FLOW": 1173.0, "OUT_FLOW": 1259.0, "DRAIN_AREA": "1.01 sq km", "STRAHLER": 2, "Shape_Leng": 0.00341095366716 }, "geometry": { "type": "MultiLineString", "coordinates": [ [ [ 75.869328361214968, 26.828051213093033 ], [ 75.869867350098161, 26.82751222420984 ], [ 75.870406339880731, 26.82751222420984 ], [ 75.870675834322356, 26.82751222420984 ], [ 75.871214823205605, 26.828051213093033 ], [ 75.872292801871367, 26.828051213093033 ] ] ] } },
{ "type": "Feature", "properties": { "OBJECTID": 1056.0, "LAYER": "Stream", "STREAM_ID": 6787, "IN_FLOW": 1506.0, "OUT_FLOW": 3156.0, "DRAIN_AREA": "2.533 sq km", "STRAHLER": 2, "Shape_Leng": 0.0103939163895 }, "geometry": { "type": "MultiLineString", "coordinates": [ [ [ 75.872292801871367, 26.828051213093033 ], [ 75.874179263862004, 26.826164751102453 ], [ 75.874179263862004, 26.825895256660829 ], [ 75.874448758303629, 26.825625761319884 ], [ 75.874448758303629, 26.825086772436634 ], [ 75.874718252745197, 26.82481727799501 ], [ 75.875257242527766, 26.824278289111817 ], [ 75.875526736969391, 26.824278289111817 ], [ 75.876335220294266, 26.823469804887623 ], [ 75.876874209177458, 26.823469804887623 ], [ 75.877682693401653, 26.824278289111817 ], [ 75.877952187843277, 26.824278289111817 ], [ 75.878221682284845, 26.824278289111817 ], [ 75.87849117672647, 26.824008793770872 ], [ 75.879465391614588, 26.823034579782075 ] ] ] } },
{ "type": "Feature", "properties": { "OBJECTID": 1057.0, "LAYER": "Stream", "STREAM_ID": 6793, "IN_FLOW": 160114.0, "OUT_FLOW": 160153.0, "DRAIN_AREA": "128.52 sq km", "STRAHLER": 5, "Shape_Leng": 0.0014128637964000001 }, "geometry": { "type": "MultiLineString", "coordinates": [ [ [ 75.784707061581685, 26.82751222420984 ], [ 75.78497655602331, 26.82751222420984 ], [ 75.785785040247447, 26.826703739985646 ] ] ] } },
{ "type": "Feature", "properties": { "OBJECTID": 1058.0, "LAYER": "Stream", "STREAM_ID": 6794, "IN_FLOW": 342.0, "OUT_FLOW": 522.0, "DRAIN_AREA": "0.4189 sq km", "STRAHLER": 1, "Shape_Leng": 0.0074916779681700003 }, "geometry": { "type": "MultiLineString", "coordinates": [ [ [ 75.859626555920897, 26.82751222420984 ], [ 75.860435040145035, 26.826703739985646 ], [ 75.860435040145035, 26.826434245544021 ], [ 75.861782513252422, 26.825086772436634 ], [ 75.862052007694047, 26.825086772436634 ], [ 75.862321502135671, 26.825356266878259 ], [ 75.862590996577296, 26.825356266878259 ], [ 75.862860491018921, 26.825625761319884 ], [ 75.863399480801434, 26.825625761319884 ], [ 75.863668975243058, 26.825895256660829 ], [ 75.864207964126308, 26.825895256660829 ], [ 75.864477458567933, 26.826164751102453 ], [ 75.864746953009558, 26.826164751102453 ], [ 75.86528594279207, 26.826703739985646 ] ] ] } },
{ "type": "Feature", "properties": { "OBJECTID": 1059.0, "LAYER": "Stream", "STREAM_ID": 6795, "IN_FLOW": 202.0, "OUT_FLOW": 282.0, "DRAIN_AREA": "0.2263 sq km", "STRAHLER": 1, "Shape_Leng": 0.0037458387978599999 }, "geometry": { "type": "MultiLineString", "coordinates": [ [ [ 75.782551105149423, 26.82481727799501 ], [ 75.782820599591048, 26.825086772436634 ], [ 75.783090094032673, 26.825356266878259 ], [ 75.783359588474298, 26.825356266878259 ], [ 75.783629082915922, 26.825625761319884 ], [ 75.783629082915922, 26.825895256660829 ], [ 75.78389857735749, 26.826164751102453 ], [ 75.78389857735749, 26.826434245544021 ], [ 75.78389857735749, 26.826703739985646 ], [ 75.784707061581685, 26.82751222420984 ] ] ] } },
{ "type": "Feature", "properties": { "OBJECTID": 1060.0, "LAYER": "Stream", "STREAM_ID": 6796, "IN_FLOW": 202.0, "OUT_FLOW": 204.0, "DRAIN_AREA": "0.1637 sq km", "STRAHLER": 1, "Shape_Leng": 0.00065061713595500001 }, "geometry": { "type": "MultiLineString", "coordinates": [ [ [ 75.786054534689072, 26.827242728868896 ], [ 75.786054534689072, 26.826973234427271 ], [ 75.785785040247447, 26.826703739985646 ] ] ] } },
{ "type": "Feature", "properties": { "OBJECTID": 1061.0, "LAYER": "Stream", "STREAM_ID": 6797, "IN_FLOW": 202.0, "OUT_FLOW": 209.0, "DRAIN_AREA": "0.1677 sq km", "STRAHLER": 1, "Shape_Leng": 0.00114336808295 }, "geometry": { "type": "MultiLineString", "coordinates": [ [ [ 75.823244787417082, 26.827242728868896 ], [ 75.824053270741899, 26.826434245544021 ] ] ] } },
{ "type": "Feature", "properties": { "OBJECTID": 1062.0, "LAYER": "Stream", "STREAM_ID": 6798, "IN_FLOW": 865.0, "OUT_FLOW": 1349.0, "DRAIN_AREA": "1.083 sq km", "STRAHLER": 2, "Shape_Leng": 0.0143789759916 }, "geometry": { "type": "MultiLineString", "coordinates": [ [ [ 75.841300923998517, 26.827242728868896 ], [ 75.841570419339462, 26.826973234427271 ], [ 75.841300923998517, 26.826703739985646 ], [ 75.841031429556892, 26.826703739985646 ], [ 75.840761935115268, 26.826434245544021 ], [ 75.840761935115268, 26.825895256660829 ], [ 75.842378902664279, 26.824278289111817 ], [ 75.842917891547529, 26.823739299329247 ], [ 75.843187386888474, 26.823739299329247 ], [ 75.843456881330042, 26.823469804887623 ], [ 75.843995870213291, 26.823469804887623 ], [ 75.845073848879053, 26.82239182622186 ], [ 75.845343343320678, 26.82239182622186 ], [ 75.845612837762303, 26.82239182622186 ], [ 75.846690816428065, 26.821313848455418 ], [ 75.847229805311315, 26.821313848455418 ], [ 75.84749929975294, 26.821044354013793 ], [ 75.84749929975294, 26.820505364231224 ], [ 75.847768794194565, 26.820235869789599 ], [ 75.848038288636189, 26.819966375347974 ], [ 75.848577278418702, 26.819966375347974 ], [ 75.848846772860327, 26.819966375347974 ], [ 75.849385761743576, 26.819427386464781 ], [ 75.850194245967714, 26.819427386464781 ] ] ] } },
{ "type": "Feature", "properties": { "OBJECTID": 1063.0, "LAYER": "Stream", "STREAM_ID": 6799, "IN_FLOW": 205.0, "OUT_FLOW": 212.0, "DRAIN_AREA": "0.1701 sq km", "STRAHLER": 1, "Shape_Leng": 0.00103174072956 }, "geometry": { "type": "MultiLineString", "coordinates": [ [ [ 75.864477458567933, 26.827242728868896 ], [ 75.865016447451126, 26.826703739985646 ], [ 75.86528594279207, 26.826703739985646 ] ] ] } },
{ "type": "Feature", "properties": { "OBJECTID": 1064.0, "LAYER": "Stream", "STREAM_ID": 6805, "IN_FLOW": 300.0, "OUT_FLOW": 673.0, "DRAIN_AREA": "0.54 sq km", "STRAHLER": 1, "Shape_Leng": 0.0096476340278500005 }, "geometry": { "type": "MultiLineString", "coordinates": [ [ [ 75.847229805311315, 26.826973234427271 ], [ 75.84696031086969, 26.826703739985646 ], [ 75.84696031086969, 26.826164751102453 ], [ 75.846421321087178, 26.825625761319884 ], [ 75.846421321087178, 26.825356266878259 ], [ 75.846421321087178, 26.825086772436634 ], [ 75.846421321087178, 26.824547783553442 ], [ 75.846690816428065, 26.824278289111817 ], [ 75.846690816428065, 26.824008793770872 ], [ 75.847229805311315, 26.823469804887623 ], [ 75.847229805311315, 26.823200310445998 ], [ 75.847768794194565, 26.822661321562805 ], [ 75.848307783977077, 26.822661321562805 ], [ 75.848577278418702, 26.82293081600443 ], [ 75.848846772860327, 26.82293081600443 ], [ 75.849116267301952, 26.82293081600443 ], [ 75.849655256185201, 26.82239182622186 ], [ 75.849924751526146, 26.82239182622186 ], [ 75.850463740409339, 26.821852837338611 ], [ 75.850463740409339, 26.821044354013793 ], [ 75.850733234850964, 26.820774859572168 ] ] ] } },
{ "type": "Feature", "properties": { "OBJECTID": 1065.0, "LAYER": "Stream", "STREAM_ID": 6811, "IN_FLOW": 160374.0, "OUT_FLOW": 160513.0, "DRAIN_AREA": "128.81 sq km", "STRAHLER": 5, "Shape_Leng": 0.0036996005982199999 }, "geometry": { "type": "MultiLineString", "coordinates": [ [ [ 75.785785040247447, 26.826703739985646 ], [ 75.786324029130697, 26.826164751102453 ], [ 75.787132512455514, 26.825356266878259 ], [ 75.787132512455514, 26.825086772436634 ], [ 75.788210491121333, 26.824008793770872 ] ] ] } },
{ "type": "Feature", "properties": { "OBJECTID": 1066.0, "LAYER": "Stream", "STREAM_ID": 6815, "IN_FLOW": 4311.0, "OUT_FLOW": 4843.0, "DRAIN_AREA": "3.886 sq km", "STRAHLER": 2, "Shape_Leng": 0.0079190384895400003 }, "geometry": { "type": "MultiLineString", "coordinates": [ [ [ 75.768267891649941, 26.826434245544021 ], [ 75.769076375874079, 26.825625761319884 ], [ 75.769076375874079, 26.825356266878259 ], [ 75.769615364757328, 26.82481727799501 ], [ 75.769615364757328, 26.824547783553442 ], [ 75.770423848082203, 26.823739299329247 ], [ 75.77069334342309, 26.823739299329247 ], [ 75.770962837864715, 26.823469804887623 ], [ 75.772579805413727, 26.823469804887623 ], [ 75.772849299855352, 26.823739299329247 ], [ 75.773118794296977, 26.823739299329247 ], [ 75.773927277621794, 26.82293081600443 ], [ 75.774196772962739, 26.82293081600443 ] ] ] } },
{ "type": "Feature", "properties": { "OBJECTID": 1067.0, "LAYER": "Stream", "STREAM_ID": 6816, "IN_FLOW": 1354.0, "OUT_FLOW": 1473.0, "DRAIN_AREA": "1.182 sq km", "STRAHLER": 2, "Shape_Leng": 0.0028257256849699998 }, "geometry": { "type": "MultiLineString", "coordinates": [ [ [ 75.810039552583362, 26.826434245544021 ], [ 75.81030904702493, 26.826164751102453 ], [ 75.81030904702493, 26.825895256660829 ], [ 75.81084803590818, 26.825356266878259 ], [ 75.81030904702493, 26.82481727799501 ], [ 75.81030904702493, 26.824547783553442 ], [ 75.810039552583362, 26.824278289111817 ] ] ] } },
{ "type": "Feature", "properties": { "OBJECTID": 1068.0, "LAYER": "Stream", "STREAM_ID": 6817, "IN_FLOW": 6019.0, "OUT_FLOW": 6065.0, "DRAIN_AREA": "4.867 sq km", "STRAHLER": 3, "Shape_Leng": 0.0019980899798799998 }, "geometry": { "type": "MultiLineString", "coordinates": [ [ [ 75.824053270741899, 26.826434245544021 ], [ 75.824053270741899, 26.826164751102453 ], [ 75.824053270741899, 26.825895256660829 ], [ 75.824322765183524, 26.825625761319884 ], [ 75.824322765183524, 26.824547783553442 ] ] ] } },
{ "type": "Feature", "properties": { "OBJECTID": 1069.0, "LAYER": "Stream", "STREAM_ID": 6820, "IN_FLOW": 593.0, "OUT_FLOW": 678.0, "DRAIN_AREA": "0.544 sq km", "STRAHLER": 2, "Shape_Leng": 0.00401533323945 }, "geometry": { "type": "MultiLineString", "coordinates": [ [ [ 75.773388288738602, 26.826164751102453 ], [ 75.773927277621794, 26.825625761319884 ], [ 75.773927277621794, 26.825356266878259 ], [ 75.774466267404364, 26.82481727799501 ], [ 75.774466267404364, 26.824547783553442 ], [ 75.774735761845989, 26.824278289111817 ], [ 75.774735761845989, 26.823739299329247 ], [ 75.774466267404364, 26.823469804887623 ], [ 75.774466267404364, 26.823200310445998 ], [ 75.774196772962739, 26.82293081600443 ] ] ] } },
{ "type": "Feature", "properties": { "OBJECTID": 1070.0, "LAYER": "Stream", "STREAM_ID": 6828, "IN_FLOW": 226.0, "OUT_FLOW": 274.0, "DRAIN_AREA": "0.2199 sq km", "STRAHLER": 1, "Shape_Leng": 0.00336471546759 }, "geometry": { "type": "MultiLineString", "coordinates": [ [ [ 75.790905437336107, 26.825625761319884 ], [ 75.790635941995163, 26.825356266878259 ], [ 75.790366447553595, 26.825086772436634 ], [ 75.78955796422872, 26.824278289111817 ], [ 75.78955796422872, 26.823739299329247 ], [ 75.78955796422872, 26.823469804887623 ], [ 75.78955796422872, 26.823200310445998 ], [ 75.789288469787095, 26.82293081600443 ] ] ] } },
{ "type": "Feature", "properties": { "OBJECTID": 1071.0, "LAYER": "Stream", "STREAM_ID": 6832, "IN_FLOW": 215.0, "OUT_FLOW": 304.0, "DRAIN_AREA": "0.244 sq km", "STRAHLER": 1, "Shape_Leng": 0.0039690950398300002 }, "geometry": { "type": "MultiLineString", "coordinates": [ [ [ 75.832946591811833, 26.825356266878259 ], [ 75.833485581594346, 26.82481727799501 ], [ 75.834833054701789, 26.823469804887623 ], [ 75.835372043584982, 26.823469804887623 ], [ 75.835911032468232, 26.824008793770872 ] ] ] } },
{ "type": "Feature", "properties": { "OBJECTID": 1072.0, "LAYER": "Stream", "STREAM_ID": 6834, "IN_FLOW": 1354.0, "OUT_FLOW": 1931.0, "DRAIN_AREA": "1.55 sq km", "STRAHLER": 2, "Shape_Leng": 0.0088391495403399994 }, "geometry": { "type": "MultiLineString", "coordinates": [ [ [ 75.755601646598791, 26.825086772436634 ], [ 75.755601646598791, 26.82481727799501 ], [ 75.755871141040359, 26.824547783553442 ], [ 75.756679624365233, 26.824547783553442 ], [ 75.757488108589371, 26.823739299329247 ], [ 75.757757603030996, 26.823469804887623 ], [ 75.757757603030996, 26.82293081600443 ], [ 75.75802709747262, 26.822661321562805 ], [ 75.75802709747262, 26.821852837338611 ], [ 75.75856608635587, 26.821313848455418 ], [ 75.75856608635587, 26.820774859572168 ], [ 75.759644065021632, 26.819696880906406 ], [ 75.759644065021632, 26.819427386464781 ], [ 75.760183053904882, 26.818888396682212 ], [ 75.760183053904882, 26.818618902240587 ] ] ] } },
{ "type": "Feature", "properties": { "OBJECTID": 1073.0, "LAYER": "Stream", "STREAM_ID": 6835, "IN_FLOW": 1939.0, "OUT_FLOW": 2005.0, "DRAIN_AREA": "1.609 sq km", "STRAHLER": 2, "Shape_Leng": 0.0027603362678799998 }, "geometry": { "type": "MultiLineString", "coordinates": [ [ [ 75.807614100810156, 26.825086772436634 ], [ 75.808961573917543, 26.825086772436634 ], [ 75.809500563700112, 26.824547783553442 ], [ 75.809770058141737, 26.824547783553442 ], [ 75.810039552583362, 26.824278289111817 ] ] ] } },
{ "type": "Feature", "properties": { "OBJECTID": 1074.0, "LAYER": "Stream", "STREAM_ID": 6838, "IN_FLOW": 224.0, "OUT_FLOW": 306.0, "DRAIN_AREA": "0.2456 sq km", "STRAHLER": 1, "Shape_Leng": 0.0011433680829099999 }, "geometry": { "type": "MultiLineString", "coordinates": [ [ [ 75.806805617485338, 26.824278289111817 ], [ 75.807614100810156, 26.825086772436634 ] ] ] } },
{ "type": "Feature", "properties": { "OBJECTID": 1075.0, "LAYER": "Stream", "STREAM_ID": 6842, "IN_FLOW": 6490.0, "OUT_FLOW": 6495.0, "DRAIN_AREA": "5.212 sq km", "STRAHLER": 3, "Shape_Leng": 0.00076224666049099995 }, "geometry": { "type": "MultiLineString", "coordinates": [ [ [ 75.824322765183524, 26.824547783553442 ], [ 75.824592260524469, 26.824278289111817 ], [ 75.824861754966093, 26.824008793770872 ] ] ] } },
{ "type": "Feature", "properties": { "OBJECTID": 1076.0, "LAYER": "Stream", "STREAM_ID": 6846, "IN_FLOW": 200.0, "OUT_FLOW": 296.0, "DRAIN_AREA": "0.2375 sq km", "STRAHLER": 1, "Shape_Leng": 0.0053628063468899997 }, "geometry": { "type": "MultiLineString", "coordinates": [ [ [ 75.777161212719875, 26.824278289111817 ], [ 75.777161212719875, 26.823739299329247 ], [ 75.776083234953376, 26.822661321562805 ], [ 75.775813740511751, 26.822661321562805 ], [ 75.775544245170806, 26.82239182622186 ], [ 75.775544245170806, 26.821852837338611 ], [ 75.775274750729238, 26.821583342896986 ], [ 75.775274750729238, 26.821044354013793 ], [ 75.775274750729238, 26.820235869789599 ], [ 75.775005256287614, 26.819966375347974 ] ] ] } },
{ "type": "Feature", "properties": { "OBJECTID": 1077.0, "LAYER": "Stream", "STREAM_ID": 6847, "IN_FLOW": 3483.0, "OUT_FLOW": 3651.0, "DRAIN_AREA": "2.93 sq km", "STRAHLER": 3, "Shape_Leng": 0.0075379155318400001 }, "geometry": { "type": "MultiLineString", "coordinates": [ [ [ 75.810039552583362, 26.824278289111817 ], [ 75.811926014573942, 26.82239182622186 ], [ 75.813003993239761, 26.82239182622186 ], [ 75.81354298212301, 26.821852837338611 ], [ 75.813812476564578, 26.821852837338611 ], [ 75.814081971006203, 26.821583342896986 ], [ 75.814351465447828, 26.821583342896986 ], [ 75.814620960788773, 26.821313848455418 ], [ 75.815159949672022, 26.821313848455418 ], [ 75.81542944411359, 26.821583342896986 ], [ 75.816237928337785, 26.821583342896986 ] ] ] } },
{ "type": "Feature", "properties": { "OBJECTID": 1078.0, "LAYER": "Stream", "STREAM_ID": 6858, "IN_FLOW": 201.0, "OUT_FLOW": 264.0, "DRAIN_AREA": "0.2119 sq km", "STRAHLER": 1, "Shape_Leng": 0.0027140974323600002 }, "geometry": { "type": "MultiLineString", "coordinates": [ [ [ 75.786054534689072, 26.822661321562805 ], [ 75.786324029130697, 26.82293081600443 ], [ 75.786863018013946, 26.82293081600443 ], [ 75.787671502238084, 26.823739299329247 ], [ 75.787940996679708, 26.824008793770872 ], [ 75.788210491121333, 26.824008793770872 ] ] ] } },
{ "type": "Feature", "properties": { "OBJECTID": 1079.0, "LAYER": "Stream", "STREAM_ID": 6859, "IN_FLOW": 160782.0, "OUT_FLOW": 160782.0, "DRAIN_AREA": "129.02 sq km", "STRAHLER": 5, "Shape_Leng": 0.00038112269432999998 }, "geometry": { "type": "MultiLineString", "coordinates": [ [ [ 75.788210491121333, 26.824008793770872 ], [ 75.788479985562958, 26.823739299329247 ] ] ] } },
{ "type": "Feature", "properties": { "OBJECTID": 1080.0, "LAYER": "Stream", "STREAM_ID": 6860, "IN_FLOW": 8503.0, "OUT_FLOW": 8560.0, "DRAIN_AREA": "6.869 sq km", "STRAHLER": 3, "Shape_Leng": 0.0024446029907200001 }, "geometry": { "type": "MultiLineString", "coordinates": [ [ [ 75.824861754966093, 26.824008793770872 ], [ 75.825400743849286, 26.823469804887623 ], [ 75.825400743849286, 26.82293081600443 ], [ 75.826209227174161, 26.822122331780236 ] ] ] } },
{ "type": "Feature", "properties": { "OBJECTID": 1081.0, "LAYER": "Stream", "STREAM_ID": 6861, "IN_FLOW": 881.0, "OUT_FLOW": 1346.0, "DRAIN_AREA": "1.08 sq km", "STRAHLER": 2, "Shape_Leng": 0.0097130250894499996 }, "geometry": { "type": "MultiLineString", "coordinates": [ [ [ 75.835911032468232, 26.824008793770872 ], [ 75.836180526909857, 26.823739299329247 ], [ 75.836180526909857, 26.822661321562805 ], [ 75.836180526909857, 26.822122331780236 ], [ 75.836450022250801, 26.821852837338611 ], [ 75.836450022250801, 26.821583342896986 ], [ 75.835911032468232, 26.821044354013793 ], [ 75.835911032468232, 26.820774859572168 ], [ 75.836989011133994, 26.819696880906406 ], [ 75.837797494458869, 26.819696880906406 ], [ 75.839144967566256, 26.818349407798962 ], [ 75.839414462007881, 26.818349407798962 ], [ 75.840492440673643, 26.8172714291332 ] ] ] } },
{ "type": "Feature", "properties": { "OBJECTID": 1082.0, "LAYER": "Stream", "STREAM_ID": 6867, "IN_FLOW": 172836.0, "OUT_FLOW": 172850.0, "DRAIN_AREA": "138.71 sq km", "STRAHLER": 5, "Shape_Leng": 0.0011433687188199999 }, "geometry": { "type": "MultiLineString", "coordinates": [ [ [ 75.788479985562958, 26.823739299329247 ], [ 75.789288469787095, 26.82293081600443 ] ] ] } },
{ "type": "Feature", "properties": { "OBJECTID": 1083.0, "LAYER": "Stream", "STREAM_ID": 6868, "IN_FLOW": 202.0, "OUT_FLOW": 223.0, "DRAIN_AREA": "0.179 sq km", "STRAHLER": 1, "Shape_Leng": 0.0014128631604900001 }, "geometry": { "type": "MultiLineString", "coordinates": [ [ [ 75.794408866875756, 26.823739299329247 ], [ 75.794139371534811, 26.823469804887623 ], [ 75.794139371534811, 26.823200310445998 ], [ 75.793869877093186, 26.82293081600443 ], [ 75.794139371534811, 26.822661321562805 ] ] ] } },
{ "type": "Feature", "properties": { "OBJECTID": 1084.0, "LAYER": "Stream", "STREAM_ID": 6874, "IN_FLOW": 209.0, "OUT_FLOW": 1226.0, "DRAIN_AREA": "0.984 sq km", "STRAHLER": 1, "Shape_Leng": 0.026117174754200001 }, "geometry": { "type": "MultiLineString", "coordinates": [ [ [ 75.864477458567933, 26.823200310445998 ], [ 75.864746953009558, 26.82293081600443 ], [ 75.865016447451126, 26.82293081600443 ], [ 75.86528594279207, 26.82293081600443 ], [ 75.86582493167532, 26.82239182622186 ], [ 75.86636392055857, 26.82239182622186 ], [ 75.866633415000138, 26.822122331780236 ], [ 75.867172404782707, 26.822122331780236 ], [ 75.867711393665957, 26.822122331780236 ], [ 75.867980888107581, 26.82239182622186 ], [ 75.868789372331719, 26.82239182622186 ], [ 75.869597855656593, 26.82239182622186 ], [ 75.869867350098161, 26.822122331780236 ], [ 75.870406339880731, 26.822122331780236 ], [ 75.871753812088798, 26.820774859572168 ], [ 75.872023307429743, 26.820774859572168 ], [ 75.872292801871367, 26.821044354013793 ], [ 75.872562296312992, 26.821044354013793 ], [ 75.872831790754617, 26.820774859572168 ], [ 75.872831790754617, 26.819966375347974 ], [ 75.874718252745197, 26.818079913357394 ], [ 75.874448758303629, 26.817810418915769 ], [ 75.874448758303629, 26.817540924474145 ], [ 75.874718252745197, 26.8172714291332 ], [ 75.874987747186822, 26.8172714291332 ], [ 75.876065725852641, 26.816193451366757 ], [ 75.876335220294266, 26.816462945808325 ], [ 75.876874209177458, 26.816462945808325 ], [ 75.877682693401653, 26.815654461584188 ], [ 75.877682693401653, 26.815115472700938 ], [ 75.877952187843277, 26.814845978259314 ], [ 75.878221682284845, 26.814576483817746 ], [ 75.878221682284845, 26.813767999593551 ], [ 75.878221682284845, 26.813498505151927 ], [ 75.878221682284845, 26.811881537602915 ], [ 75.877682693401653, 26.811342548719722 ], [ 75.877682693401653, 26.810534064495528 ], [ 75.877952187843277, 26.810264570053903 ], [ 75.877952187843277, 26.80972558117071 ], [ 75.877952187843277, 26.808917096946516 ], [ 75.877682693401653, 26.808647602504891 ], [ 75.877682693401653, 26.808378108063266 ] ] ] } },
{ "type": "Feature", "properties": { "OBJECTID": 1085.0, "LAYER": "Stream", "STREAM_ID": 6878, "IN_FLOW": 5526.0, "OUT_FLOW": 5601.0, "DRAIN_AREA": "4.495 sq km", "STRAHLER": 3, "Shape_Leng": 0.0032993251511700002 }, "geometry": { "type": "MultiLineString", "coordinates": [ [ [ 75.774196772962739, 26.82293081600443 ], [ 75.774735761845989, 26.82239182622186 ], [ 75.774735761845989, 26.820235869789599 ], [ 75.775005256287614, 26.819966375347974 ] ] ] } },
{ "type": "Feature", "properties": { "OBJECTID": 1086.0, "LAYER": "Stream", "STREAM_ID": 6879, "IN_FLOW": 173190.0, "OUT_FLOW": 173203.0, "DRAIN_AREA": "138.99 sq km", "STRAHLER": 5, "Shape_Leng": 0.00130123490782 }, "geometry": { "type": "MultiLineString", "coordinates": [ [ [ 75.789288469787095, 26.82293081600443 ], [ 75.789827458670345, 26.82239182622186 ], [ 75.789827458670345, 26.821852837338611 ] ] ] } },
{ "type": "Feature", "properties": { "OBJECTID": 1087.0, "LAYER": "Stream", "STREAM_ID": 6880, "IN_FLOW": 219.0, "OUT_FLOW": 225.0, "DRAIN_AREA": "0.1806 sq km", "STRAHLER": 1, "Shape_Leng": 0.00103174136552 }, "geometry": { "type": "MultiLineString", "coordinates": [ [ [ 75.82674821695673, 26.82293081600443 ], [ 75.826478722515105, 26.822661321562805 ], [ 75.826478722515105, 26.82239182622186 ], [ 75.826209227174161, 26.822122331780236 ] ] ] } },
{ "type": "Feature", "properties": { "OBJECTID": 1088.0, "LAYER": "Stream", "STREAM_ID": 6883, "IN_FLOW": 942.0, "OUT_FLOW": 1227.0, "DRAIN_AREA": "0.985 sq km", "STRAHLER": 2, "Shape_Leng": 0.0063020704137600001 }, "geometry": { "type": "MultiLineString", "coordinates": [ [ [ 75.794139371534811, 26.822661321562805 ], [ 75.793600382651618, 26.822122331780236 ], [ 75.793330888209994, 26.822122331780236 ], [ 75.792522404885119, 26.821313848455418 ], [ 75.792252909544175, 26.821044354013793 ], [ 75.791713920660982, 26.821044354013793 ], [ 75.791444426219357, 26.821313848455418 ], [ 75.791444426219357, 26.821583342896986 ], [ 75.790905437336107, 26.822122331780236 ], [ 75.790905437336107, 26.82239182622186 ], [ 75.790635941995163, 26.822661321562805 ], [ 75.789827458670345, 26.821852837338611 ] ] ] } },
{ "type": "Feature", "properties": { "OBJECTID": 1089.0, "LAYER": "Stream", "STREAM_ID": 6895, "IN_FLOW": 389.0, "OUT_FLOW": 392.0, "DRAIN_AREA": "0.3146 sq km", "STRAHLER": 1, "Shape_Leng": 0.00076224538865999995 }, "geometry": { "type": "MultiLineString", "coordinates": [ [ [ 75.816237928337785, 26.822122331780236 ], [ 75.816507422779409, 26.821852837338611 ], [ 75.816237928337785, 26.821583342896986 ] ] ] } },
{ "type": "Feature", "properties": { "OBJECTID": 1090.0, "LAYER": "Stream", "STREAM_ID": 6896, "IN_FLOW": 8916.0, "OUT_FLOW": 9422.0, "DRAIN_AREA": "7.561 sq km", "STRAHLER": 3, "Shape_Leng": 0.0104752701054 }, "geometry": { "type": "MultiLineString", "coordinates": [ [ [ 75.826209227174161, 26.822122331780236 ], [ 75.82674821695673, 26.821583342896986 ], [ 75.82674821695673, 26.820774859572168 ], [ 75.827017711398298, 26.820505364231224 ], [ 75.82674821695673, 26.820235869789599 ], [ 75.82674821695673, 26.819696880906406 ], [ 75.82674821695673, 26.819427386464781 ], [ 75.82674821695673, 26.819157892023156 ], [ 75.82674821695673, 26.818888396682212 ], [ 75.827287205839923, 26.818349407798962 ], [ 75.827287205839923, 26.818079913357394 ], [ 75.827556700281548, 26.817810418915769 ], [ 75.827556700281548, 26.8172714291332 ], [ 75.82863467894731, 26.816193451366757 ], [ 75.82863467894731, 26.815923956925133 ], [ 75.830790635379572, 26.813767999593551 ] ] ] } },
{ "type": "Feature", "properties": { "OBJECTID": 1091.0, "LAYER": "Stream", "STREAM_ID": 6901, "IN_FLOW": 201.0, "OUT_FLOW": 340.0, "DRAIN_AREA": "0.2728 sq km", "STRAHLER": 1, "Shape_Leng": 0.0051587016949100001 }, "geometry": { "type": "MultiLineString", "coordinates": [ [ [ 75.76368648344453, 26.821852837338611 ], [ 75.763416989002906, 26.821583342896986 ], [ 75.763416989002906, 26.821044354013793 ], [ 75.763147494561281, 26.820774859572168 ], [ 75.762608505678031, 26.820774859572168 ], [ 75.762069515895519, 26.820235869789599 ], [ 75.761800021453894, 26.820235869789599 ], [ 75.760183053904882, 26.818618902240587 ] ] ] } },
{ "type": "Feature", "properties": { "OBJECTID": 1092.0, "LAYER": "Stream", "STREAM_ID": 6902, "IN_FLOW": 174433.0, "OUT_FLOW": 175483.0, "DRAIN_AREA": "140.82 sq km", "STRAHLER": 5, "Shape_Leng": 0.014117412182 }, "geometry": { "type": "MultiLineString", "coordinates": [ [ [ 75.789827458670345, 26.821852837338611 ], [ 75.789827458670345, 26.821583342896986 ], [ 75.789827458670345, 26.819966375347974 ], [ 75.78955796422872, 26.819696880906406 ], [ 75.78955796422872, 26.819427386464781 ], [ 75.789288469787095, 26.819157892023156 ], [ 75.789288469787095, 26.818618902240587 ], [ 75.789827458670345, 26.818079913357394 ], [ 75.789827458670345, 26.817810418915769 ], [ 75.79009695311197, 26.817540924474145 ], [ 75.789827458670345, 26.8172714291332 ], [ 75.789827458670345, 26.81673244024995 ], [ 75.79009695311197, 26.816462945808325 ], [ 75.79009695311197, 26.815115472700938 ], [ 75.790366447553595, 26.814845978259314 ], [ 75.790366447553595, 26.814037494934496 ], [ 75.790635941995163, 26.813767999593551 ], [ 75.790635941995163, 26.813229010710302 ], [ 75.790635941995163, 26.812690021827109 ], [ 75.791174931777732, 26.81215103204454 ], [ 75.791174931777732, 26.81161204316129 ], [ 75.791444426219357, 26.811342548719722 ], [ 75.791983415102607, 26.811342548719722 ], [ 75.792252909544175, 26.811073054278097 ], [ 75.792252909544175, 26.80972558117071 ] ] ] } },
{ "type": "Feature", "properties": { "OBJECTID": 1093.0, "LAYER": "Stream", "STREAM_ID": 6903, "IN_FLOW": 200.0, "OUT_FLOW": 495.0, "DRAIN_AREA": "0.3972 sq km", "STRAHLER": 1, "Shape_Leng": 0.00711055400199 }, "geometry": { "type": "MultiLineString", "coordinates": [ [ [ 75.86070453458666, 26.821852837338611 ], [ 75.86070453458666, 26.821583342896986 ], [ 75.86070453458666, 26.821044354013793 ], [ 75.86070453458666, 26.820774859572168 ], [ 75.86070453458666, 26.820505364231224 ], [ 75.862590996577296, 26.818618902240587 ], [ 75.862590996577296, 26.818079913357394 ], [ 75.863938469684683, 26.81673244024995 ], [ 75.863938469684683, 26.816462945808325 ], [ 75.864207964126308, 26.816193451366757 ] ] ] } },
{ "type": "Feature", "properties": { "OBJECTID": 1094.0, "LAYER": "Stream", "STREAM_ID": 6910, "IN_FLOW": 241.0, "OUT_FLOW": 475.0, "DRAIN_AREA": "0.3812 sq km", "STRAHLER": 1, "Shape_Leng": 0.0068681452706499998 }, "geometry": { "type": "MultiLineString", "coordinates": [ [ [ 75.755601646598791, 26.821583342896986 ], [ 75.756140635481984, 26.821044354013793 ], [ 75.756140635481984, 26.820774859572168 ], [ 75.756140635481984, 26.819966375347974 ], [ 75.756410129923609, 26.819696880906406 ], [ 75.756410129923609, 26.818888396682212 ], [ 75.756949118806858, 26.818349407798962 ], [ 75.756949118806858, 26.815654461584188 ], [ 75.756679624365233, 26.815384967142563 ] ] ] } },
{ "type": "Feature", "properties": { "OBJECTID": 1095.0, "LAYER": "Stream", "STREAM_ID": 6911, "IN_FLOW": 4049.0, "OUT_FLOW": 4352.0, "DRAIN_AREA": "3.492 sq km", "STRAHLER": 3, "Shape_Leng": 0.00444269297062 }, "geometry": { "type": "MultiLineString", "coordinates": [ [ [ 75.816237928337785, 26.821583342896986 ], [ 75.816776917221034, 26.821044354013793 ], [ 75.817046411662602, 26.820774859572168 ], [ 75.817315906104227, 26.820505364231224 ], [ 75.817315906104227, 26.820235869789599 ], [ 75.817585400545852, 26.819966375347974 ], [ 75.817585400545852, 26.819696880906406 ], [ 75.817585400545852, 26.819157892023156 ], [ 75.817315906104227, 26.818888396682212 ], [ 75.817315906104227, 26.818349407798962 ], [ 75.817315906104227, 26.817810418915769 ] ] ] } },
{ "type": "Feature", "properties": { "OBJECTID": 1096.0, "LAYER": "Stream", "STREAM_ID": 6919, "IN_FLOW": 1383.0, "OUT_FLOW": 1410.0, "DRAIN_AREA": "1.131 sq km", "STRAHLER": 2, "Shape_Leng": 0.0015707296128000001 }, "geometry": { "type": "MultiLineString", "coordinates": [ [ [ 75.850733234850964, 26.820774859572168 ], [ 75.850733234850964, 26.820505364231224 ], [ 75.850463740409339, 26.820235869789599 ], [ 75.850194245967714, 26.819966375347974 ], [ 75.850194245967714, 26.819427386464781 ] ] ] } },
{ "type": "Feature", "properties": { "OBJECTID": 1097.0, "LAYER": "Stream", "STREAM_ID": 6933, "IN_FLOW": 211.0, "OUT_FLOW": 442.0, "DRAIN_AREA": "0.3547 sq km", "STRAHLER": 1, "Shape_Leng": 0.0096013967276900002 }, "geometry": { "type": "MultiLineString", "coordinates": [ [ [ 75.812465003457191, 26.820235869789599 ], [ 75.813003993239761, 26.819696880906406 ], [ 75.813003993239761, 26.818618902240587 ], [ 75.812195509015567, 26.817810418915769 ], [ 75.812195509015567, 26.817540924474145 ], [ 75.812465003457191, 26.8172714291332 ], [ 75.813003993239761, 26.81673244024995 ], [ 75.813273487681386, 26.81673244024995 ], [ 75.81354298212301, 26.816462945808325 ], [ 75.814081971006203, 26.816462945808325 ], [ 75.814351465447828, 26.81673244024995 ], [ 75.814620960788773, 26.81673244024995 ], [ 75.815159949672022, 26.8172714291332 ], [ 75.81542944411359, 26.8172714291332 ], [ 75.81596843299684, 26.817810418915769 ], [ 75.816237928337785, 26.817810418915769 ], [ 75.816507422779409, 26.817810418915769 ], [ 75.816776917221034, 26.818079913357394 ], [ 75.817046411662602, 26.818079913357394 ], [ 75.817315906104227, 26.817810418915769 ] ] ] } },
{ "type": "Feature", "properties": { "OBJECTID": 1098.0, "LAYER": "Stream", "STREAM_ID": 6938, "IN_FLOW": 5900.0, "OUT_FLOW": 6311.0, "DRAIN_AREA": "5.064 sq km", "STRAHLER": 3, "Shape_Leng": 0.0065332599857500003 }, "geometry": { "type": "MultiLineString", "coordinates": [ [ [ 75.775005256287614, 26.819966375347974 ], [ 75.775005256287614, 26.819157892023156 ], [ 75.774735761845989, 26.818888396682212 ], [ 75.774735761845989, 26.815654461584188 ], [ 75.774735761845989, 26.814845978259314 ], [ 75.774466267404364, 26.814576483817746 ], [ 75.774466267404364, 26.814037494934496 ], [ 75.774196772962739, 26.813767999593551 ] ] ] } },
{ "type": "Feature", "properties": { "OBJECTID": 1099.0, "LAYER": "Stream", "STREAM_ID": 6939, "IN_FLOW": 212.0, "OUT_FLOW": 306.0, "DRAIN_AREA": "0.2456 sq km", "STRAHLER": 1, "Shape_Leng": 0.0033647154676300002 }, "geometry": { "type": "MultiLineString", "coordinates": [ [ [ 75.840492440673643, 26.819966375347974 ], [ 75.841300923998517, 26.819157892023156 ], [ 75.841300923998517, 26.818349407798962 ], [ 75.840761935115268, 26.817810418915769 ], [ 75.840761935115268, 26.817540924474145 ], [ 75.840492440673643, 26.8172714291332 ] ] ] } },
{ "type": "Feature", "properties": { "OBJECTID": 1100.0, "LAYER": "Stream", "STREAM_ID": 6948, "IN_FLOW": 2765.0, "OUT_FLOW": 2993.0, "DRAIN_AREA": "2.402 sq km", "STRAHLER": 3, "Shape_Leng": 0.0063483079775199999 }, "geometry": { "type": "MultiLineString", "coordinates": [ [ [ 75.850194245967714, 26.819427386464781 ], [ 75.850463740409339, 26.819157892023156 ], [ 75.850463740409339, 26.818618902240587 ], [ 75.850194245967714, 26.818349407798962 ], [ 75.850194245967714, 26.817540924474145 ], [ 75.850463740409339, 26.8172714291332 ], [ 75.850194245967714, 26.817001934691575 ], [ 75.850194245967714, 26.81673244024995 ], [ 75.850194245967714, 26.816462945808325 ], [ 75.850733234850964, 26.815923956925133 ], [ 75.849655256185201, 26.814845978259314 ], [ 75.849385761743576, 26.814845978259314 ], [ 75.849116267301952, 26.814576483817746 ] ] ] } },
{ "type": "Feature", "properties": { "OBJECTID": 1101.0, "LAYER": "Stream", "STREAM_ID": 6949, "IN_FLOW": 207.0, "OUT_FLOW": 379.0, "DRAIN_AREA": "0.3041 sq km", "STRAHLER": 1, "Shape_Leng": 0.0048700542371200002 }, "geometry": { "type": "MultiLineString", "coordinates": [ [ [ 75.868519877890094, 26.819427386464781 ], [ 75.868789372331719, 26.819157892023156 ], [ 75.869328361214968, 26.819157892023156 ], [ 75.869597855656593, 26.818888396682212 ], [ 75.869597855656593, 26.818079913357394 ], [ 75.869867350098161, 26.817810418915769 ], [ 75.870136844539786, 26.817810418915769 ], [ 75.870406339880731, 26.817540924474145 ], [ 75.870675834322356, 26.8172714291332 ], [ 75.870675834322356, 26.815923956925133 ] ] ] } },
{ "type": "Feature", "properties": { "OBJECTID": 1102.0, "LAYER": "Stream", "STREAM_ID": 6961, "IN_FLOW": 206.0, "OUT_FLOW": 321.0, "DRAIN_AREA": "0.2576 sq km", "STRAHLER": 1, "Shape_Leng": 0.0054552824826500004 }, "geometry": { "type": "MultiLineString", "coordinates": [ [ [ 75.773388288738602, 26.818888396682212 ], [ 75.773657783180226, 26.818618902240587 ], [ 75.773657783180226, 26.817540924474145 ], [ 75.773657783180226, 26.815654461584188 ], [ 75.773927277621794, 26.815384967142563 ], [ 75.773927277621794, 26.814306989376121 ], [ 75.774196772962739, 26.814037494934496 ], [ 75.774196772962739, 26.813767999593551 ] ] ] } },
{ "type": "Feature", "properties": { "OBJECTID": 1103.0, "LAYER": "Stream", "STREAM_ID": 6962, "IN_FLOW": 210.0, "OUT_FLOW": 1076.0, "DRAIN_AREA": "0.863 sq km", "STRAHLER": 1, "Shape_Leng": 0.0204848738115 }, "geometry": { "type": "MultiLineString", "coordinates": [ [ [ 75.800337747289291, 26.818888396682212 ], [ 75.800337747289291, 26.818618902240587 ], [ 75.799798758406041, 26.818079913357394 ], [ 75.799798758406041, 26.817540924474145 ], [ 75.800607241730859, 26.81673244024995 ], [ 75.800876736172484, 26.816462945808325 ], [ 75.801146231513428, 26.816193451366757 ], [ 75.801146231513428, 26.815654461584188 ], [ 75.800876736172484, 26.815384967142563 ], [ 75.800337747289291, 26.815384967142563 ], [ 75.799529263964416, 26.814576483817746 ], [ 75.799529263964416, 26.813498505151927 ], [ 75.799529263964416, 26.813229010710302 ], [ 75.799798758406041, 26.812959516268734 ], [ 75.799798758406041, 26.812690021827109 ], [ 75.800068252847666, 26.812420527385484 ], [ 75.800068252847666, 26.81215103204454 ], [ 75.800068252847666, 26.811342548719722 ], [ 75.800068252847666, 26.811073054278097 ], [ 75.800068252847666, 26.810803559836472 ], [ 75.800337747289291, 26.810534064495528 ], [ 75.800876736172484, 26.810534064495528 ], [ 75.801146231513428, 26.810264570053903 ], [ 75.801954714838303, 26.810264570053903 ], [ 75.802224209279871, 26.809995075612278 ], [ 75.802224209279871, 26.80972558117071 ], [ 75.801685220396678, 26.80918659228746 ], [ 75.801685220396678, 26.808647602504891 ], [ 75.801415725955053, 26.808378108063266 ], [ 75.801146231513428, 26.808378108063266 ], [ 75.800876736172484, 26.808108613621698 ], [ 75.799529263964416, 26.806761140514254 ], [ 75.799529263964416, 26.806491646072686 ], [ 75.798720779740222, 26.805683162747812 ], [ 75.798720779740222, 26.805413667406867 ], [ 75.798720779740222, 26.804874678523618 ], [ 75.798720779740222, 26.80460518408205 ], [ 75.798720779740222, 26.8040661951988 ], [ 75.798451285298654, 26.803796699857855 ] ] ] } },
{ "type": "Feature", "properties": { "OBJECTID": 1104.0, "LAYER": "Stream", "STREAM_ID": 6963, "IN_FLOW": 202.0, "OUT_FLOW": 321.0, "DRAIN_AREA": "0.2576 sq km", "STRAHLER": 1, "Shape_Leng": 0.0062366799881799998 }, "geometry": { "type": "MultiLineString", "coordinates": [ [ [ 75.859626555920897, 26.818888396682212 ], [ 75.859896050362465, 26.818618902240587 ], [ 75.859896050362465, 26.818349407798962 ], [ 75.859896050362465, 26.818079913357394 ], [ 75.86070453458666, 26.8172714291332 ], [ 75.861513017911477, 26.816462945808325 ], [ 75.862590996577296, 26.816462945808325 ], [ 75.863129985460489, 26.815923956925133 ], [ 75.863938469684683, 26.815923956925133 ], [ 75.864207964126308, 26.816193451366757 ] ] ] } },
{ "type": "Feature", "properties": { "OBJECTID": 1105.0, "LAYER": "Stream", "STREAM_ID": 6967, "IN_FLOW": 2276.0, "OUT_FLOW": 2425.0, "DRAIN_AREA": "1.946 sq km", "STRAHLER": 2, "Shape_Leng": 0.0064407847492500003 }, "geometry": { "type": "MultiLineString", "coordinates": [ [ [ 75.760183053904882, 26.818618902240587 ], [ 75.760452549245827, 26.818349407798962 ], [ 75.760722043687451, 26.818349407798962 ], [ 75.760991538129019, 26.818079913357394 ], [ 75.762608505678031, 26.818079913357394 ], [ 75.762878000119656, 26.817810418915769 ], [ 75.763955978785475, 26.81673244024995 ], [ 75.763955978785475, 26.814845978259314 ] ] ] } },
{ "type": "Feature", "properties": { "OBJECTID": 1106.0, "LAYER": "Stream", "STREAM_ID": 6968, "IN_FLOW": 200.0, "OUT_FLOW": 323.0, "DRAIN_AREA": "0.2592 sq km", "STRAHLER": 1, "Shape_Leng": 0.0034571913400299999 }, "geometry": { "type": "MultiLineString", "coordinates": [ [ [ 75.765033956551918, 26.818618902240587 ], [ 75.765033956551918, 26.817540924474145 ], [ 75.764494967668668, 26.817001934691575 ], [ 75.764494967668668, 26.816462945808325 ], [ 75.764494967668668, 26.815384967142563 ] ] ] } },
{ "type": "Feature", "properties": { "OBJECTID": 1107.0, "LAYER": "Stream", "STREAM_ID": 6969, "IN_FLOW": 205.0, "OUT_FLOW": 828.0, "DRAIN_AREA": "0.664 sq km", "STRAHLER": 1, "Shape_Leng": 0.0135513378519 }, "geometry": { "type": "MultiLineString", "coordinates": [ [ [ 75.779856158934649, 26.818618902240587 ], [ 75.779317170051399, 26.818079913357394 ], [ 75.779317170051399, 26.817540924474145 ], [ 75.780125653376274, 26.81673244024995 ], [ 75.780125653376274, 26.815384967142563 ], [ 75.780125653376274, 26.815115472700938 ], [ 75.781473126483661, 26.813767999593551 ], [ 75.781473126483661, 26.812690021827109 ], [ 75.781203632042036, 26.812420527385484 ], [ 75.781203632042036, 26.811881537602915 ], [ 75.780664642259467, 26.811342548719722 ], [ 75.780664642259467, 26.810803559836472 ], [ 75.780395147817899, 26.810534064495528 ], [ 75.780125653376274, 26.810534064495528 ], [ 75.779317170051399, 26.80972558117071 ], [ 75.779317170051399, 26.809456086729085 ], [ 75.779317170051399, 26.80918659228746 ], [ 75.778508685827262, 26.808378108063266 ], [ 75.778508685827262, 26.807569624738449 ] ] ] } },
{ "type": "Feature", "properties": { "OBJECTID": 1108.0, "LAYER": "Stream", "STREAM_ID": 6986, "IN_FLOW": 252.0, "OUT_FLOW": 378.0, "DRAIN_AREA": "0.3033 sq km", "STRAHLER": 1, "Shape_Leng": 0.0043310668891400001 }, "geometry": { "type": "MultiLineString", "coordinates": [ [ [ 75.807614100810156, 26.817810418915769 ], [ 75.808153090592725, 26.8172714291332 ], [ 75.808961573917543, 26.8172714291332 ], [ 75.809231068359168, 26.817001934691575 ], [ 75.809231068359168, 26.81673244024995 ], [ 75.809500563700112, 26.816462945808325 ], [ 75.809500563700112, 26.815923956925133 ], [ 75.809500563700112, 26.815654461584188 ], [ 75.809231068359168, 26.815384967142563 ], [ 75.809231068359168, 26.814845978259314 ] ] ] } },
{ "type": "Feature", "properties": { "OBJECTID": 1109.0, "LAYER": "Stream", "STREAM_ID": 6987, "IN_FLOW": 4799.0, "OUT_FLOW": 5377.0, "DRAIN_AREA": "4.315 sq km", "STRAHLER": 3, "Shape_Leng": 0.0058093199936000003 }, "geometry": { "type": "MultiLineString", "coordinates": [ [ [ 75.817315906104227, 26.817810418915769 ], [ 75.817585400545852, 26.817540924474145 ], [ 75.817585400545852, 26.8172714291332 ], [ 75.817854895886796, 26.817001934691575 ], [ 75.818663379211614, 26.816193451366757 ], [ 75.819202368094864, 26.816193451366757 ], [ 75.820819335643876, 26.814576483817746 ], [ 75.82162781986807, 26.814576483817746 ] ] ] } },
{ "type": "Feature", "properties": { "OBJECTID": 1110.0, "LAYER": "Stream", "STREAM_ID": 6988, "IN_FLOW": 205.0, "OUT_FLOW": 324.0, "DRAIN_AREA": "0.26 sq km", "STRAHLER": 1, "Shape_Leng": 0.0045080850857500002 }, "geometry": { "type": "MultiLineString", "coordinates": [ [ [ 75.846421321087178, 26.817810418915769 ], [ 75.846690816428065, 26.817540924474145 ], [ 75.846690816428065, 26.8172714291332 ], [ 75.84749929975294, 26.816462945808325 ], [ 75.84749929975294, 26.816193451366757 ], [ 75.848038288636189, 26.815654461584188 ], [ 75.848307783977077, 26.815654461584188 ], [ 75.848846772860327, 26.815115472700938 ], [ 75.848846772860327, 26.814845978259314 ], [ 75.849116267301952, 26.814576483817746 ] ] ] } },
{ "type": "Feature", "properties": { "OBJECTID": 1111.0, "LAYER": "Stream", "STREAM_ID": 6999, "IN_FLOW": 1657.0, "OUT_FLOW": 2151.0, "DRAIN_AREA": "1.726 sq km", "STRAHLER": 2, "Shape_Leng": 0.013485948698200001 }, "geometry": { "type": "MultiLineString", "coordinates": [ [ [ 75.840492440673643, 26.8172714291332 ], [ 75.841300923998517, 26.816462945808325 ], [ 75.841300923998517, 26.815384967142563 ], [ 75.841300923998517, 26.814845978259314 ], [ 75.842378902664279, 26.813767999593551 ], [ 75.843187386888474, 26.813767999593551 ], [ 75.843456881330042, 26.813498505151927 ], [ 75.843995870213291, 26.813498505151927 ], [ 75.844265364654916, 26.813229010710302 ], [ 75.845343343320678, 26.81215103204454 ], [ 75.845343343320678, 26.811881537602915 ], [ 75.845343343320678, 26.811073054278097 ], [ 75.845343343320678, 26.810264570053903 ], [ 75.844804353538166, 26.80972558117071 ], [ 75.844804353538166, 26.80918659228746 ], [ 75.844534859096541, 26.808917096946516 ], [ 75.844534859096541, 26.808378108063266 ], [ 75.844265364654916, 26.808108613621698 ], [ 75.844265364654916, 26.807300130296824 ], [ 75.844265364654916, 26.807030634955879 ] ] ] } },
{ "type": "Feature", "properties": { "OBJECTID": 1112.0, "LAYER": "Stream", "STREAM_ID": 7009, "IN_FLOW": 254.0, "OUT_FLOW": 278.0, "DRAIN_AREA": "0.2231 sq km", "STRAHLER": 1, "Shape_Leng": 0.0017939858547799999 }, "geometry": { "type": "MultiLineString", "coordinates": [ [ [ 75.755601646598791, 26.81673244024995 ], [ 75.756140635481984, 26.816193451366757 ], [ 75.756679624365233, 26.815654461584188 ], [ 75.756679624365233, 26.815384967142563 ] ] ] } },
{ "type": "Feature", "properties": { "OBJECTID": 1113.0, "LAYER": "Stream", "STREAM_ID": 7013, "IN_FLOW": 202.0, "OUT_FLOW": 206.0, "DRAIN_AREA": "0.1653 sq km", "STRAHLER": 1, "Shape_Leng": 0.00076224602453499996 }, "geometry": { "type": "MultiLineString", "coordinates": [ [ [ 75.870136844539786, 26.816462945808325 ], [ 75.870675834322356, 26.815923956925133 ] ] ] } },
{ "type": "Feature", "properties": { "OBJECTID": 1114.0, "LAYER": "Stream", "STREAM_ID": 7015, "IN_FLOW": 206.0, "OUT_FLOW": 429.0, "DRAIN_AREA": "0.3443 sq km", "STRAHLER": 1, "Shape_Leng": 0.0094243768865800003 }, "geometry": { "type": "MultiLineString", "coordinates": [ [ [ 75.793869877093186, 26.816193451366757 ], [ 75.794408866875756, 26.815654461584188 ], [ 75.79521735020063, 26.814845978259314 ], [ 75.79521735020063, 26.814576483817746 ], [ 75.79521735020063, 26.814037494934496 ], [ 75.79521735020063, 26.813767999593551 ], [ 75.795486844642198, 26.813498505151927 ], [ 75.795486844642198, 26.812420527385484 ], [ 75.79521735020063, 26.81215103204454 ], [ 75.794408866875756, 26.81215103204454 ], [ 75.793869877093186, 26.81215103204454 ], [ 75.793061393768369, 26.811342548719722 ], [ 75.792791899326744, 26.811073054278097 ], [ 75.792791899326744, 26.80972558117071 ], [ 75.792522404885119, 26.809456086729085 ] ] ] } },
{ "type": "Feature", "properties": { "OBJECTID": 1115.0, "LAYER": "Stream", "STREAM_ID": 7016, "IN_FLOW": 202.0, "OUT_FLOW": 360.0, "DRAIN_AREA": "0.2889 sq km", "STRAHLER": 1, "Shape_Leng": 0.00184022405438 }, "geometry": { "type": "MultiLineString", "coordinates": [ [ [ 75.822166808751263, 26.816193451366757 ], [ 75.822166808751263, 26.815923956925133 ], [ 75.822166808751263, 26.815384967142563 ], [ 75.82162781986807, 26.814845978259314 ], [ 75.82162781986807, 26.814576483817746 ] ] ] } },
{ "type": "Feature", "properties": { "OBJECTID": 1116.0, "LAYER": "Stream", "STREAM_ID": 7017, "IN_FLOW": 831.0, "OUT_FLOW": 2114.0, "DRAIN_AREA": "1.696 sq km", "STRAHLER": 2, "Shape_Leng": 0.028311436537900001 }, "geometry": { "type": "MultiLineString", "coordinates": [ [ [ 75.864207964126308, 26.816193451366757 ], [ 75.864746953009558, 26.815654461584188 ], [ 75.864746953009558, 26.815115472700938 ], [ 75.86528594279207, 26.814576483817746 ], [ 75.86528594279207, 26.814306989376121 ], [ 75.865555437233695, 26.814037494934496 ], [ 75.865555437233695, 26.813498505151927 ], [ 75.86582493167532, 26.813229010710302 ], [ 75.866094426116945, 26.812959516268734 ], [ 75.866094426116945, 26.812420527385484 ], [ 75.866633415000138, 26.811881537602915 ], [ 75.867711393665957, 26.810803559836472 ], [ 75.867711393665957, 26.810534064495528 ], [ 75.867441899224332, 26.810264570053903 ], [ 75.867441899224332, 26.80972558117071 ], [ 75.868250382549149, 26.808917096946516 ], [ 75.868519877890094, 26.808917096946516 ], [ 75.868789372331719, 26.808647602504891 ], [ 75.869328361214968, 26.808647602504891 ], [ 75.869867350098161, 26.808108613621698 ], [ 75.870136844539786, 26.808108613621698 ], [ 75.870675834322356, 26.807569624738449 ], [ 75.871214823205605, 26.807569624738449 ], [ 75.872292801871367, 26.806491646072686 ], [ 75.872562296312992, 26.806222151631061 ], [ 75.872562296312992, 26.805683162747812 ], [ 75.872562296312992, 26.804874678523618 ], [ 75.872831790754617, 26.80460518408205 ], [ 75.87337077963781, 26.8040661951988 ], [ 75.873640274978754, 26.8040661951988 ], [ 75.874448758303629, 26.803257710974606 ], [ 75.874179263862004, 26.802988216533038 ], [ 75.874179263862004, 26.802179732308844 ], [ 75.874179263862004, 26.801101754542401 ], [ 75.875257242527766, 26.800023775876582 ], [ 75.875257242527766, 26.799215292551764 ], [ 75.875796231411016, 26.798676302769195 ], [ 75.875796231411016, 26.798137313886002 ], [ 75.876874209177458, 26.797059335220183 ], [ 75.876874209177458, 26.795442368570491 ], [ 75.877413198960028, 26.794903378787978 ] ] ] } },
{ "type": "Feature", "properties": { "OBJECTID": 1117.0, "LAYER": "Stream", "STREAM_ID": 7020, "IN_FLOW": 202.0, "OUT_FLOW": 372.0, "DRAIN_AREA": "0.2985 sq km", "STRAHLER": 1, "Shape_Leng": 0.00226758532088 }, "geometry": { "type": "MultiLineString", "coordinates": [ [ [ 75.831060129821196, 26.815923956925133 ], [ 75.831060129821196, 26.814037494934496 ], [ 75.830790635379572, 26.813767999593551 ] ] ] } },
{ "type": "Feature", "properties": { "OBJECTID": 1118.0, "LAYER": "Stream", "STREAM_ID": 7021, "IN_FLOW": 589.0, "OUT_FLOW": 1301.0, "DRAIN_AREA": "1.044 sq km", "STRAHLER": 2, "Shape_Leng": 0.0112375161301 }, "geometry": { "type": "MultiLineString", "coordinates": [ [ [ 75.870675834322356, 26.815923956925133 ], [ 75.870675834322356, 26.815654461584188 ], [ 75.871214823205605, 26.815115472700938 ], [ 75.871214823205605, 26.814576483817746 ], [ 75.872562296312992, 26.813229010710302 ], [ 75.873640274978754, 26.81215103204454 ], [ 75.873909769420379, 26.81215103204454 ], [ 75.874179263862004, 26.811881537602915 ], [ 75.874718252745197, 26.811881537602915 ], [ 75.875257242527766, 26.811881537602915 ], [ 75.876065725852641, 26.811073054278097 ], [ 75.876065725852641, 26.810803559836472 ], [ 75.876604714735834, 26.810264570053903 ], [ 75.876604714735834, 26.809995075612278 ], [ 75.876604714735834, 26.809456086729085 ], [ 75.877682693401653, 26.808378108063266 ] ] ] } },
{ "type": "Feature", "properties": { "OBJECTID": 1119.0, "LAYER": "Stream", "STREAM_ID": 7028, "IN_FLOW": 758.0, "OUT_FLOW": 1385.0, "DRAIN_AREA": "1.111 sq km", "STRAHLER": 2, "Shape_Leng": 0.010258783333099999 }, "geometry": { "type": "MultiLineString", "coordinates": [ [ [ 75.756679624365233, 26.815384967142563 ], [ 75.756140635481984, 26.814845978259314 ], [ 75.756140635481984, 26.814576483817746 ], [ 75.756140635481984, 26.814306989376121 ], [ 75.755601646598791, 26.813767999593551 ], [ 75.754793162374597, 26.813767999593551 ], [ 75.754523667932972, 26.813498505151927 ], [ 75.754523667932972, 26.813229010710302 ], [ 75.754254173491347, 26.812959516268734 ], [ 75.754523667932972, 26.812690021827109 ], [ 75.754254173491347, 26.812420527385484 ], [ 75.75344568926721, 26.81161204316129 ], [ 75.753176194825585, 26.81161204316129 ], [ 75.752098217059142, 26.810534064495528 ], [ 75.751828721718198, 26.810534064495528 ], [ 75.751559227276573, 26.810264570053903 ], [ 75.751289732834948, 26.810264570053903 ], [ 75.751020238393323, 26.810264570053903 ], [ 75.750750743951755, 26.810264570053903 ], [ 75.750481249510131, 26.809995075612278 ], [ 75.750211754169186, 26.809995075612278 ], [ 75.749942259727561, 26.80972558117071 ], [ 75.749825844287329, 26.809609165730478 ] ] ] } },
{ "type": "Feature", "properties": { "OBJECTID": 1120.0, "LAYER": "Stream", "STREAM_ID": 7029, "IN_FLOW": 586.0, "OUT_FLOW": 589.0, "DRAIN_AREA": "0.4727 sq km", "STRAHLER": 2, "Shape_Leng": 0.00076224538862000005 }, "geometry": { "type": "MultiLineString", "coordinates": [ [ [ 75.764494967668668, 26.815384967142563 ], [ 75.764225473227043, 26.815115472700938 ], [ 75.763955978785475, 26.814845978259314 ] ] ] } },
{ "type": "Feature", "properties": { "OBJECTID": 1121.0, "LAYER": "Stream", "STREAM_ID": 7030, "IN_FLOW": 204.0, "OUT_FLOW": 217.0, "DRAIN_AREA": "0.1741 sq km", "STRAHLER": 1, "Shape_Leng": 0.00118960691852 }, "geometry": { "type": "MultiLineString", "coordinates": [ [ [ 75.765572946334487, 26.815115472700938 ], [ 75.765303450993542, 26.815115472700938 ], [ 75.765033956551918, 26.815384967142563 ], [ 75.764494967668668, 26.815384967142563 ] ] ] } },
{ "type": "Feature", "properties": { "OBJECTID": 1122.0, "LAYER": "Stream", "STREAM_ID": 7036, "IN_FLOW": 218.0, "OUT_FLOW": 569.0, "DRAIN_AREA": "0.4566 sq km", "STRAHLER": 1, "Shape_Leng": 0.0057878145179900004 }, "geometry": { "type": "MultiLineString", "coordinates": [ [ [ 75.749133776402743, 26.815115472700938 ], [ 75.749133776402743, 26.814845978259314 ], [ 75.749133776402743, 26.814576483817746 ], [ 75.749942259727561, 26.813767999593551 ], [ 75.749942259727561, 26.813229010710302 ], [ 75.749672765285936, 26.812959516268734 ], [ 75.749672765285936, 26.812690021827109 ], [ 75.749672765285936, 26.81215103204454 ], [ 75.749133776402743, 26.81161204316129 ], [ 75.748864281961119, 26.811342548719722 ], [ 75.748864281961119, 26.811073054278097 ], [ 75.748864281961119, 26.810109055688429 ] ] ] } },
{ "type": "Feature", "properties": { "OBJECTID": 1123.0, "LAYER": "Stream", "STREAM_ID": 7037, "IN_FLOW": 201.0, "OUT_FLOW": 201.0, "DRAIN_AREA": "0.1613 sq km", "STRAHLER": 1, "Shape_Leng": 0.00038112269432999998 }, "geometry": { "type": "MultiLineString", "coordinates": [ [ [ 75.808961573917543, 26.815115472700938 ], [ 75.809231068359168, 26.814845978259314 ] ] ] } },
{ "type": "Feature", "properties": { "OBJECTID": 1124.0, "LAYER": "Stream", "STREAM_ID": 7040, "IN_FLOW": 3047.0, "OUT_FLOW": 3375.0, "DRAIN_AREA": "2.708 sq km", "STRAHLER": 3, "Shape_Leng": 0.0068219071801299998 }, "geometry": { "type": "MultiLineString", "coordinates": [ [ [ 75.763955978785475, 26.814845978259314 ], [ 75.76368648344453, 26.814576483817746 ], [ 75.76368648344453, 26.814037494934496 ], [ 75.76368648344453, 26.813498505151927 ], [ 75.76368648344453, 26.812420527385484 ], [ 75.763147494561281, 26.811881537602915 ], [ 75.763147494561281, 26.810803559836472 ], [ 75.762878000119656, 26.810534064495528 ], [ 75.762878000119656, 26.810264570053903 ], [ 75.762069515895519, 26.809456086729085 ], [ 75.761800021453894, 26.80918659228746 ], [ 75.761530527012269, 26.80918659228746 ] ] ] } },
{ "type": "Feature", "properties": { "OBJECTID": 1125.0, "LAYER": "Stream", "STREAM_ID": 7041, "IN_FLOW": 584.0, "OUT_FLOW": 841.0, "DRAIN_AREA": "0.675 sq km", "STRAHLER": 2, "Shape_Leng": 0.00699892638526 }, "geometry": { "type": "MultiLineString", "coordinates": [ [ [ 75.809231068359168, 26.814845978259314 ], [ 75.809500563700112, 26.814576483817746 ], [ 75.809500563700112, 26.814306989376121 ], [ 75.81030904702493, 26.813498505151927 ], [ 75.81030904702493, 26.813229010710302 ], [ 75.81084803590818, 26.812690021827109 ], [ 75.81084803590818, 26.81161204316129 ], [ 75.81084803590818, 26.811073054278097 ], [ 75.811656520132374, 26.810264570053903 ], [ 75.811656520132374, 26.809995075612278 ], [ 75.811387025690749, 26.80972558117071 ], [ 75.811117531249124, 26.809456086729085 ], [ 75.81084803590818, 26.80918659228746 ] ] ] } },
{ "type": "Feature", "properties": { "OBJECTID": 1126.0, "LAYER": "Stream", "STREAM_ID": 7046, "IN_FLOW": 5744.0, "OUT_FLOW": 6212.0, "DRAIN_AREA": "4.985 sq km", "STRAHLER": 3, "Shape_Leng": 0.0098708911692500009 }, "geometry": { "type": "MultiLineString", "coordinates": [ [ [ 75.82162781986807, 26.814576483817746 ], [ 75.822166808751263, 26.814037494934496 ], [ 75.823244787417082, 26.812959516268734 ], [ 75.823244787417082, 26.812690021827109 ], [ 75.82351428185865, 26.812420527385484 ], [ 75.82351428185865, 26.811881537602915 ], [ 75.823783776300274, 26.81161204316129 ], [ 75.824322765183524, 26.811073054278097 ], [ 75.824592260524469, 26.811073054278097 ], [ 75.824861754966093, 26.810803559836472 ], [ 75.824861754966093, 26.810264570053903 ], [ 75.824861754966093, 26.80918659228746 ], [ 75.825400743849286, 26.808647602504891 ], [ 75.825400743849286, 26.807839119180073 ], [ 75.825939732732536, 26.807300130296824 ], [ 75.826209227174161, 26.807300130296824 ], [ 75.826478722515105, 26.807030634955879 ] ] ] } },
{ "type": "Feature", "properties": { "OBJECTID": 1127.0, "LAYER": "Stream", "STREAM_ID": 7047, "IN_FLOW": 3320.0, "OUT_FLOW": 3386.0, "DRAIN_AREA": "2.717 sq km", "STRAHLER": 3, "Shape_Leng": 0.0024446036266500002 }, "geometry": { "type": "MultiLineString", "coordinates": [ [ [ 75.849116267301952, 26.814576483817746 ], [ 75.849116267301952, 26.814037494934496 ], [ 75.847768794194565, 26.812690021827109 ] ] ] } },
{ "type": "Feature", "properties": { "OBJECTID": 1128.0, "LAYER": "Stream", "STREAM_ID": 7050, "IN_FLOW": 220.0, "OUT_FLOW": 268.0, "DRAIN_AREA": "0.2151 sq km", "STRAHLER": 1, "Shape_Leng": 0.0021751094484299999 }, "geometry": { "type": "MultiLineString", "coordinates": [ [ [ 75.846421321087178, 26.814306989376121 ], [ 75.846690816428065, 26.814037494934496 ], [ 75.846690816428065, 26.813767999593551 ], [ 75.847768794194565, 26.812690021827109 ] ] ] } },
{ "type": "Feature", "properties": { "OBJECTID": 1129.0, "LAYER": "Stream", "STREAM_ID": 7057, "IN_FLOW": 6638.0, "OUT_FLOW": 7332.0, "DRAIN_AREA": "5.884 sq km", "STRAHLER": 3, "Shape_Leng": 0.014359822230400001 }, "geometry": { "type": "MultiLineString", "coordinates": [ [ [ 75.774196772962739, 26.813767999593551 ], [ 75.773657783180226, 26.813229010710302 ], [ 75.772849299855352, 26.813229010710302 ], [ 75.772310310972102, 26.812690021827109 ], [ 75.77177132118959, 26.812690021827109 ], [ 75.771501826747965, 26.812420527385484 ], [ 75.771501826747965, 26.81215103204454 ], [ 75.771501826747965, 26.811881537602915 ], [ 75.771501826747965, 26.810264570053903 ], [ 75.771501826747965, 26.809456086729085 ], [ 75.77123233230634, 26.80918659228746 ], [ 75.77123233230634, 26.808917096946516 ], [ 75.77069334342309, 26.808378108063266 ], [ 75.77069334342309, 26.808108613621698 ], [ 75.771501826747965, 26.807300130296824 ], [ 75.771501826747965, 26.806761140514254 ], [ 75.770423848082203, 26.805683162747812 ], [ 75.769615364757328, 26.804874678523618 ], [ 75.769615364757328, 26.804335689640425 ], [ 75.769345870315703, 26.8040661951988 ], [ 75.769345870315703, 26.803257710974606 ], [ 75.769076375874079, 26.802988216533038 ] ] ] } },
{ "type": "Feature", "properties": { "OBJECTID": 1130.0, "LAYER": "Stream", "STREAM_ID": 7058, "IN_FLOW": 9797.0, "OUT_FLOW": 10043.0, "DRAIN_AREA": "8.059 sq km", "STRAHLER": 3, "Shape_Leng": 0.0061250517355100004 }, "geometry": { "type": "MultiLineString", "coordinates": [ [ [ 75.830790635379572, 26.813767999593551 ], [ 75.830790635379572, 26.813229010710302 ], [ 75.831060129821196, 26.812959516268734 ], [ 75.831329625162141, 26.812690021827109 ], [ 75.831599119603766, 26.812690021827109 ], [ 75.832407602928583, 26.811881537602915 ], [ 75.832677097370208, 26.81161204316129 ], [ 75.832677097370208, 26.811073054278097 ], [ 75.832407602928583, 26.810803559836472 ], [ 75.832407602928583, 26.809995075612278 ], [ 75.831868614045334, 26.809456086729085 ], [ 75.831868614045334, 26.808917096946516 ] ] ] } },
{ "type": "Feature", "properties": { "OBJECTID": 1131.0, "LAYER": "Stream", "STREAM_ID": 7062, "IN_FLOW": 221.0, "OUT_FLOW": 898.0, "DRAIN_AREA": "0.721 sq km", "STRAHLER": 1, "Shape_Leng": 0.0084580262100599993 }, "geometry": { "type": "MultiLineString", "coordinates": [ [ [ 75.804649661053077, 26.813498505151927 ], [ 75.804649661053077, 26.813229010710302 ], [ 75.804649661053077, 26.812959516268734 ], [ 75.805727638819519, 26.811881537602915 ], [ 75.806536123043713, 26.811073054278097 ], [ 75.806536123043713, 26.810803559836472 ], [ 75.806805617485338, 26.810534064495528 ], [ 75.807614100810156, 26.810534064495528 ], [ 75.808153090592725, 26.810534064495528 ], [ 75.808961573917543, 26.80972558117071 ], [ 75.809231068359168, 26.80972558117071 ], [ 75.809500563700112, 26.809456086729085 ], [ 75.81030904702493, 26.809456086729085 ], [ 75.810578541466555, 26.809456086729085 ], [ 75.81084803590818, 26.80918659228746 ] ] ] } },
{ "type": "Feature", "properties": { "OBJECTID": 1132.0, "LAYER": "Stream", "STREAM_ID": 7063, "IN_FLOW": 221.0, "OUT_FLOW": 717.0, "DRAIN_AREA": "0.575 sq km", "STRAHLER": 1, "Shape_Leng": 0.0091740354611500007 }, "geometry": { "type": "MultiLineString", "coordinates": [ [ [ 75.838875473124631, 26.813498505151927 ], [ 75.839144967566256, 26.813229010710302 ], [ 75.83995345179045, 26.812420527385484 ], [ 75.83995345179045, 26.81215103204454 ], [ 75.840222946232018, 26.811881537602915 ], [ 75.840222946232018, 26.811342548719722 ], [ 75.840492440673643, 26.811073054278097 ], [ 75.840492440673643, 26.810534064495528 ], [ 75.841031429556892, 26.809995075612278 ], [ 75.841031429556892, 26.80972558117071 ], [ 75.841300923998517, 26.809456086729085 ], [ 75.842109408222655, 26.808647602504891 ], [ 75.842109408222655, 26.808378108063266 ], [ 75.842378902664279, 26.808108613621698 ], [ 75.842648397105904, 26.808108613621698 ], [ 75.842917891547529, 26.807839119180073 ], [ 75.843456881330042, 26.807839119180073 ], [ 75.843726375771666, 26.807569624738449 ], [ 75.843995870213291, 26.807300130296824 ], [ 75.844265364654916, 26.807030634955879 ] ] ] } },
{ "type": "Feature", "properties": { "OBJECTID": 1133.0, "LAYER": "Stream", "STREAM_ID": 7064, "IN_FLOW": 200.0, "OUT_FLOW": 749.0, "DRAIN_AREA": "0.601 sq km", "STRAHLER": 1, "Shape_Leng": 0.013039435051500001 }, "geometry": { "type": "MultiLineString", "coordinates": [ [ [ 75.86016554570341, 26.813498505151927 ], [ 75.859896050362465, 26.813229010710302 ], [ 75.859896050362465, 26.811881537602915 ], [ 75.858818072596023, 26.810803559836472 ], [ 75.858818072596023, 26.808647602504891 ], [ 75.858818072596023, 26.807569624738449 ], [ 75.858548578154398, 26.807300130296824 ], [ 75.858279082813453, 26.807030634955879 ], [ 75.858279082813453, 26.805952657189437 ], [ 75.858279082813453, 26.805144172965242 ], [ 75.857740093930261, 26.80460518408205 ], [ 75.857470599488636, 26.80460518408205 ], [ 75.856392620822874, 26.803527205416231 ], [ 75.855045148614749, 26.803527205416231 ] ] ] } },
{ "type": "Feature", "properties": { "OBJECTID": 1134.0, "LAYER": "Stream", "STREAM_ID": 7075, "IN_FLOW": 3659.0, "OUT_FLOW": 4015.0, "DRAIN_AREA": "3.222 sq km", "STRAHLER": 3, "Shape_Leng": 0.0104752698421 }, "geometry": { "type": "MultiLineString", "coordinates": [ [ [ 75.847768794194565, 26.812690021827109 ], [ 75.848038288636189, 26.812420527385484 ], [ 75.847768794194565, 26.81215103204454 ], [ 75.848038288636189, 26.811881537602915 ], [ 75.848038288636189, 26.81161204316129 ], [ 75.848307783977077, 26.811342548719722 ], [ 75.848307783977077, 26.810803559836472 ], [ 75.849116267301952, 26.809995075612278 ], [ 75.849116267301952, 26.80972558117071 ], [ 75.848577278418702, 26.80918659228746 ], [ 75.848038288636189, 26.80918659228746 ], [ 75.847768794194565, 26.808917096946516 ], [ 75.847768794194565, 26.808647602504891 ], [ 75.848846772860327, 26.807569624738449 ], [ 75.849116267301952, 26.807569624738449 ], [ 75.849655256185201, 26.807030634955879 ], [ 75.850463740409339, 26.806222151631061 ], [ 75.851541718175838, 26.806222151631061 ] ] ] } },
{ "type": "Feature", "properties": { "OBJECTID": 1135.0, "LAYER": "Stream", "STREAM_ID": 7080, "IN_FLOW": 267.0, "OUT_FLOW": 452.0, "DRAIN_AREA": "0.3627 sq km", "STRAHLER": 1, "Shape_Leng": 0.00039125904936599998 }, "geometry": { "type": "MultiLineString", "coordinates": [ [ [ 75.883611573815131, 26.80715239956362 ], [ 75.883611573815131, 26.806761140514254 ] ] ] } },
{ "type": "Feature", "properties": { "OBJECTID": 1136.0, "LAYER": "Stream", "STREAM_ID": 7089, "IN_FLOW": 210.0, "OUT_FLOW": 1140.0, "DRAIN_AREA": "0.915 sq km", "STRAHLER": 1, "Shape_Leng": 0.019768866141 }, "geometry": { "type": "MultiLineString", "coordinates": [ [ [ 75.783629082915922, 26.811881537602915 ], [ 75.783629082915922, 26.811073054278097 ], [ 75.783629082915922, 26.810803559836472 ], [ 75.783629082915922, 26.809995075612278 ], [ 75.78443756714006, 26.80918659228746 ], [ 75.78443756714006, 26.808378108063266 ], [ 75.784707061581685, 26.808108613621698 ], [ 75.785515544906502, 26.807300130296824 ], [ 75.785515544906502, 26.807030634955879 ], [ 75.785515544906502, 26.806761140514254 ], [ 75.784707061581685, 26.805952657189437 ], [ 75.784707061581685, 26.805144172965242 ], [ 75.78497655602331, 26.804874678523618 ], [ 75.78497655602331, 26.803527205416231 ], [ 75.785246050464934, 26.803257710974606 ], [ 75.785246050464934, 26.802988216533038 ], [ 75.784707061581685, 26.802449227649788 ], [ 75.784707061581685, 26.801910237867219 ], [ 75.784707061581685, 26.801640743425594 ], [ 75.784707061581685, 26.801371248984026 ], [ 75.785246050464934, 26.800832260100776 ], [ 75.785246050464934, 26.799484786993389 ], [ 75.784168072698435, 26.79840680832757 ], [ 75.784168072698435, 26.797867819444377 ], [ 75.784707061581685, 26.797328830561128 ], [ 75.784168072698435, 26.796789840778558 ], [ 75.78389857735749, 26.796789840778558 ], [ 75.783629082915922, 26.79652034633699 ], [ 75.782281609808479, 26.79652034633699 ] ] ] } },
{ "type": "Feature", "properties": { "OBJECTID": 1137.0, "LAYER": "Stream", "STREAM_ID": 7090, "IN_FLOW": 208.0, "OUT_FLOW": 427.0, "DRAIN_AREA": "0.3427 sq km", "STRAHLER": 1, "Shape_Leng": 0.0081422940955900008 }, "geometry": { "type": "MultiLineString", "coordinates": [ [ [ 75.827556700281548, 26.811881537602915 ], [ 75.82863467894731, 26.810803559836472 ], [ 75.82863467894731, 26.810534064495528 ], [ 75.828095690064117, 26.809995075612278 ], [ 75.828095690064117, 26.80972558117071 ], [ 75.828365184505742, 26.809456086729085 ], [ 75.82863467894731, 26.809456086729085 ], [ 75.828904173388935, 26.80918659228746 ], [ 75.82917366783056, 26.808917096946516 ], [ 75.82917366783056, 26.808647602504891 ], [ 75.828904173388935, 26.808378108063266 ], [ 75.828904173388935, 26.807030634955879 ], [ 75.830251646496322, 26.805683162747812 ] ] ] } },
{ "type": "Feature", "properties": { "OBJECTID": 1138.0, "LAYER": "Stream", "STREAM_ID": 7107, "IN_FLOW": 202.0, "OUT_FLOW": 446.0, "DRAIN_AREA": "0.3579 sq km", "STRAHLER": 1, "Shape_Leng": 0.0072684210903200003 }, "geometry": { "type": "MultiLineString", "coordinates": [ [ [ 75.767189912984179, 26.811073054278097 ], [ 75.766650924100929, 26.810534064495528 ], [ 75.766650924100929, 26.810264570053903 ], [ 75.76611193521768, 26.80972558117071 ], [ 75.765842440776055, 26.80972558117071 ], [ 75.765303450993542, 26.80972558117071 ], [ 75.765033956551918, 26.809456086729085 ], [ 75.764494967668668, 26.809456086729085 ], [ 75.763416989002906, 26.809456086729085 ], [ 75.762339011236463, 26.808378108063266 ], [ 75.761800021453894, 26.808917096946516 ], [ 75.761530527012269, 26.80918659228746 ] ] ] } },
{ "type": "Feature", "properties": { "OBJECTID": 1139.0, "LAYER": "Stream", "STREAM_ID": 7114, "IN_FLOW": 201.0, "OUT_FLOW": 408.0, "DRAIN_AREA": "0.3274 sq km", "STRAHLER": 1, "Shape_Leng": 0.00439645593378 }, "geometry": { "type": "MultiLineString", "coordinates": [ [ [ 75.796834317749642, 26.810803559836472 ], [ 75.796834317749642, 26.810534064495528 ], [ 75.795486844642198, 26.80918659228746 ], [ 75.79521735020063, 26.808917096946516 ], [ 75.79521735020063, 26.808647602504891 ], [ 75.79521735020063, 26.808108613621698 ], [ 75.794947855759006, 26.807839119180073 ], [ 75.794947855759006, 26.807569624738449 ], [ 75.794678361317381, 26.807300130296824 ] ] ] } },
{ "type": "Feature", "properties": { "OBJECTID": 1140.0, "LAYER": "Stream", "STREAM_ID": 7126, "IN_FLOW": 245.0, "OUT_FLOW": 546.0, "DRAIN_AREA": "0.4382 sq km", "STRAHLER": 1, "Shape_Leng": 0.0084580271093799998 }, "geometry": { "type": "MultiLineString", "coordinates": [ [ [ 75.820280346760626, 26.810264570053903 ], [ 75.821897314309638, 26.808647602504891 ], [ 75.821897314309638, 26.808108613621698 ], [ 75.822166808751263, 26.807839119180073 ], [ 75.822166808751263, 26.807569624738449 ], [ 75.822705797634512, 26.807030634955879 ], [ 75.823244787417082, 26.807030634955879 ], [ 75.82351428185865, 26.807030634955879 ], [ 75.824053270741899, 26.807030634955879 ], [ 75.824592260524469, 26.806491646072686 ], [ 75.825670238290911, 26.806491646072686 ], [ 75.826209227174161, 26.807030634955879 ], [ 75.826478722515105, 26.807030634955879 ] ] ] } },
{ "type": "Feature", "properties": { "OBJECTID": 1141.0, "LAYER": "Stream", "STREAM_ID": 7129, "IN_FLOW": 200.0, "OUT_FLOW": 208.0, "DRAIN_AREA": "0.1669 sq km", "STRAHLER": 1, "Shape_Leng": 0.00103173983016 }, "geometry": { "type": "MultiLineString", "coordinates": [ [ [ 75.791444426219357, 26.80972558117071 ], [ 75.791713920660982, 26.809995075612278 ], [ 75.791983415102607, 26.809995075612278 ], [ 75.792252909544175, 26.80972558117071 ] ] ] } },
{ "type": "Feature", "properties": { "OBJECTID": 1142.0, "LAYER": "Stream", "STREAM_ID": 7130, "IN_FLOW": 201.0, "OUT_FLOW": 372.0, "DRAIN_AREA": "0.2985 sq km", "STRAHLER": 1, "Shape_Leng": 0.0035225816565200001 }, "geometry": { "type": "MultiLineString", "coordinates": [ [ [ 75.834563559360845, 26.809995075612278 ], [ 75.834563559360845, 26.80972558117071 ], [ 75.833485581594346, 26.808647602504891 ], [ 75.832946591811833, 26.808647602504891 ], [ 75.832677097370208, 26.808917096946516 ], [ 75.831868614045334, 26.808917096946516 ] ] ] } },
{ "type": "Feature", "properties": { "OBJECTID": 1143.0, "LAYER": "Stream", "STREAM_ID": 7136, "IN_FLOW": 200.0, "OUT_FLOW": 667.0, "DRAIN_AREA": "0.535 sq km", "STRAHLER": 1, "Shape_Leng": 0.0062525543650500002 }, "geometry": { "type": "MultiLineString", "coordinates": [ [ [ 75.755332151257846, 26.80972558117071 ], [ 75.755332151257846, 26.809456086729085 ], [ 75.755332151257846, 26.80918659228746 ], [ 75.755332151257846, 26.808647602504891 ], [ 75.755062656816222, 26.808378108063266 ], [ 75.755062656816222, 26.808108613621698 ], [ 75.755332151257846, 26.807839119180073 ], [ 75.755332151257846, 26.807569624738449 ], [ 75.754793162374597, 26.807030634955879 ], [ 75.752637205942335, 26.804874678523618 ], [ 75.75257509336592, 26.804874678523618 ] ] ] } },
{ "type": "Feature", "properties": { "OBJECTID": 1144.0, "LAYER": "Stream", "STREAM_ID": 7137, "IN_FLOW": 175696.0, "OUT_FLOW": 175696.0, "DRAIN_AREA": "140.99 sq km", "STRAHLER": 5, "Shape_Leng": 0.00038112333024600001 }, "geometry": { "type": "MultiLineString", "coordinates": [ [ [ 75.792252909544175, 26.80972558117071 ], [ 75.792522404885119, 26.809456086729085 ] ] ] } },
{ "type": "Feature", "properties": { "OBJECTID": 1145.0, "LAYER": "Stream", "STREAM_ID": 7145, "IN_FLOW": 176131.0, "OUT_FLOW": 176301.0, "DRAIN_AREA": "141.48 sq km", "STRAHLER": 5, "Shape_Leng": 0.0032068492787099999 }, "geometry": { "type": "MultiLineString", "coordinates": [ [ [ 75.792522404885119, 26.809456086729085 ], [ 75.792791899326744, 26.80918659228746 ], [ 75.792791899326744, 26.808917096946516 ], [ 75.793061393768369, 26.808647602504891 ], [ 75.793330888209994, 26.808378108063266 ], [ 75.793600382651618, 26.808378108063266 ], [ 75.794678361317381, 26.807300130296824 ] ] ] } },
{ "type": "Feature", "properties": { "OBJECTID": 1146.0, "LAYER": "Stream", "STREAM_ID": 7146, "IN_FLOW": 205.0, "OUT_FLOW": 383.0, "DRAIN_AREA": "0.3073 sq km", "STRAHLER": 1, "Shape_Leng": 0.0075841530955800002 }, "geometry": { "type": "MultiLineString", "coordinates": [ [ [ 75.86528594279207, 26.809456086729085 ], [ 75.865555437233695, 26.809456086729085 ], [ 75.86582493167532, 26.80918659228746 ], [ 75.866633415000138, 26.808378108063266 ], [ 75.866902910341082, 26.808378108063266 ], [ 75.867980888107581, 26.807300130296824 ], [ 75.867980888107581, 26.806761140514254 ], [ 75.867980888107581, 26.806491646072686 ], [ 75.867980888107581, 26.804874678523618 ], [ 75.868250382549149, 26.80460518408205 ], [ 75.868250382549149, 26.8040661951988 ], [ 75.867980888107581, 26.803796699857855 ], [ 75.867980888107581, 26.803527205416231 ] ] ] } },
{ "type": "Feature", "properties": { "OBJECTID": 1147.0, "LAYER": "Stream", "STREAM_ID": 7152, "IN_FLOW": 3824.0, "OUT_FLOW": 4096.0, "DRAIN_AREA": "3.287 sq km", "STRAHLER": 3, "Shape_Leng": 0.0044426938699900003 }, "geometry": { "type": "MultiLineString", "coordinates": [ [ [ 75.761530527012269, 26.80918659228746 ], [ 75.760991538129019, 26.80918659228746 ], [ 75.760722043687451, 26.808917096946516 ], [ 75.760452549245827, 26.808647602504891 ], [ 75.760452549245827, 26.807569624738449 ], [ 75.760452549245827, 26.807030634955879 ], [ 75.759374570580007, 26.805952657189437 ] ] ] } },
{ "type": "Feature", "properties": { "OBJECTID": 1148.0, "LAYER": "Stream", "STREAM_ID": 7153, "IN_FLOW": 1751.0, "OUT_FLOW": 2786.0, "DRAIN_AREA": "2.236 sq km", "STRAHLER": 2, "Shape_Leng": 0.020977626293900001 }, "geometry": { "type": "MultiLineString", "coordinates": [ [ [ 75.81084803590818, 26.80918659228746 ], [ 75.811117531249124, 26.808917096946516 ], [ 75.811656520132374, 26.808917096946516 ], [ 75.812465003457191, 26.808108613621698 ], [ 75.813273487681386, 26.807300130296824 ], [ 75.813273487681386, 26.807030634955879 ], [ 75.81354298212301, 26.806761140514254 ], [ 75.814351465447828, 26.806761140514254 ], [ 75.814890455230397, 26.806222151631061 ], [ 75.816776917221034, 26.806222151631061 ], [ 75.817585400545852, 26.805413667406867 ], [ 75.818393884770046, 26.805413667406867 ], [ 75.818663379211614, 26.805413667406867 ], [ 75.819741357877433, 26.805413667406867 ], [ 75.820280346760626, 26.804874678523618 ], [ 75.820819335643876, 26.804874678523618 ], [ 75.821358325426445, 26.804335689640425 ], [ 75.821358325426445, 26.803796699857855 ], [ 75.824322765183524, 26.800832260100776 ], [ 75.824322765183524, 26.800562765659151 ], [ 75.824592260524469, 26.800293270318207 ], [ 75.825131249407718, 26.800293270318207 ], [ 75.825400743849286, 26.800023775876582 ], [ 75.825939732732536, 26.800023775876582 ], [ 75.826209227174161, 26.799754281435014 ], [ 75.826209227174161, 26.798676302769195 ] ] ] } },
{ "type": "Feature", "properties": { "OBJECTID": 1149.0, "LAYER": "Stream", "STREAM_ID": 7154, "IN_FLOW": 210.0, "OUT_FLOW": 349.0, "DRAIN_AREA": "0.2801 sq km", "STRAHLER": 1, "Shape_Leng": 0.0031414586987999998 }, "geometry": { "type": "MultiLineString", "coordinates": [ [ [ 75.882264101607063, 26.80918659228746 ], [ 75.882533596048688, 26.80918659228746 ], [ 75.883072584931881, 26.808647602504891 ], [ 75.883072584931881, 26.808378108063266 ], [ 75.883072584931881, 26.807300130296824 ], [ 75.883611573815131, 26.806761140514254 ] ] ] } },
{ "type": "Feature", "properties": { "OBJECTID": 1150.0, "LAYER": "Stream", "STREAM_ID": 7158, "IN_FLOW": 10420.0, "OUT_FLOW": 10575.0, "DRAIN_AREA": "8.486 sq km", "STRAHLER": 3, "Shape_Leng": 0.0039037040874200001 }, "geometry": { "type": "MultiLineString", "coordinates": [ [ [ 75.831868614045334, 26.808917096946516 ], [ 75.831599119603766, 26.808647602504891 ], [ 75.831599119603766, 26.807839119180073 ], [ 75.831599119603766, 26.807569624738449 ], [ 75.831060129821196, 26.807030634955879 ], [ 75.831060129821196, 26.806761140514254 ], [ 75.830251646496322, 26.805952657189437 ], [ 75.830251646496322, 26.805683162747812 ] ] ] } },
{ "type": "Feature", "properties": { "OBJECTID": 1151.0, "LAYER": "Stream", "STREAM_ID": 7165, "IN_FLOW": 2530.0, "OUT_FLOW": 2991.0, "DRAIN_AREA": "2.4 sq km", "STRAHLER": 2, "Shape_Leng": 0.0131893684371 }, "geometry": { "type": "MultiLineString", "coordinates": [ [ [ 75.877682693401653, 26.808378108063266 ], [ 75.877682693401653, 26.808108613621698 ], [ 75.87849117672647, 26.807300130296824 ], [ 75.87849117672647, 26.807030634955879 ], [ 75.87849117672647, 26.806491646072686 ], [ 75.878760672067415, 26.806222151631061 ], [ 75.880647134058052, 26.804335689640425 ], [ 75.880916628499676, 26.804335689640425 ], [ 75.881186122941301, 26.8040661951988 ], [ 75.881725111824494, 26.803527205416231 ], [ 75.881725111824494, 26.802988216533038 ], [ 75.883072584931881, 26.801640743425594 ], [ 75.883072584931881, 26.801371248984026 ], [ 75.882264101607063, 26.800562765659151 ], [ 75.881994607165439, 26.800562765659151 ], [ 75.881455617382869, 26.800562765659151 ], [ 75.881186122941301, 26.800293270318207 ], [ 75.880108144275482, 26.800293270318207 ], [ 75.879838649833857, 26.800023775876582 ] ] ] } },
{ "type": "Feature", "properties": { "OBJECTID": 1152.0, "LAYER": "Stream", "STREAM_ID": 7168, "IN_FLOW": 202.0, "OUT_FLOW": 203.0, "DRAIN_AREA": "0.1629 sq km", "STRAHLER": 1, "Shape_Leng": 0.00076224538865999995 }, "geometry": { "type": "MultiLineString", "coordinates": [ [ [ 75.777969696944012, 26.808108613621698 ], [ 75.778239191385637, 26.807839119180073 ], [ 75.778508685827262, 26.807569624738449 ] ] ] } },
{ "type": "Feature", "properties": { "OBJECTID": 1153.0, "LAYER": "Stream", "STREAM_ID": 7173, "IN_FLOW": 214.0, "OUT_FLOW": 387.0, "DRAIN_AREA": "0.3106 sq km", "STRAHLER": 1, "Shape_Leng": 0.0054090442830900002 }, "geometry": { "type": "MultiLineString", "coordinates": [ [ [ 75.854775653273862, 26.807839119180073 ], [ 75.855045148614749, 26.807569624738449 ], [ 75.855584137497999, 26.807569624738449 ], [ 75.855853631939624, 26.807300130296824 ], [ 75.855853631939624, 26.806761140514254 ], [ 75.855853631939624, 26.806491646072686 ], [ 75.855853631939624, 26.804335689640425 ], [ 75.855584137497999, 26.8040661951988 ], [ 75.855045148614749, 26.803527205416231 ] ] ] } },
{ "type": "Feature", "properties": { "OBJECTID": 1154.0, "LAYER": "Stream", "STREAM_ID": 7180, "IN_FLOW": 1035.0, "OUT_FLOW": 1232.0, "DRAIN_AREA": "0.989 sq km", "STRAHLER": 2, "Shape_Leng": 0.00188646199064 }, "geometry": { "type": "MultiLineString", "coordinates": [ [ [ 75.778508685827262, 26.807569624738449 ], [ 75.778508685827262, 26.805683162747812 ] ] ] } },
{ "type": "Feature", "properties": { "OBJECTID": 1155.0, "LAYER": "Stream", "STREAM_ID": 7188, "IN_FLOW": 176715.0, "OUT_FLOW": 176912.0, "DRAIN_AREA": "141.97 sq km", "STRAHLER": 5, "Shape_Leng": 0.0045543227585699998 }, "geometry": { "type": "MultiLineString", "coordinates": [ [ [ 75.794678361317381, 26.807300130296824 ], [ 75.794947855759006, 26.807030634955879 ], [ 75.795756339083823, 26.807030634955879 ], [ 75.796025834424768, 26.806761140514254 ], [ 75.796295328866393, 26.806491646072686 ], [ 75.796564823308017, 26.806491646072686 ], [ 75.796834317749642, 26.806222151631061 ], [ 75.796834317749642, 26.805413667406867 ], [ 75.79764280197378, 26.80460518408205 ] ] ] } },
{ "type": "Feature", "properties": { "OBJECTID": 1156.0, "LAYER": "Stream", "STREAM_ID": 7194, "IN_FLOW": 202.0, "OUT_FLOW": 255.0, "DRAIN_AREA": "0.2046 sq km", "STRAHLER": 1, "Shape_Leng": 0.00195185204368 }, "geometry": { "type": "MultiLineString", "coordinates": [ [ [ 75.779586664493024, 26.807030634955879 ], [ 75.779317170051399, 26.807030634955879 ], [ 75.779047675609775, 26.806761140514254 ], [ 75.779047675609775, 26.806222151631061 ], [ 75.778508685827262, 26.805683162747812 ] ] ] } },
{ "type": "Feature", "properties": { "OBJECTID": 1157.0, "LAYER": "Stream", "STREAM_ID": 7195, "IN_FLOW": 6761.0, "OUT_FLOW": 6901.0, "DRAIN_AREA": "5.538 sq km", "STRAHLER": 3, "Shape_Leng": 0.0048238165642499999 }, "geometry": { "type": "MultiLineString", "coordinates": [ [ [ 75.826478722515105, 26.807030634955879 ], [ 75.827017711398298, 26.807030634955879 ], [ 75.827556700281548, 26.806491646072686 ], [ 75.827826194723173, 26.806491646072686 ], [ 75.828365184505742, 26.805952657189437 ], [ 75.82863467894731, 26.805952657189437 ], [ 75.82917366783056, 26.805413667406867 ], [ 75.82917366783056, 26.805144172965242 ], [ 75.829443162272185, 26.804874678523618 ], [ 75.830251646496322, 26.804874678523618 ] ] ] } },
{ "type": "Feature", "properties": { "OBJECTID": 1158.0, "LAYER": "Stream", "STREAM_ID": 7196, "IN_FLOW": 2875.0, "OUT_FLOW": 3171.0, "DRAIN_AREA": "2.545 sq km", "STRAHLER": 2, "Shape_Leng": 0.0079652752630799996 }, "geometry": { "type": "MultiLineString", "coordinates": [ [ [ 75.844265364654916, 26.807030634955879 ], [ 75.845882332203928, 26.805413667406867 ], [ 75.845882332203928, 26.803796699857855 ], [ 75.845343343320678, 26.803257710974606 ], [ 75.845073848879053, 26.803257710974606 ], [ 75.844804353538166, 26.802988216533038 ], [ 75.844534859096541, 26.802718722091413 ], [ 75.844534859096541, 26.802449227649788 ], [ 75.844265364654916, 26.802179732308844 ], [ 75.844265364654916, 26.800562765659151 ] ] ] } },
{ "type": "Feature", "properties": { "OBJECTID": 1159.0, "LAYER": "Stream", "STREAM_ID": 7202, "IN_FLOW": 202.0, "OUT_FLOW": 380.0, "DRAIN_AREA": "0.3049 sq km", "STRAHLER": 1, "Shape_Leng": 0.0053165681472299997 }, "geometry": { "type": "MultiLineString", "coordinates": [ [ [ 75.864477458567933, 26.806761140514254 ], [ 75.865016447451126, 26.806761140514254 ], [ 75.86528594279207, 26.806491646072686 ], [ 75.865555437233695, 26.806222151631061 ], [ 75.865555437233695, 26.805413667406867 ], [ 75.86582493167532, 26.805144172965242 ], [ 75.86636392055857, 26.80460518408205 ], [ 75.866902910341082, 26.8040661951988 ], [ 75.867441899224332, 26.8040661951988 ], [ 75.867980888107581, 26.803527205416231 ] ] ] } },
{ "type": "Feature", "properties": { "OBJECTID": 1160.0, "LAYER": "Stream", "STREAM_ID": 7203, "IN_FLOW": 826.0, "OUT_FLOW": 1044.0, "DRAIN_AREA": "0.838 sq km", "STRAHLER": 2, "Shape_Leng": 0.000114709837027 }, "geometry": { "type": "MultiLineString", "coordinates": [ [ [ 75.883611573815131, 26.806761140514254 ], [ 75.88369268636842, 26.806680028860285 ] ] ] } },
{ "type": "Feature", "properties": { "OBJECTID": 1161.0, "LAYER": "Stream", "STREAM_ID": 7220, "IN_FLOW": 5248.0, "OUT_FLOW": 5346.0, "DRAIN_AREA": "4.29 sq km", "STRAHLER": 3, "Shape_Leng": 0.0037920767340399999 }, "geometry": { "type": "MultiLineString", "coordinates": [ [ [ 75.851541718175838, 26.806222151631061 ], [ 75.852350202399975, 26.805413667406867 ], [ 75.852350202399975, 26.803527205416231 ], [ 75.8526196968416, 26.803257710974606 ], [ 75.852350202399975, 26.802988216533038 ] ] ] } },
{ "type": "Feature", "properties": { "OBJECTID": 1162.0, "LAYER": "Stream", "STREAM_ID": 7226, "IN_FLOW": 4491.0, "OUT_FLOW": 4639.0, "DRAIN_AREA": "3.723 sq km", "STRAHLER": 3, "Shape_Leng": 0.0032068499145699999 }, "geometry": { "type": "MultiLineString", "coordinates": [ [ [ 75.759374570580007, 26.805952657189437 ], [ 75.757488108589371, 26.8040661951988 ], [ 75.756949118806858, 26.8040661951988 ] ] ] } },
{ "type": "Feature", "properties": { "OBJECTID": 1163.0, "LAYER": "Stream", "STREAM_ID": 7227, "IN_FLOW": 225.0, "OUT_FLOW": 807.0, "DRAIN_AREA": "0.648 sq km", "STRAHLER": 1, "Shape_Leng": 0.011264601576900001 }, "geometry": { "type": "MultiLineString", "coordinates": [ [ [ 75.836180526909857, 26.805952657189437 ], [ 75.836719516692426, 26.805413667406867 ], [ 75.836989011133994, 26.805413667406867 ], [ 75.837528000017244, 26.804874678523618 ], [ 75.837797494458869, 26.804874678523618 ], [ 75.838875473124631, 26.804874678523618 ], [ 75.839144967566256, 26.804874678523618 ], [ 75.839414462007881, 26.804874678523618 ], [ 75.839683956449505, 26.804874678523618 ], [ 75.840492440673643, 26.8040661951988 ], [ 75.840492440673643, 26.803527205416231 ], [ 75.840761935115268, 26.803257710974606 ], [ 75.840761935115268, 26.802179732308844 ], [ 75.84183991378103, 26.801101754542401 ], [ 75.843726375771666, 26.801101754542401 ], [ 75.844265364654916, 26.800562765659151 ] ] ] } },
{ "type": "Feature", "properties": { "OBJECTID": 1164.0, "LAYER": "Stream", "STREAM_ID": 7230, "IN_FLOW": 250.0, "OUT_FLOW": 311.0, "DRAIN_AREA": "0.2496 sq km", "STRAHLER": 1, "Shape_Leng": 0.0039037049867 }, "geometry": { "type": "MultiLineString", "coordinates": [ [ [ 75.762608505678031, 26.804874678523618 ], [ 75.762339011236463, 26.80460518408205 ], [ 75.761800021453894, 26.80460518408205 ], [ 75.761261032570644, 26.805144172965242 ], [ 75.760991538129019, 26.805144172965242 ], [ 75.760722043687451, 26.805144172965242 ], [ 75.760183053904882, 26.805683162747812 ], [ 75.759644065021632, 26.805683162747812 ], [ 75.759374570580007, 26.805952657189437 ] ] ] } },
{ "type": "Feature", "properties": { "OBJECTID": 1165.0, "LAYER": "Stream", "STREAM_ID": 7231, "IN_FLOW": 1490.0, "OUT_FLOW": 2302.0, "DRAIN_AREA": "1.847 sq km", "STRAHLER": 2, "Shape_Leng": 0.0127237042088 }, "geometry": { "type": "MultiLineString", "coordinates": [ [ [ 75.778508685827262, 26.805683162747812 ], [ 75.778508685827262, 26.804874678523618 ], [ 75.778508685827262, 26.804335689640425 ], [ 75.778239191385637, 26.8040661951988 ], [ 75.778239191385637, 26.803796699857855 ], [ 75.778239191385637, 26.802718722091413 ], [ 75.779047675609775, 26.801910237867219 ], [ 75.779047675609775, 26.800832260100776 ], [ 75.779047675609775, 26.800562765659151 ], [ 75.778778180268887, 26.800293270318207 ], [ 75.778778180268887, 26.799215292551764 ], [ 75.777430708060763, 26.797867819444377 ], [ 75.777430708060763, 26.797059335220183 ], [ 75.77689171827825, 26.79652034633699 ], [ 75.77689171827825, 26.796250851895365 ], [ 75.777161212719875, 26.795981357453741 ], [ 75.777700202502388, 26.795981357453741 ], [ 75.778239191385637, 26.795442368570491 ], [ 75.778239191385637, 26.795172873229546 ] ] ] } },
{ "type": "Feature", "properties": { "OBJECTID": 1166.0, "LAYER": "Stream", "STREAM_ID": 7232, "IN_FLOW": 203.0, "OUT_FLOW": 925.0, "DRAIN_AREA": "0.742 sq km", "STRAHLER": 1, "Shape_Leng": 0.018236443414700002 }, "geometry": { "type": "MultiLineString", "coordinates": [ [ [ 75.811117531249124, 26.805683162747812 ], [ 75.811387025690749, 26.805413667406867 ], [ 75.811656520132374, 26.805413667406867 ], [ 75.811926014573942, 26.805413667406867 ], [ 75.813273487681386, 26.805413667406867 ], [ 75.81354298212301, 26.805144172965242 ], [ 75.815698938555215, 26.802988216533038 ], [ 75.815698938555215, 26.802718722091413 ], [ 75.816507422779409, 26.801910237867219 ], [ 75.817854895886796, 26.801910237867219 ], [ 75.820819335643876, 26.79894579811014 ], [ 75.821358325426445, 26.79894579811014 ], [ 75.82162781986807, 26.79894579811014 ], [ 75.821897314309638, 26.798676302769195 ], [ 75.821897314309638, 26.79840680832757 ], [ 75.822166808751263, 26.798137313886002 ], [ 75.822975292975457, 26.797328830561128 ], [ 75.822975292975457, 26.797059335220183 ], [ 75.823244787417082, 26.796789840778558 ], [ 75.823244787417082, 26.79652034633699 ], [ 75.822705797634512, 26.795981357453741 ], [ 75.822705797634512, 26.795711863012116 ], [ 75.822705797634512, 26.795442368570491 ], [ 75.822975292975457, 26.795172873229546 ] ] ] } },
{ "type": "Feature", "properties": { "OBJECTID": 1167.0, "LAYER": "Stream", "STREAM_ID": 7233, "IN_FLOW": 11005.0, "OUT_FLOW": 11011.0, "DRAIN_AREA": "8.836 sq km", "STRAHLER": 3, "Shape_Leng": 0.000808484224194 }, "geometry": { "type": "MultiLineString", "coordinates": [ [ [ 75.830251646496322, 26.805683162747812 ], [ 75.830251646496322, 26.804874678523618 ] ] ] } },
{ "type": "Feature", "properties": { "OBJECTID": 1168.0, "LAYER": "Stream", "STREAM_ID": 7251, "IN_FLOW": 205.0, "OUT_FLOW": 212.0, "DRAIN_AREA": "0.1701 sq km", "STRAHLER": 1, "Shape_Leng": 0.0010317398302400001 }, "geometry": { "type": "MultiLineString", "coordinates": [ [ [ 75.756410129923609, 26.804874678523618 ], [ 75.756679624365233, 26.80460518408205 ], [ 75.756679624365233, 26.804335689640425 ], [ 75.756949118806858, 26.8040661951988 ] ] ] } },
{ "type": "Feature", "properties": { "OBJECTID": 1169.0, "LAYER": "Stream", "STREAM_ID": 7252, "IN_FLOW": 200.0, "OUT_FLOW": 235.0, "DRAIN_AREA": "0.1886 sq km", "STRAHLER": 1, "Shape_Leng": 0.0019980908791800002 }, "geometry": { "type": "MultiLineString", "coordinates": [ [ [ 75.768806880533191, 26.804874678523618 ], [ 75.768806880533191, 26.803257710974606 ], [ 75.769076375874079, 26.802988216533038 ] ] ] } },
{ "type": "Feature", "properties": { "OBJECTID": 1170.0, "LAYER": "Stream", "STREAM_ID": 7253, "IN_FLOW": 17917.0, "OUT_FLOW": 19080.0, "DRAIN_AREA": "15.311 sq km", "STRAHLER": 4, "Shape_Leng": 0.020958474440299999 }, "geometry": { "type": "MultiLineString", "coordinates": [ [ [ 75.830251646496322, 26.804874678523618 ], [ 75.830521140937947, 26.80460518408205 ], [ 75.831060129821196, 26.8040661951988 ], [ 75.831060129821196, 26.803796699857855 ], [ 75.831329625162141, 26.803527205416231 ], [ 75.831868614045334, 26.802988216533038 ], [ 75.831868614045334, 26.802718722091413 ], [ 75.832138108486959, 26.802449227649788 ], [ 75.832138108486959, 26.802179732308844 ], [ 75.832407602928583, 26.801910237867219 ], [ 75.833485581594346, 26.800832260100776 ], [ 75.83375507603597, 26.800832260100776 ], [ 75.834024570477595, 26.800562765659151 ], [ 75.834563559360845, 26.800023775876582 ], [ 75.835372043584982, 26.800023775876582 ], [ 75.835641538026607, 26.800023775876582 ], [ 75.835911032468232, 26.800023775876582 ], [ 75.836450022250801, 26.799484786993389 ], [ 75.836180526909857, 26.799215292551764 ], [ 75.836180526909857, 26.79894579811014 ], [ 75.836180526909857, 26.798676302769195 ], [ 75.836719516692426, 26.798137313886002 ], [ 75.838605978683006, 26.798137313886002 ], [ 75.838875473124631, 26.797867819444377 ], [ 75.838875473124631, 26.797328830561128 ], [ 75.839414462007881, 26.796789840778558 ], [ 75.840492440673643, 26.796789840778558 ], [ 75.840761935115268, 26.79652034633699 ], [ 75.841300923998517, 26.79652034633699 ], [ 75.841570419339462, 26.796789840778558 ], [ 75.84183991378103, 26.796789840778558 ], [ 75.842109408222655, 26.797059335220183 ], [ 75.843995870213291, 26.797059335220183 ], [ 75.845882332203928, 26.797059335220183 ] ] ] } },
{ "type": "Feature", "properties": { "OBJECTID": 1171.0, "LAYER": "Stream", "STREAM_ID": 7259, "IN_FLOW": 177196.0, "OUT_FLOW": 177208.0, "DRAIN_AREA": "142.21 sq km", "STRAHLER": 5, "Shape_Leng": 0.00114336871891 }, "geometry": { "type": "MultiLineString", "coordinates": [ [ [ 75.79764280197378, 26.80460518408205 ], [ 75.797912296415404, 26.804335689640425 ], [ 75.798451285298654, 26.803796699857855 ] ] ] } },
{ "type": "Feature", "properties": { "OBJECTID": 1172.0, "LAYER": "Stream", "STREAM_ID": 7265, "IN_FLOW": 201.0, "OUT_FLOW": 1054.0, "DRAIN_AREA": "0.846 sq km", "STRAHLER": 1, "Shape_Leng": 0.0131702178556 }, "geometry": { "type": "MultiLineString", "coordinates": [ [ [ 75.789288469787095, 26.804335689640425 ], [ 75.789288469787095, 26.803796699857855 ], [ 75.789018974446151, 26.803527205416231 ], [ 75.789018974446151, 26.803257710974606 ], [ 75.789018974446151, 26.802988216533038 ], [ 75.789018974446151, 26.802718722091413 ], [ 75.789018974446151, 26.802449227649788 ], [ 75.790905437336107, 26.800562765659151 ], [ 75.790905437336107, 26.800293270318207 ], [ 75.790635941995163, 26.800023775876582 ], [ 75.790635941995163, 26.798676302769195 ], [ 75.791174931777732, 26.798137313886002 ], [ 75.791444426219357, 26.798137313886002 ], [ 75.791983415102607, 26.797598325002753 ], [ 75.793061393768369, 26.797598325002753 ], [ 75.793330888209994, 26.797867819444377 ], [ 75.793600382651618, 26.797867819444377 ], [ 75.794139371534811, 26.797328830561128 ], [ 75.794139371534811, 26.796250851895365 ], [ 75.794947855759006, 26.795442368570491 ] ] ] } },
{ "type": "Feature", "properties": { "OBJECTID": 1173.0, "LAYER": "Stream", "STREAM_ID": 7266, "IN_FLOW": 230.0, "OUT_FLOW": 277.0, "DRAIN_AREA": "0.2223 sq km", "STRAHLER": 1, "Shape_Leng": 0.0026024707149100001 }, "geometry": { "type": "MultiLineString", "coordinates": [ [ [ 75.795486844642198, 26.803527205416231 ], [ 75.796025834424768, 26.803527205416231 ], [ 75.796564823308017, 26.8040661951988 ], [ 75.796834317749642, 26.804335689640425 ], [ 75.79710381219121, 26.804335689640425 ], [ 75.797373306632835, 26.804335689640425 ], [ 75.79764280197378, 26.80460518408205 ] ] ] } },
{ "type": "Feature", "properties": { "OBJECTID": 1174.0, "LAYER": "Stream", "STREAM_ID": 7273, "IN_FLOW": 4860.0, "OUT_FLOW": 5289.0, "DRAIN_AREA": "4.244 sq km", "STRAHLER": 3, "Shape_Leng": 0.010429031905899999 }, "geometry": { "type": "MultiLineString", "coordinates": [ [ [ 75.756949118806858, 26.8040661951988 ], [ 75.756140635481984, 26.803257710974606 ], [ 75.756140635481984, 26.802718722091413 ], [ 75.75802709747262, 26.800832260100776 ], [ 75.75802709747262, 26.800562765659151 ], [ 75.758296591914245, 26.800293270318207 ], [ 75.758296591914245, 26.79894579811014 ], [ 75.759913559463257, 26.797328830561128 ], [ 75.759913559463257, 26.797059335220183 ], [ 75.760991538129019, 26.795981357453741 ] ] ] } },
{ "type": "Feature", "properties": { "OBJECTID": 1175.0, "LAYER": "Stream", "STREAM_ID": 7281, "IN_FLOW": 178310.0, "OUT_FLOW": 179031.0, "DRAIN_AREA": "143.67 sq km", "STRAHLER": 5, "Shape_Leng": 0.009285663187 }, "geometry": { "type": "MultiLineString", "coordinates": [ [ [ 75.798451285298654, 26.803796699857855 ], [ 75.798720779740222, 26.803527205416231 ], [ 75.798720779740222, 26.803257710974606 ], [ 75.798990274181847, 26.802988216533038 ], [ 75.798720779740222, 26.802718722091413 ], [ 75.798720779740222, 26.802449227649788 ], [ 75.799259768623472, 26.801910237867219 ], [ 75.799529263964416, 26.801910237867219 ], [ 75.800068252847666, 26.801371248984026 ], [ 75.800607241730859, 26.801371248984026 ], [ 75.801146231513428, 26.800832260100776 ], [ 75.801685220396678, 26.800293270318207 ], [ 75.802224209279871, 26.800293270318207 ], [ 75.802493703721495, 26.800023775876582 ], [ 75.803032693504065, 26.799484786993389 ], [ 75.80330218794569, 26.799484786993389 ], [ 75.804380166611452, 26.79840680832757 ], [ 75.804380166611452, 26.798137313886002 ] ] ] } },
{ "type": "Feature", "properties": { "OBJECTID": 1176.0, "LAYER": "Stream", "STREAM_ID": 7289, "IN_FLOW": 1172.0, "OUT_FLOW": 1242.0, "DRAIN_AREA": "0.997 sq km", "STRAHLER": 2, "Shape_Leng": 0.0031414589621700001 }, "geometry": { "type": "MultiLineString", "coordinates": [ [ [ 75.855045148614749, 26.803527205416231 ], [ 75.854506158832237, 26.802988216533038 ], [ 75.854236664390612, 26.802988216533038 ], [ 75.853967169948987, 26.802988216533038 ], [ 75.853697675507362, 26.802718722091413 ], [ 75.8526196968416, 26.802718722091413 ], [ 75.852350202399975, 26.802988216533038 ] ] ] } },
{ "type": "Feature", "properties": { "OBJECTID": 1177.0, "LAYER": "Stream", "STREAM_ID": 7290, "IN_FLOW": 766.0, "OUT_FLOW": 1386.0, "DRAIN_AREA": "1.112 sq km", "STRAHLER": 2, "Shape_Leng": 0.0096013954557599996 }, "geometry": { "type": "MultiLineString", "coordinates": [ [ [ 75.867980888107581, 26.803527205416231 ], [ 75.867980888107581, 26.802988216533038 ], [ 75.867980888107581, 26.802718722091413 ], [ 75.867711393665957, 26.802449227649788 ], [ 75.867711393665957, 26.802179732308844 ], [ 75.867980888107581, 26.801910237867219 ], [ 75.868519877890094, 26.801910237867219 ], [ 75.869597855656593, 26.800832260100776 ], [ 75.869867350098161, 26.800832260100776 ], [ 75.870675834322356, 26.800832260100776 ], [ 75.871214823205605, 26.800293270318207 ], [ 75.871753812088798, 26.800293270318207 ], [ 75.872562296312992, 26.799484786993389 ], [ 75.872023307429743, 26.79894579811014 ], [ 75.872831790754617, 26.798137313886002 ], [ 75.872831790754617, 26.797867819444377 ] ] ] } },
{ "type": "Feature", "properties": { "OBJECTID": 1178.0, "LAYER": "Stream", "STREAM_ID": 7301, "IN_FLOW": 7570.0, "OUT_FLOW": 8061.0, "DRAIN_AREA": "6.469 sq km", "STRAHLER": 3, "Shape_Leng": 0.011060497297399999 }, "geometry": { "type": "MultiLineString", "coordinates": [ [ [ 75.769076375874079, 26.802988216533038 ], [ 75.769076375874079, 26.802179732308844 ], [ 75.769076375874079, 26.801910237867219 ], [ 75.768806880533191, 26.801640743425594 ], [ 75.768806880533191, 26.801371248984026 ], [ 75.769076375874079, 26.801101754542401 ], [ 75.769076375874079, 26.800562765659151 ], [ 75.768267891649941, 26.799754281435014 ], [ 75.767998397208316, 26.799754281435014 ], [ 75.767728902766692, 26.799484786993389 ], [ 75.766920418542554, 26.798676302769195 ], [ 75.766650924100929, 26.798676302769195 ], [ 75.76611193521768, 26.798137313886002 ], [ 75.765572946334487, 26.798137313886002 ], [ 75.765303450993542, 26.797867819444377 ], [ 75.765033956551918, 26.797867819444377 ], [ 75.764225473227043, 26.797867819444377 ], [ 75.76368648344453, 26.79840680832757 ], [ 75.763416989002906, 26.798137313886002 ], [ 75.762878000119656, 26.798137313886002 ], [ 75.762339011236463, 26.797598325002753 ] ] ] } },
{ "type": "Feature", "properties": { "OBJECTID": 1179.0, "LAYER": "Stream", "STREAM_ID": 7302, "IN_FLOW": 6593.0, "OUT_FLOW": 7782.0, "DRAIN_AREA": "6.245 sq km", "STRAHLER": 3, "Shape_Leng": 0.0148988114862 }, "geometry": { "type": "MultiLineString", "coordinates": [ [ [ 75.852350202399975, 26.802988216533038 ], [ 75.852080707958351, 26.802718722091413 ], [ 75.851811213516726, 26.802718722091413 ], [ 75.851541718175838, 26.802449227649788 ], [ 75.851541718175838, 26.802179732308844 ], [ 75.851002729292588, 26.801640743425594 ], [ 75.851002729292588, 26.801101754542401 ], [ 75.851002729292588, 26.800832260100776 ], [ 75.851272223734213, 26.800562765659151 ], [ 75.851272223734213, 26.799215292551764 ], [ 75.851272223734213, 26.798676302769195 ], [ 75.850733234850964, 26.798137313886002 ], [ 75.850733234850964, 26.797867819444377 ], [ 75.851002729292588, 26.797598325002753 ], [ 75.851272223734213, 26.797598325002753 ], [ 75.852080707958351, 26.797598325002753 ], [ 75.852350202399975, 26.797328830561128 ], [ 75.85315868572485, 26.797328830561128 ], [ 75.855314643056374, 26.795172873229546 ], [ 75.855314643056374, 26.794633884346354 ], [ 75.855584137497999, 26.794364389904729 ], [ 75.855584137497999, 26.794094895463104 ], [ 75.855314643056374, 26.793825401021479 ], [ 75.855314643056374, 26.793016916797342 ], [ 75.855584137497999, 26.792747422355717 ], [ 75.855853631939624, 26.792747422355717 ] ] ] } },
{ "type": "Feature", "properties": { "OBJECTID": 1180.0, "LAYER": "Stream", "STREAM_ID": 7309, "IN_FLOW": 206.0, "OUT_FLOW": 634.0, "DRAIN_AREA": "0.509 sq km", "STRAHLER": 1, "Shape_Leng": 0.0128353314531 }, "geometry": { "type": "MultiLineString", "coordinates": [ [ [ 75.807075111926906, 26.802718722091413 ], [ 75.8078835961511, 26.801910237867219 ], [ 75.808692079475918, 26.801910237867219 ], [ 75.808961573917543, 26.801910237867219 ], [ 75.809231068359168, 26.801640743425594 ], [ 75.809770058141737, 26.801640743425594 ], [ 75.810039552583362, 26.801910237867219 ], [ 75.811387025690749, 26.801910237867219 ], [ 75.811656520132374, 26.802179732308844 ], [ 75.811926014573942, 26.802179732308844 ], [ 75.812195509015567, 26.801910237867219 ], [ 75.812465003457191, 26.801910237867219 ], [ 75.812734497898816, 26.801910237867219 ], [ 75.813003993239761, 26.801910237867219 ], [ 75.813273487681386, 26.801910237867219 ], [ 75.814620960788773, 26.800562765659151 ], [ 75.814620960788773, 26.799484786993389 ], [ 75.815159949672022, 26.79894579811014 ], [ 75.815159949672022, 26.798676302769195 ], [ 75.81542944411359, 26.79840680832757 ], [ 75.81542944411359, 26.797867819444377 ], [ 75.815159949672022, 26.797598325002753 ], [ 75.815159949672022, 26.797059335220183 ] ] ] } },
{ "type": "Feature", "properties": { "OBJECTID": 1181.0, "LAYER": "Stream", "STREAM_ID": 7340, "IN_FLOW": 202.0, "OUT_FLOW": 711.0, "DRAIN_AREA": "0.571 sq km", "STRAHLER": 1, "Shape_Leng": 0.0128736355326 }, "geometry": { "type": "MultiLineString", "coordinates": [ [ [ 75.772849299855352, 26.801640743425594 ], [ 75.772310310972102, 26.801101754542401 ], [ 75.772040815631215, 26.800832260100776 ], [ 75.771501826747965, 26.800293270318207 ], [ 75.771501826747965, 26.799484786993389 ], [ 75.769615364757328, 26.797598325002753 ], [ 75.769615364757328, 26.797328830561128 ], [ 75.769345870315703, 26.797059335220183 ], [ 75.769076375874079, 26.797059335220183 ], [ 75.767998397208316, 26.795981357453741 ], [ 75.767728902766692, 26.795711863012116 ], [ 75.767728902766692, 26.794903378787978 ], [ 75.767459408325067, 26.794633884346354 ], [ 75.767459408325067, 26.794364389904729 ], [ 75.767728902766692, 26.794094895463104 ], [ 75.767728902766692, 26.793825401021479 ], [ 75.768267891649941, 26.793286411238967 ], [ 75.768806880533191, 26.792747422355717 ], [ 75.768806880533191, 26.792477927914092 ], [ 75.769345870315703, 26.791938938131523 ] ] ] } },
{ "type": "Feature", "properties": { "OBJECTID": 1182.0, "LAYER": "Stream", "STREAM_ID": 7341, "IN_FLOW": 209.0, "OUT_FLOW": 269.0, "DRAIN_AREA": "0.2159 sq km", "STRAHLER": 1, "Shape_Leng": 0.0024446038900499999 }, "geometry": { "type": "MultiLineString", "coordinates": [ [ [ 75.878221682284845, 26.801640743425594 ], [ 75.87849117672647, 26.801371248984026 ], [ 75.878760672067415, 26.801371248984026 ], [ 75.879838649833857, 26.800293270318207 ], [ 75.879838649833857, 26.800023775876582 ] ] ] } },
{ "type": "Feature", "properties": { "OBJECTID": 1183.0, "LAYER": "Stream", "STREAM_ID": 7357, "IN_FLOW": 201.0, "OUT_FLOW": 1041.0, "DRAIN_AREA": "0.835 sq km", "STRAHLER": 1, "Shape_Leng": 0.011395382055599999 }, "geometry": { "type": "MultiLineString", "coordinates": [ [ [ 75.858818072596023, 26.801101754542401 ], [ 75.859087567037648, 26.801101754542401 ], [ 75.859626555920897, 26.801101754542401 ], [ 75.860435040145035, 26.800293270318207 ], [ 75.860435040145035, 26.799484786993389 ], [ 75.86016554570341, 26.799215292551764 ], [ 75.86016554570341, 26.79840680832757 ], [ 75.859896050362465, 26.798137313886002 ], [ 75.858818072596023, 26.797059335220183 ], [ 75.858818072596023, 26.795711863012116 ], [ 75.857201105047011, 26.794094895463104 ], [ 75.856931610605386, 26.793825401021479 ], [ 75.855853631939624, 26.792747422355717 ] ] ] } },
{ "type": "Feature", "properties": { "OBJECTID": 1184.0, "LAYER": "Stream", "STREAM_ID": 7371, "IN_FLOW": 3984.0, "OUT_FLOW": 4204.0, "DRAIN_AREA": "3.374 sq km", "STRAHLER": 2, "Shape_Leng": 0.0041732000642700001 }, "geometry": { "type": "MultiLineString", "coordinates": [ [ [ 75.844265364654916, 26.800562765659151 ], [ 75.844804353538166, 26.800023775876582 ], [ 75.844804353538166, 26.799754281435014 ], [ 75.844804353538166, 26.799484786993389 ], [ 75.844804353538166, 26.799215292551764 ], [ 75.845073848879053, 26.79894579811014 ], [ 75.845073848879053, 26.798676302769195 ], [ 75.845073848879053, 26.797867819444377 ], [ 75.845882332203928, 26.797059335220183 ] ] ] } },
{ "type": "Feature", "properties": { "OBJECTID": 1185.0, "LAYER": "Stream", "STREAM_ID": 7381, "IN_FLOW": 202.0, "OUT_FLOW": 290.0, "DRAIN_AREA": "0.2327 sq km", "STRAHLER": 1, "Shape_Leng": 0.0032530875873699999 }, "geometry": { "type": "MultiLineString", "coordinates": [ [ [ 75.762608505678031, 26.800293270318207 ], [ 75.762608505678031, 26.799215292551764 ], [ 75.761800021453894, 26.79840680832757 ], [ 75.761800021453894, 26.798137313886002 ], [ 75.762339011236463, 26.797598325002753 ] ] ] } },
{ "type": "Feature", "properties": { "OBJECTID": 1186.0, "LAYER": "Stream", "STREAM_ID": 7390, "IN_FLOW": 3265.0, "OUT_FLOW": 3567.0, "DRAIN_AREA": "2.862 sq km", "STRAHLER": 2, "Shape_Leng": 0.0061250514720099999 }, "geometry": { "type": "MultiLineString", "coordinates": [ [ [ 75.879838649833857, 26.800023775876582 ], [ 75.878221682284845, 26.79840680832757 ], [ 75.878221682284845, 26.797328830561128 ], [ 75.877413198960028, 26.79652034633699 ], [ 75.877413198960028, 26.794903378787978 ] ] ] } },
{ "type": "Feature", "properties": { "OBJECTID": 1187.0, "LAYER": "Stream", "STREAM_ID": 7394, "IN_FLOW": 201.0, "OUT_FLOW": 244.0, "DRAIN_AREA": "0.1958 sq km", "STRAHLER": 1, "Shape_Leng": 0.0014128637964000001 }, "geometry": { "type": "MultiLineString", "coordinates": [ [ [ 75.827017711398298, 26.799754281435014 ], [ 75.827017711398298, 26.799484786993389 ], [ 75.826209227174161, 26.798676302769195 ] ] ] } },
{ "type": "Feature", "properties": { "OBJECTID": 1188.0, "LAYER": "Stream", "STREAM_ID": 7413, "IN_FLOW": 208.0, "OUT_FLOW": 248.0, "DRAIN_AREA": "0.199 sq km", "STRAHLER": 1, "Shape_Leng": 0.0029373552096000001 }, "geometry": { "type": "MultiLineString", "coordinates": [ [ [ 75.813003993239761, 26.79894579811014 ], [ 75.813812476564578, 26.798137313886002 ], [ 75.814081971006203, 26.798137313886002 ], [ 75.815159949672022, 26.797059335220183 ] ] ] } },
{ "type": "Feature", "properties": { "OBJECTID": 1189.0, "LAYER": "Stream", "STREAM_ID": 7422, "IN_FLOW": 3033.0, "OUT_FLOW": 3197.0, "DRAIN_AREA": "2.566 sq km", "STRAHLER": 2, "Shape_Leng": 0.0046005609582100001 }, "geometry": { "type": "MultiLineString", "coordinates": [ [ [ 75.826209227174161, 26.798676302769195 ], [ 75.826209227174161, 26.79840680832757 ], [ 75.826209227174161, 26.798137313886002 ], [ 75.826209227174161, 26.797059335220183 ], [ 75.826478722515105, 26.796789840778558 ], [ 75.825670238290911, 26.795981357453741 ], [ 75.825670238290911, 26.794903378787978 ], [ 75.825939732732536, 26.794633884346354 ] ] ] } },
{ "type": "Feature", "properties": { "OBJECTID": 1190.0, "LAYER": "Stream", "STREAM_ID": 7430, "IN_FLOW": 201.0, "OUT_FLOW": 594.0, "DRAIN_AREA": "0.4767 sq km", "STRAHLER": 1, "Shape_Leng": 0.0038701471026099999 }, "geometry": { "type": "MultiLineString", "coordinates": [ [ [ 75.754254173491347, 26.798137313886002 ], [ 75.75344568926721, 26.797328830561128 ], [ 75.753176194825585, 26.797328830561128 ], [ 75.751438632686813, 26.795591268422356 ] ] ] } },
{ "type": "Feature", "properties": { "OBJECTID": 1191.0, "LAYER": "Stream", "STREAM_ID": 7431, "IN_FLOW": 181375.0, "OUT_FLOW": 182473.0, "DRAIN_AREA": "146.43 sq km", "STRAHLER": 5, "Shape_Leng": 0.013820833456300001 }, "geometry": { "type": "MultiLineString", "coordinates": [ [ [ 75.804380166611452, 26.798137313886002 ], [ 75.805458144377894, 26.797059335220183 ], [ 75.805727638819519, 26.797059335220183 ], [ 75.805997133261144, 26.797059335220183 ], [ 75.808961573917543, 26.794094895463104 ], [ 75.809770058141737, 26.794094895463104 ], [ 75.81030904702493, 26.793555905680535 ], [ 75.810578541466555, 26.793555905680535 ], [ 75.811117531249124, 26.793555905680535 ], [ 75.811387025690749, 26.793555905680535 ], [ 75.811656520132374, 26.793825401021479 ], [ 75.811926014573942, 26.793825401021479 ], [ 75.812465003457191, 26.794364389904729 ], [ 75.81596843299684, 26.794364389904729 ] ] ] } },
{ "type": "Feature", "properties": { "OBJECTID": 1192.0, "LAYER": "Stream", "STREAM_ID": 7439, "IN_FLOW": 2028.0, "OUT_FLOW": 2339.0, "DRAIN_AREA": "1.877 sq km", "STRAHLER": 2, "Shape_Leng": 0.00529741603037 }, "geometry": { "type": "MultiLineString", "coordinates": [ [ [ 75.799529263964416, 26.797059335220183 ], [ 75.799798758406041, 26.797328830561128 ], [ 75.800337747289291, 26.797328830561128 ], [ 75.801146231513428, 26.797328830561128 ], [ 75.801415725955053, 26.797328830561128 ], [ 75.801685220396678, 26.797328830561128 ], [ 75.801954714838303, 26.797598325002753 ], [ 75.803841176828882, 26.797598325002753 ], [ 75.804380166611452, 26.798137313886002 ] ] ] } },
{ "type": "Feature", "properties": { "OBJECTID": 1193.0, "LAYER": "Stream", "STREAM_ID": 7440, "IN_FLOW": 361.0, "OUT_FLOW": 379.0, "DRAIN_AREA": "0.3041 sq km", "STRAHLER": 1, "Shape_Leng": 0.00141286379644 }, "geometry": { "type": "MultiLineString", "coordinates": [ [ [ 75.871753812088798, 26.797059335220183 ], [ 75.872562296312992, 26.797867819444377 ], [ 75.872831790754617, 26.797867819444377 ] ] ] } },
{ "type": "Feature", "properties": { "OBJECTID": 1194.0, "LAYER": "Stream", "STREAM_ID": 7441, "IN_FLOW": 1784.0, "OUT_FLOW": 1976.0, "DRAIN_AREA": "1.586 sq km", "STRAHLER": 2, "Shape_Leng": 0.0064111915191199997 }, "geometry": { "type": "MultiLineString", "coordinates": [ [ [ 75.872831790754617, 26.797867819444377 ], [ 75.873640274978754, 26.797059335220183 ], [ 75.873909769420379, 26.796789840778558 ], [ 75.877365187753242, 26.793334422445696 ] ] ] } },
{ "type": "Feature", "properties": { "OBJECTID": 1195.0, "LAYER": "Stream", "STREAM_ID": 7444, "IN_FLOW": 8356.0, "OUT_FLOW": 8472.0, "DRAIN_AREA": "6.799 sq km", "STRAHLER": 3, "Shape_Leng": 0.0023329753739799999 }, "geometry": { "type": "MultiLineString", "coordinates": [ [ [ 75.762339011236463, 26.797598325002753 ], [ 75.761800021453894, 26.797059335220183 ], [ 75.761530527012269, 26.797059335220183 ], [ 75.760991538129019, 26.79652034633699 ], [ 75.760991538129019, 26.795981357453741 ] ] ] } },
{ "type": "Feature", "properties": { "OBJECTID": 1196.0, "LAYER": "Stream", "STREAM_ID": 7449, "IN_FLOW": 1409.0, "OUT_FLOW": 1526.0, "DRAIN_AREA": "1.225 sq km", "STRAHLER": 2, "Shape_Leng": 0.00525117772162 }, "geometry": { "type": "MultiLineString", "coordinates": [ [ [ 75.794947855759006, 26.795442368570491 ], [ 75.795756339083823, 26.796250851895365 ], [ 75.796025834424768, 26.796250851895365 ], [ 75.796295328866393, 26.79652034633699 ], [ 75.796834317749642, 26.797059335220183 ], [ 75.79710381219121, 26.797059335220183 ], [ 75.799529263964416, 26.797059335220183 ] ] ] } },
{ "type": "Feature", "properties": { "OBJECTID": 1197.0, "LAYER": "Stream", "STREAM_ID": 7450, "IN_FLOW": 885.0, "OUT_FLOW": 1140.0, "DRAIN_AREA": "0.915 sq km", "STRAHLER": 2, "Shape_Leng": 0.0055206718997999997 }, "geometry": { "type": "MultiLineString", "coordinates": [ [ [ 75.815159949672022, 26.797059335220183 ], [ 75.815159949672022, 26.796250851895365 ], [ 75.81542944411359, 26.795981357453741 ], [ 75.815698938555215, 26.795711863012116 ], [ 75.818124390328421, 26.795711863012116 ], [ 75.819202368094864, 26.794633884346354 ] ] ] } },
{ "type": "Feature", "properties": { "OBJECTID": 1198.0, "LAYER": "Stream", "STREAM_ID": 7451, "IN_FLOW": 23291.0, "OUT_FLOW": 23577.0, "DRAIN_AREA": "18.92 sq km", "STRAHLER": 4, "Shape_Leng": 0.0011981141531 }, "geometry": { "type": "MultiLineString", "coordinates": [ [ [ 75.845882332203928, 26.797059335220183 ], [ 75.846729526846218, 26.796212140577893 ] ] ] } },
{ "type": "Feature", "properties": { "OBJECTID": 1199.0, "LAYER": "Stream", "STREAM_ID": 7452, "IN_FLOW": 1534.0, "OUT_FLOW": 1714.0, "DRAIN_AREA": "1.375 sq km", "STRAHLER": 2, "Shape_Leng": 0.00482381682763 }, "geometry": { "type": "MultiLineString", "coordinates": [ [ [ 75.782281609808479, 26.79652034633699 ], [ 75.782012115366911, 26.796789840778558 ], [ 75.780125653376274, 26.796789840778558 ], [ 75.779047675609775, 26.795711863012116 ], [ 75.778778180268887, 26.795711863012116 ], [ 75.778239191385637, 26.795172873229546 ] ] ] } },
{ "type": "Feature", "properties": { "OBJECTID": 1200.0, "LAYER": "Stream", "STREAM_ID": 7453, "IN_FLOW": 208.0, "OUT_FLOW": 496.0, "DRAIN_AREA": "0.398 sq km", "STRAHLER": 1, "Shape_Leng": 0.0087466743037899995 }, "geometry": { "type": "MultiLineString", "coordinates": [ [ [ 75.793600382651618, 26.79139994924833 ], [ 75.794139371534811, 26.79139994924833 ], [ 75.794678361317381, 26.79139994924833 ], [ 75.798720779740222, 26.795442368570491 ], [ 75.798720779740222, 26.795711863012116 ], [ 75.798990274181847, 26.795981357453741 ], [ 75.798990274181847, 26.79652034633699 ], [ 75.799529263964416, 26.797059335220183 ] ] ] } },
{ "type": "Feature", "properties": { "OBJECTID": 1201.0, "LAYER": "Stream", "STREAM_ID": 7457, "IN_FLOW": 204.0, "OUT_FLOW": 278.0, "DRAIN_AREA": "0.2231 sq km", "STRAHLER": 1, "Shape_Leng": 0.0050279209528799997 }, "geometry": { "type": "MultiLineString", "coordinates": [ [ [ 75.770423848082203, 26.79652034633699 ], [ 75.770154353640578, 26.796250851895365 ], [ 75.769884859198953, 26.795981357453741 ], [ 75.769884859198953, 26.795711863012116 ], [ 75.769615364757328, 26.795442368570491 ], [ 75.769615364757328, 26.793286411238967 ], [ 75.769615364757328, 26.792208433472467 ], [ 75.769345870315703, 26.791938938131523 ] ] ] } },
{ "type": "Feature", "properties": { "OBJECTID": 1202.0, "LAYER": "Stream", "STREAM_ID": 7460, "IN_FLOW": 350.0, "OUT_FLOW": 378.0, "DRAIN_AREA": "0.3033 sq km", "STRAHLER": 1, "Shape_Leng": 0.0015244914132399999 }, "geometry": { "type": "MultiLineString", "coordinates": [ [ [ 75.783359588474298, 26.795442368570491 ], [ 75.782281609808479, 26.79652034633699 ] ] ] } },
{ "type": "Feature", "properties": { "OBJECTID": 1203.0, "LAYER": "Stream", "STREAM_ID": 7461, "IN_FLOW": 225.0, "OUT_FLOW": 282.0, "DRAIN_AREA": "0.2263 sq km", "STRAHLER": 1, "Shape_Leng": 0.0020981761759299999 }, "geometry": { "type": "MultiLineString", "coordinates": [ [ [ 75.82917366783056, 26.796250851895365 ], [ 75.829443162272185, 26.795981357453741 ], [ 75.829712657613129, 26.795981357453741 ], [ 75.829982152054754, 26.795981357453741 ], [ 75.830521140937947, 26.795442368570491 ], [ 75.83081516888501, 26.795148340623484 ] ] ] } },
{ "type": "Feature", "properties": { "OBJECTID": 1204.0, "LAYER": "Stream", "STREAM_ID": 7467, "IN_FLOW": 13768.0, "OUT_FLOW": 15016.0, "DRAIN_AREA": "12.05 sq km", "STRAHLER": 4, "Shape_Leng": 0.0097738941665799998 }, "geometry": { "type": "MultiLineString", "coordinates": [ [ [ 75.760991538129019, 26.795981357453741 ], [ 75.761261032570644, 26.795711863012116 ], [ 75.761261032570644, 26.795442368570491 ], [ 75.760991538129019, 26.795172873229546 ], [ 75.760452549245827, 26.795172873229546 ], [ 75.759913559463257, 26.795172873229546 ], [ 75.759105076138383, 26.794364389904729 ], [ 75.756679624365233, 26.794364389904729 ], [ 75.756410129923609, 26.794094895463104 ], [ 75.756140635481984, 26.794364389904729 ], [ 75.755332151257846, 26.794364389904729 ], [ 75.754254173491347, 26.793286411238967 ], [ 75.754254173491347, 26.793016916797342 ], [ 75.753984679049779, 26.792747422355717 ], [ 75.753984679049779, 26.792397905339101 ] ] ] } },
{ "type": "Feature", "properties": { "OBJECTID": 1205.0, "LAYER": "Stream", "STREAM_ID": 7468, "IN_FLOW": 209.0, "OUT_FLOW": 350.0, "DRAIN_AREA": "0.2809 sq km", "STRAHLER": 1, "Shape_Leng": 0.0053819582002499998 }, "geometry": { "type": "MultiLineString", "coordinates": [ [ [ 75.791444426219357, 26.795981357453741 ], [ 75.792252909544175, 26.795172873229546 ], [ 75.791983415102607, 26.794903378787978 ], [ 75.792522404885119, 26.794364389904729 ], [ 75.793330888209994, 26.794364389904729 ], [ 75.793600382651618, 26.794094895463104 ], [ 75.794947855759006, 26.795442368570491 ] ] ] } },
{ "type": "Feature", "properties": { "OBJECTID": 1206.0, "LAYER": "Stream", "STREAM_ID": 7482, "IN_FLOW": 4087.0, "OUT_FLOW": 4347.0, "DRAIN_AREA": "3.488 sq km", "STRAHLER": 3, "Shape_Leng": 0.0090432535563099992 }, "geometry": { "type": "MultiLineString", "coordinates": [ [ [ 75.778239191385637, 26.795172873229546 ], [ 75.777700202502388, 26.794633884346354 ], [ 75.777700202502388, 26.794364389904729 ], [ 75.777430708060763, 26.794094895463104 ], [ 75.777430708060763, 26.793825401021479 ], [ 75.776622223836625, 26.793016916797342 ], [ 75.776083234953376, 26.793016916797342 ], [ 75.775544245170806, 26.793016916797342 ], [ 75.775274750729238, 26.793286411238967 ], [ 75.775005256287614, 26.793286411238967 ], [ 75.774735761845989, 26.793555905680535 ], [ 75.773657783180226, 26.793555905680535 ], [ 75.773118794296977, 26.793016916797342 ], [ 75.773118794296977, 26.791938938131523 ], [ 75.772849299855352, 26.791669443689898 ], [ 75.772849299855352, 26.79086096036508 ] ] ] } },
{ "type": "Feature", "properties": { "OBJECTID": 1207.0, "LAYER": "Stream", "STREAM_ID": 7483, "IN_FLOW": 184198.0, "OUT_FLOW": 184316.0, "DRAIN_AREA": "147.91 sq km", "STRAHLER": 5, "Shape_Leng": 0.00466595063881 }, "geometry": { "type": "MultiLineString", "coordinates": [ [ [ 75.819202368094864, 26.794633884346354 ], [ 75.819471862536489, 26.794364389904729 ], [ 75.820010852319058, 26.794364389904729 ], [ 75.820549841202251, 26.793825401021479 ], [ 75.821358325426445, 26.794633884346354 ], [ 75.82162781986807, 26.794633884346354 ], [ 75.822166808751263, 26.794633884346354 ], [ 75.822705797634512, 26.795172873229546 ], [ 75.822975292975457, 26.795172873229546 ] ] ] } },
{ "type": "Feature", "properties": { "OBJECTID": 1208.0, "LAYER": "Stream", "STREAM_ID": 7484, "IN_FLOW": 185246.0, "OUT_FLOW": 185313.0, "DRAIN_AREA": "148.71 sq km", "STRAHLER": 5, "Shape_Leng": 0.0034109525043699998 }, "geometry": { "type": "MultiLineString", "coordinates": [ [ [ 75.822975292975457, 26.795172873229546 ], [ 75.823244787417082, 26.794903378787978 ], [ 75.82351428185865, 26.794903378787978 ], [ 75.823783776300274, 26.795172873229546 ], [ 75.824053270741899, 26.795172873229546 ], [ 75.824592260524469, 26.794633884346354 ], [ 75.825939732732536, 26.794633884346354 ] ] ] } },
{ "type": "Feature", "properties": { "OBJECTID": 1209.0, "LAYER": "Stream", "STREAM_ID": 7488, "IN_FLOW": 5684.0, "OUT_FLOW": 5704.0, "DRAIN_AREA": "4.577 sq km", "STRAHLER": 3, "Shape_Leng": 0.0015341984445200001 }, "geometry": { "type": "MultiLineString", "coordinates": [ [ [ 75.877413198960028, 26.794903378787978 ], [ 75.877413198960028, 26.794364389904729 ], [ 75.877413198960028, 26.793369180343461 ] ] ] } },
{ "type": "Feature", "properties": { "OBJECTID": 1210.0, "LAYER": "Stream", "STREAM_ID": 7490, "IN_FLOW": 182917.0, "OUT_FLOW": 183053.0, "DRAIN_AREA": "146.9 sq km", "STRAHLER": 5, "Shape_Leng": 0.0033455633507299999 }, "geometry": { "type": "MultiLineString", "coordinates": [ [ [ 75.81596843299684, 26.794364389904729 ], [ 75.816237928337785, 26.794364389904729 ], [ 75.817046411662602, 26.794364389904729 ], [ 75.817315906104227, 26.794633884346354 ], [ 75.819202368094864, 26.794633884346354 ] ] ] } },
{ "type": "Feature", "properties": { "OBJECTID": 1211.0, "LAYER": "Stream", "STREAM_ID": 7491, "IN_FLOW": 188515.0, "OUT_FLOW": 188549.0, "DRAIN_AREA": "151.31 sq km", "STRAHLER": 5, "Shape_Leng": 0.00103903131943 }, "geometry": { "type": "MultiLineString", "coordinates": [ [ [ 75.825939732732536, 26.794633884346354 ], [ 75.826674439274029, 26.79389917870418 ] ] ] } },
{ "type": "Feature", "properties": { "OBJECTID": 1212.0, "LAYER": "Stream", "STREAM_ID": 7495, "IN_FLOW": 258.0, "OUT_FLOW": 438.0, "DRAIN_AREA": "0.3515 sq km", "STRAHLER": 1, "Shape_Leng": 0.0033184766320600001 }, "geometry": { "type": "MultiLineString", "coordinates": [ [ [ 75.815698938555215, 26.792208433472467 ], [ 75.814620960788773, 26.793286411238967 ], [ 75.814890455230397, 26.793555905680535 ], [ 75.815159949672022, 26.793555905680535 ], [ 75.81596843299684, 26.794364389904729 ] ] ] } },
{ "type": "Feature", "properties": { "OBJECTID": 1213.0, "LAYER": "Stream", "STREAM_ID": 7498, "IN_FLOW": 214459.0, "OUT_FLOW": 214871.0, "DRAIN_AREA": "172.43 sq km", "STRAHLER": 5, "Shape_Leng": 0.00051353831683700001 }, "geometry": { "type": "MultiLineString", "coordinates": [ [ [ 75.85064531982573, 26.792296348497757 ], [ 75.850733234850964, 26.792208433472467 ], [ 75.850733234850964, 26.791819225776692 ] ] ] } },
{ "type": "Feature", "properties": { "OBJECTID": 1214.0, "LAYER": "Stream", "STREAM_ID": 7501, "IN_FLOW": 204.0, "OUT_FLOW": 361.0, "DRAIN_AREA": "0.2897 sq km", "STRAHLER": 1, "Shape_Leng": 0.0041269614921099996 }, "geometry": { "type": "MultiLineString", "coordinates": [ [ [ 75.865555437233695, 26.793555905680535 ], [ 75.866094426116945, 26.793016916797342 ], [ 75.86636392055857, 26.793016916797342 ], [ 75.867172404782707, 26.792208433472467 ], [ 75.867172404782707, 26.791938938131523 ], [ 75.867172404782707, 26.79139994924833 ], [ 75.86636392055857, 26.790591465923455 ] ] ] } },
{ "type": "Feature", "properties": { "OBJECTID": 1215.0, "LAYER": "Stream", "STREAM_ID": 7506, "IN_FLOW": 200.0, "OUT_FLOW": 273.0, "DRAIN_AREA": "0.2191 sq km", "STRAHLER": 1, "Shape_Leng": 0.0041269605928899999 }, "geometry": { "type": "MultiLineString", "coordinates": [ [ [ 75.863668975243058, 26.793286411238967 ], [ 75.864207964126308, 26.792747422355717 ], [ 75.864746953009558, 26.792747422355717 ], [ 75.865016447451126, 26.792477927914092 ], [ 75.865016447451126, 26.792208433472467 ], [ 75.86636392055857, 26.79086096036508 ], [ 75.86636392055857, 26.790591465923455 ] ] ] } },
{ "type": "Feature", "properties": { "OBJECTID": 1216.0, "LAYER": "Stream", "STREAM_ID": 7515, "IN_FLOW": 213.0, "OUT_FLOW": 465.0, "DRAIN_AREA": "0.3732 sq km", "STRAHLER": 1, "Shape_Leng": 0.0076686962739599997 }, "geometry": { "type": "MultiLineString", "coordinates": [ [ [ 75.802224209279871, 26.792747422355717 ], [ 75.804649661053077, 26.790321970582511 ], [ 75.804919155494701, 26.790321970582511 ], [ 75.805188649936326, 26.790052476140886 ], [ 75.805458144377894, 26.790052476140886 ], [ 75.805727638819519, 26.789782981699318 ], [ 75.805997133261144, 26.789782981699318 ], [ 75.806266628602089, 26.789513487257693 ], [ 75.8078835961511, 26.787896519708681 ] ] ] } },
{ "type": "Feature", "properties": { "OBJECTID": 1217.0, "LAYER": "Stream", "STREAM_ID": 7516, "IN_FLOW": 8829.0, "OUT_FLOW": 9292.0, "DRAIN_AREA": "7.457 sq km", "STRAHLER": 3, "Shape_Leng": 0.0032461557226600001 }, "geometry": { "type": "MultiLineString", "coordinates": [ [ [ 75.855853631939624, 26.792747422355717 ], [ 75.856392620822874, 26.792208433472467 ], [ 75.856662116163761, 26.792208433472467 ], [ 75.856931610605386, 26.791938938131523 ], [ 75.856931610605386, 26.791669443689898 ], [ 75.856662116163761, 26.79139994924833 ], [ 75.856662116163761, 26.790591465923455 ], [ 75.85639752302734, 26.790326872786977 ] ] ] } },
{ "type": "Feature", "properties": { "OBJECTID": 1218.0, "LAYER": "Stream", "STREAM_ID": 7524, "IN_FLOW": 218.0, "OUT_FLOW": 639.0, "DRAIN_AREA": "0.513 sq km", "STRAHLER": 1, "Shape_Leng": 0.000180978669221 }, "geometry": { "type": "MultiLineString", "coordinates": [ [ [ 75.871753812088798, 26.792208433472467 ], [ 75.871753812088798, 26.792027454803247 ] ] ] } },
{ "type": "Feature", "properties": { "OBJECTID": 1219.0, "LAYER": "Stream", "STREAM_ID": 7526, "IN_FLOW": 995.0, "OUT_FLOW": 1331.0, "DRAIN_AREA": "1.068 sq km", "STRAHLER": 2, "Shape_Leng": 0.0052049389952099996 }, "geometry": { "type": "MultiLineString", "coordinates": [ [ [ 75.769345870315703, 26.791938938131523 ], [ 75.770154353640578, 26.791130454806705 ], [ 75.769615364757328, 26.790591465923455 ], [ 75.769076375874079, 26.790591465923455 ], [ 75.768806880533191, 26.790321970582511 ], [ 75.768806880533191, 26.788705003932819 ], [ 75.768537386091566, 26.788435508591874 ], [ 75.768806880533191, 26.788166014150306 ] ] ] } },
{ "type": "Feature", "properties": { "OBJECTID": 1220.0, "LAYER": "Stream", "STREAM_ID": 7534, "IN_FLOW": 4637.0, "OUT_FLOW": 4902.0, "DRAIN_AREA": "3.934 sq km", "STRAHLER": 3, "Shape_Leng": 0.0060134241186500003 }, "geometry": { "type": "MultiLineString", "coordinates": [ [ [ 75.772849299855352, 26.79086096036508 ], [ 75.772040815631215, 26.790052476140886 ], [ 75.772040815631215, 26.788974498374444 ], [ 75.770962837864715, 26.787896519708681 ], [ 75.769615364757328, 26.787896519708681 ], [ 75.769345870315703, 26.788166014150306 ], [ 75.768806880533191, 26.788166014150306 ] ] ] } },
{ "type": "Feature", "properties": { "OBJECTID": 1221.0, "LAYER": "Stream", "STREAM_ID": 7537, "IN_FLOW": 200.0, "OUT_FLOW": 261.0, "DRAIN_AREA": "0.2094 sq km", "STRAHLER": 1, "Shape_Leng": 0.0022867374377299999 }, "geometry": { "type": "MultiLineString", "coordinates": [ [ [ 75.774466267404364, 26.789782981699318 ], [ 75.774196772962739, 26.789513487257693 ], [ 75.772849299855352, 26.79086096036508 ] ] ] } },
{ "type": "Feature", "properties": { "OBJECTID": 1222.0, "LAYER": "Stream", "STREAM_ID": 7538, "IN_FLOW": 640.0, "OUT_FLOW": 924.0, "DRAIN_AREA": "0.741 sq km", "STRAHLER": 2, "Shape_Leng": 0.0026100502062399999 }, "geometry": { "type": "MultiLineString", "coordinates": [ [ [ 75.86636392055857, 26.790591465923455 ], [ 75.86582493167532, 26.790052476140886 ], [ 75.864746953009558, 26.790052476140886 ], [ 75.864202604166906, 26.789508127298291 ] ] ] } },
{ "type": "Feature", "properties": { "OBJECTID": 1223.0, "LAYER": "Stream", "STREAM_ID": 7544, "IN_FLOW": 201.0, "OUT_FLOW": 616.0, "DRAIN_AREA": "0.4943 sq km", "STRAHLER": 1, "Shape_Leng": 0.00264921244217 }, "geometry": { "type": "MultiLineString", "coordinates": [ [ [ 75.763147494561281, 26.790052476140886 ], [ 75.762878000119656, 26.790052476140886 ], [ 75.762608505678031, 26.789782981699318 ], [ 75.761195284934502, 26.788369761855051 ] ] ] } },
{ "type": "Feature", "properties": { "OBJECTID": 1224.0, "LAYER": "Stream", "STREAM_ID": 7577, "IN_FLOW": 6239.0, "OUT_FLOW": 6621.0, "DRAIN_AREA": "5.313 sq km", "STRAHLER": 3, "Shape_Leng": 0.00211281478347 }, "geometry": { "type": "MultiLineString", "coordinates": [ [ [ 75.768806880533191, 26.788166014150306 ], [ 75.768537386091566, 26.787896519708681 ], [ 75.768267891649941, 26.787896519708681 ], [ 75.767233961777947, 26.786862589836687 ] ] ] } },
{ "type": "Feature", "properties": { "OBJECTID": 1225.0, "LAYER": "Stream", "STREAM_ID": 7578, "IN_FLOW": 1297.0, "OUT_FLOW": 1383.0, "DRAIN_AREA": "1.11 sq km", "STRAHLER": 2, "Shape_Leng": 0.0029835927732899999 }, "geometry": { "type": "MultiLineString", "coordinates": [ [ [ 75.8078835961511, 26.787896519708681 ], [ 75.808153090592725, 26.788166014150306 ], [ 75.808692079475918, 26.788166014150306 ], [ 75.809500563700112, 26.787357530825432 ], [ 75.809500563700112, 26.786818541042862 ], [ 75.809770058141737, 26.786549046601294 ] ] ] } },
{ "type": "Feature", "properties": { "OBJECTID": 1226.0, "LAYER": "Stream", "STREAM_ID": 7584, "IN_FLOW": 311.0, "OUT_FLOW": 814.0, "DRAIN_AREA": "0.653 sq km", "STRAHLER": 1, "Shape_Leng": 0.0083988423260400007 }, "geometry": { "type": "MultiLineString", "coordinates": [ [ [ 75.799798758406041, 26.786818541042862 ], [ 75.800656183735953, 26.78596111661227 ] ], [ [ 75.801191890993039, 26.78574056327642 ], [ 75.801685220396678, 26.78574056327642 ], [ 75.802090295730636, 26.785335487942461 ] ], [ [ 75.803003522194842, 26.78490290864238 ], [ 75.804919155494701, 26.786818541042862 ], [ 75.805458144377894, 26.786818541042862 ], [ 75.806536123043713, 26.787896519708681 ], [ 75.8078835961511, 26.787896519708681 ] ] ] } },
{ "type": "Feature", "properties": { "OBJECTID": 1227.0, "LAYER": "Stream", "STREAM_ID": 7611, "IN_FLOW": 204.0, "OUT_FLOW": 212.0, "DRAIN_AREA": "0.1701 sq km", "STRAHLER": 1, "Shape_Leng": 0.0010317404662 }, "geometry": { "type": "MultiLineString", "coordinates": [ [ [ 75.808961573917543, 26.786010057718045 ], [ 75.809500563700112, 26.786549046601294 ], [ 75.809770058141737, 26.786549046601294 ] ] ] } },
{ "type": "Feature", "properties": { "OBJECTID": 1228.0, "LAYER": "Stream", "STREAM_ID": 7612, "IN_FLOW": 1600.0, "OUT_FLOW": 1923.0, "DRAIN_AREA": "1.543 sq km", "STRAHLER": 2, "Shape_Leng": 0.0086158932983800007 }, "geometry": { "type": "MultiLineString", "coordinates": [ [ [ 75.809770058141737, 26.786549046601294 ], [ 75.810039552583362, 26.786279552159669 ], [ 75.81030904702493, 26.786010057718045 ], [ 75.81030904702493, 26.78520157349385 ], [ 75.81084803590818, 26.784662584610658 ], [ 75.81084803590818, 26.784393090169033 ], [ 75.811656520132374, 26.783584605944839 ], [ 75.813812476564578, 26.783584605944839 ], [ 75.815159949672022, 26.784932079052282 ], [ 75.81596843299684, 26.784932079052282 ] ] ] } },
{ "type": "Feature", "properties": { "OBJECTID": 1229.0, "LAYER": "Stream", "STREAM_ID": 7613, "IN_FLOW": 2142.0, "OUT_FLOW": 2904.0, "DRAIN_AREA": "2.33 sq km", "STRAHLER": 2, "Shape_Leng": 0.016315594227600001 }, "geometry": { "type": "MultiLineString", "coordinates": [ [ [ 75.81596843299684, 26.784932079052282 ], [ 75.816507422779409, 26.784932079052282 ], [ 75.818124390328421, 26.786549046601294 ], [ 75.818393884770046, 26.786549046601294 ], [ 75.818663379211614, 26.786549046601294 ], [ 75.8210888300855, 26.784123595727408 ], [ 75.82162781986807, 26.783584605944839 ], [ 75.821897314309638, 26.783584605944839 ], [ 75.822975292975457, 26.782506628178396 ], [ 75.823244787417082, 26.782506628178396 ], [ 75.824861754966093, 26.780889660629384 ], [ 75.825131249407718, 26.780889660629384 ], [ 75.825670238290911, 26.780350671746135 ], [ 75.826478722515105, 26.780350671746135 ], [ 75.82674821695673, 26.780620166187759 ], [ 75.827556700281548, 26.780620166187759 ], [ 75.827826194723173, 26.780350671746135 ], [ 75.828095690064117, 26.780350671746135 ], [ 75.828610364876511, 26.780865346558528 ] ] ] } },
{ "type": "Feature", "properties": { "OBJECTID": 1230.0, "LAYER": "Stream", "STREAM_ID": 7628, "IN_FLOW": 204.0, "OUT_FLOW": 216.0, "DRAIN_AREA": "0.1733 sq km", "STRAHLER": 1, "Shape_Leng": 0.0011433687188199999 }, "geometry": { "type": "MultiLineString", "coordinates": [ [ [ 75.815159949672022, 26.78574056327642 ], [ 75.81596843299684, 26.784932079052282 ] ] ] } },
{ "type": "Feature", "properties": { "OBJECTID": 1231.0, "LAYER": "Stream", "STREAM_ID": 7680, "IN_FLOW": 251.0, "OUT_FLOW": 1337.0, "DRAIN_AREA": "1.073 sq km", "STRAHLER": 1, "Shape_Leng": 0.016260468483200001 }, "geometry": { "type": "MultiLineString", "coordinates": [ [ [ 75.817046411662602, 26.781698143954259 ], [ 75.817585400545852, 26.782237133736771 ], [ 75.819471862536489, 26.782237133736771 ], [ 75.819741357877433, 26.782237133736771 ], [ 75.820280346760626, 26.782776122620021 ], [ 75.820549841202251, 26.782776122620021 ], [ 75.820819335643876, 26.783045617061646 ], [ 75.8210888300855, 26.783045617061646 ], [ 75.821358325426445, 26.782776122620021 ], [ 75.821897314309638, 26.782776122620021 ], [ 75.827287205839923, 26.777386231089736 ], [ 75.827556700281548, 26.777655725531361 ], [ 75.82863467894731, 26.777655725531361 ], [ 75.829443162272185, 26.776847241307166 ], [ 75.829958030438831, 26.776847241307166 ] ] ] } },
{ "type": "Feature", "properties": { "OBJECTID": 1232.0, "LAYER": "Stream", "STREAM_ID": 7781, "IN_FLOW": 201.0, "OUT_FLOW": 496.0, "DRAIN_AREA": "0.398 sq km", "STRAHLER": 1, "Shape_Leng": 0.0024254570603 }, "geometry": { "type": "MultiLineString", "coordinates": [ [ [ 75.822436303192887, 26.77819471441461 ], [ 75.823783776300274, 26.776847241307166 ], [ 75.823783776300274, 26.776327398990304 ] ] ] } }
]
}
